"NWIS_SiteID","Station_Name","CollectionDate_.mmddyyyy.","CollectionTime_.hhmmss.","ClearLakeArm","Field_ID","Latitude","Longitude","EXO2_Field_Temp_.deg_C.","EXO2_Field_SpC_.microsiemens_per_cm_at_25_deg_C.","EXO2_Field_Air.Pressure_.mmHg.","EXO2_Field_DO_.mg.L.","EXO2_Field_DO_QA","EXO2_Field_DO_per_Sat","EXO2_Field_DO_Saturation_QA","EXO2_Field_pH_.std_units.","EXO2_Field_Turb_.FNU.","EXO2_Field_Chla_.RFU.","EXO2_Field_fDOM_.QSE.","EXO2_Field_WaterDepth_.m.","Associated_Water.quality_Sample"
3.9e+14,"CLEAR LK A MOORING OA-04 NR CLEARLAKE OAKS CA",2020-06-04,16:00:44,"OAKS","OA-04",39.012694,-122.698986,25.978,299.9,719.6,13.99,FALSE,172.5,FALSE,8.85,9.85,0.635,11.58,0.15,FALSE
3.9e+14,"CLEAR LK A MOORING OA-04 NR CLEARLAKE OAKS CA",2020-06-04,16:16:11,"OAKS","OA-04",39.012694,-122.698986,25.881,300.6,719.6,13.87,FALSE,170.7,FALSE,8.84,11.49,0.606,12.31,0.52,FALSE
3.9e+14,"CLEAR LK A MOORING OA-04 NR CLEARLAKE OAKS CA",2020-06-04,16:17:39,"OAKS","OA-04",39.012694,-122.698986,24.738,302.8,719.6,12.69,FALSE,152.9,FALSE,8.71,3.61,0.763,12.81,1.05,FALSE
3.9e+14,"CLEAR LK A MOORING OA-04 NR CLEARLAKE OAKS CA",2020-06-04,16:18:37,"OAKS","OA-04",39.012694,-122.698986,23.457,304.7,719.6,10.74,FALSE,126.4,FALSE,8.47,1.42,0.695,13.27,1.51,FALSE
3.9e+14,"CLEAR LK A MOORING OA-04 NR CLEARLAKE OAKS CA",2020-06-04,16:20:39,"OAKS","OA-04",39.012694,-122.698986,23.173,305,719.6,10.1,FALSE,118.2,FALSE,8.42,1.05,0.608,13.55,2.04,FALSE
3.9e+14,"CLEAR LK A MOORING OA-04 NR CLEARLAKE OAKS CA",2020-06-04,16:21:49,"OAKS","OA-04",39.012694,-122.698986,23.119,304.9,719.5,10.04,FALSE,117.3,FALSE,8.43,1.23,0.578,13.58,2.5,FALSE
3.9e+14,"CLEAR LK A MOORING OA-04 NR CLEARLAKE OAKS CA",2020-06-04,16:22:44,"OAKS","OA-04",39.012694,-122.698986,22.993,305.1,719.6,9.81,FALSE,114.4,FALSE,8.4,1.77,0.66,13.56,3.04,FALSE
3.9e+14,"CLEAR LK A MOORING OA-04 NR CLEARLAKE OAKS CA",2020-06-04,16:24:27,"OAKS","OA-04",39.012694,-122.698986,22.971,305.4,719.5,9.59,FALSE,111.8,FALSE,8.38,0.83,0.716,13.55,3.51,TRUE
3.9e+14,"CLEAR LK A MOORING OA-04 NR CLEARLAKE OAKS CA",2020-06-04,16:25:24,"OAKS","OA-04",39.012694,-122.698986,22.869,305.5,719.5,9.42,FALSE,109.7,FALSE,8.37,1.51,0.518,13.65,4.05,FALSE
3.9e+14,"CLEAR LK A MOORING OA-04 NR CLEARLAKE OAKS CA",2020-06-04,16:27:40,"OAKS","OA-04",39.012694,-122.698986,22.696,305.6,719.5,9.34,FALSE,108.3,FALSE,8.34,0.65,0.503,13.52,4.56,FALSE
3.9e+14,"CLEAR LK A MOORING OA-04 NR CLEARLAKE OAKS CA",2020-06-04,16:29:03,"OAKS","OA-04",39.012694,-122.698986,22.517,305.7,719.5,9.2,FALSE,106.3,FALSE,8.33,0.64,0.43,13.71,5.03,FALSE
3.9e+14,"CLEAR LK A MOORING OA-04 NR CLEARLAKE OAKS CA",2020-06-04,16:30:03,"OAKS","OA-04",39.012694,-122.698986,22.468,305.7,719.4,9.18,FALSE,106.1,FALSE,8.33,0.57,0.491,13.72,5.51,FALSE
3.9e+14,"CLEAR LK A MOORING OA-04 NR CLEARLAKE OAKS CA",2020-06-04,16:31:15,"OAKS","OA-04",39.012694,-122.698986,22.345,305.8,719.4,9.09,FALSE,104.8,FALSE,8.33,0.48,0.585,13.81,6.02,FALSE
3.9e+14,"CLEAR LK A MOORING OA-04 NR CLEARLAKE OAKS CA",2020-06-04,16:34:44,"OAKS","OA-04",39.012694,-122.698986,22.296,305.7,719.5,9.04,FALSE,104.1,FALSE,8.34,0.41,0.672,13.85,6.52,FALSE
3.9e+14,"CLEAR LK A MOORING OA-04 NR CLEARLAKE OAKS CA",2020-06-04,16:35:50,"OAKS","OA-04",39.012694,-122.698986,22.236,305.9,719.3,8.89,FALSE,102.2,FALSE,8.32,0.4,0.544,13.88,7.05,FALSE
3.9e+14,"CLEAR LK A MOORING OA-04 NR CLEARLAKE OAKS CA",2020-06-04,16:38:46,"OAKS","OA-04",39.012694,-122.698986,22.102,306.3,719.6,8.5,FALSE,97.5,FALSE,8.26,0.39,0.367,13.87,7.54,FALSE
3.9e+14,"CLEAR LK A MOORING OA-04 NR CLEARLAKE OAKS CA",2020-06-04,16:39:46,"OAKS","OA-04",39.012694,-122.698986,21.905,306.7,719.3,8.17,FALSE,93.3,FALSE,8.2,0.43,0.249,14.11,8.06,FALSE
3.9e+14,"CLEAR LK A MOORING OA-04 NR CLEARLAKE OAKS CA",2020-06-04,16:41:09,"OAKS","OA-04",39.012694,-122.698986,21.553,307,719.3,7.76,FALSE,88,FALSE,8.1,0.43,0.253,14.02,8.53,FALSE
3.9e+14,"CLEAR LK A MOORING OA-04 NR CLEARLAKE OAKS CA",2020-06-04,16:42:00,"OAKS","OA-04",39.012694,-122.698986,20.822,309.2,719.4,5.81,FALSE,65,FALSE,7.69,0.5,0.301,14.95,9.03,FALSE
3.9e+14,"CLEAR LK A MOORING OA-04 NR CLEARLAKE OAKS CA",2020-06-04,16:42:42,"OAKS","OA-04",39.012694,-122.698986,20.26,311.3,719.4,4.31,FALSE,47.7,FALSE,7.47,0.51,0.258,16.01,9.51,FALSE
3.9e+14,"CLEAR LK A MOORING OA-04 NR CLEARLAKE OAKS CA",2020-06-04,16:43:48,"OAKS","OA-04",39.012694,-122.698986,19.95,311.9,719.4,3.44,FALSE,37.8,FALSE,7.37,0.46,0.373,16.42,10.09,FALSE
3.9e+14,"CLEAR LK A MOORING OA-04 NR CLEARLAKE OAKS CA",2020-06-04,16:45:04,"OAKS","OA-04",39.012694,-122.698986,19.78,312.5,719.4,2.92,FALSE,32.1,FALSE,7.32,0.5,0.159,16.83,10.55,FALSE
3.9e+14,"CLEAR LK A MOORING OA-04 NR CLEARLAKE OAKS CA",2020-06-04,16:46:55,"OAKS","OA-04",39.012694,-122.698986,19.377,315.2,719.4,1.47,FALSE,16,FALSE,7.18,0.61,0.157,17.75,11.07,TRUE
3.9e+14,"CLEAR LK A MOORING OA-04 NR CLEARLAKE OAKS CA",2020-06-04,16:47:59,"OAKS","OA-04",39.012694,-122.698986,19.177,318.6,719.3,0.77,FALSE,8.3,FALSE,7.03,1.2,0.175,17.85,11.55,FALSE
3.9e+14,"CLEAR LK A MOORING UA-06 NR LUCERNE CA",2020-06-24,11:08:10,"UPPER","UA-06",39.060994,-122.816986,24.945,306.7,721.2,11.21,FALSE,135.6,FALSE,8.66,0.41,0.372,14.48,0.49,FALSE
3.9e+14,"CLEAR LK A MOORING UA-06 NR LUCERNE CA",2020-06-24,11:08:47,"UPPER","UA-06",39.060994,-122.816986,24.713,306.9,721.3,11.03,FALSE,132.9,FALSE,8.65,0.55,0.415,14.73,1.024,FALSE
3.9e+14,"CLEAR LK A MOORING UA-06 NR LUCERNE CA",2020-06-24,11:09:22,"UPPER","UA-06",39.060994,-122.816986,24.626,306.8,721.3,11.03,FALSE,132.7,FALSE,8.56,0.68,0.291,14.9,1.513,FALSE
3.9e+14,"CLEAR LK A MOORING UA-06 NR LUCERNE CA",2020-06-24,11:10:13,"UPPER","UA-06",39.060994,-122.816986,24.467,306.9,721.2,10.95,FALSE,131.3,FALSE,8.54,0.4,0.4,15.6,2.009,FALSE
3.9e+14,"CLEAR LK A MOORING UA-06 NR LUCERNE CA",2020-06-24,11:11:12,"UPPER","UA-06",39.060994,-122.816986,24.403,307,721.2,10.81,FALSE,129.5,FALSE,8.52,0.48,0.247,15.5,2.492,FALSE
3.9e+14,"CLEAR LK A MOORING UA-06 NR LUCERNE CA",2020-06-24,11:12:06,"UPPER","UA-06",39.060994,-122.816986,24.36,307.2,721.2,10.72,FALSE,128.3,FALSE,8.5,0.49,0.439,15.62,3.07,FALSE
3.9e+14,"CLEAR LK A MOORING UA-06 NR LUCERNE CA",2020-06-24,11:12:50,"UPPER","UA-06",39.060994,-122.816986,23.931,307.7,721.2,10.53,FALSE,125,FALSE,8.37,0.48,0.573,16.01,3.46,TRUE
3.9e+14,"CLEAR LK A MOORING UA-06 NR LUCERNE CA",2020-06-24,11:14:04,"UPPER","UA-06",39.060994,-122.816986,23.112,307.7,721.3,10.16,FALSE,118.8,FALSE,8.29,0.51,0.337,16.69,4.012,FALSE
3.9e+14,"CLEAR LK A MOORING UA-06 NR LUCERNE CA",2020-06-24,11:14:53,"UPPER","UA-06",39.060994,-122.816986,22.35,308,721.2,9.8,FALSE,112.9,FALSE,8.21,0.52,0.506,16.9,4.5,FALSE
3.9e+14,"CLEAR LK A MOORING UA-06 NR LUCERNE CA",2020-06-24,11:15:51,"UPPER","UA-06",39.060994,-122.816986,22.199,308.2,721.2,9.39,FALSE,107.9,FALSE,8.17,0.58,0.747,16.67,5.041,FALSE
3.9e+14,"CLEAR LK A MOORING UA-06 NR LUCERNE CA",2020-06-24,11:16:35,"UPPER","UA-06",39.060994,-122.816986,22.16,308.2,721.3,9.37,FALSE,107.6,FALSE,8.17,0.58,0.644,16.84,5.498,FALSE
3.9e+14,"CLEAR LK A MOORING UA-06 NR LUCERNE CA",2020-06-24,11:17:26,"UPPER","UA-06",39.060994,-122.816986,22.138,308.3,721.2,9.25,FALSE,106.1,FALSE,8.16,0.62,1.034,17.13,6.02,FALSE
3.9e+14,"CLEAR LK A MOORING UA-06 NR LUCERNE CA",2020-06-24,11:18:14,"UPPER","UA-06",39.060994,-122.816986,21.865,309.4,721.2,8.47,FALSE,96.7,FALSE,8.08,0.69,1.182,17.32,6.508,FALSE
3.9e+14,"CLEAR LK A MOORING UA-06 NR LUCERNE CA",2020-06-24,11:19:02,"UPPER","UA-06",39.060994,-122.816986,21.482,309.5,721.2,7.9,FALSE,89.5,FALSE,7.99,0.56,0.768,17.26,7,FALSE
3.9e+14,"CLEAR LK A MOORING UA-06 NR LUCERNE CA",2020-06-24,11:19:50,"UPPER","UA-06",39.060994,-122.816986,21.142,310.2,721.3,6.97,FALSE,78.4,FALSE,7.85,0.7,0.931,17.6,7.501,FALSE
3.9e+14,"CLEAR LK A MOORING UA-06 NR LUCERNE CA",2020-06-24,11:20:57,"UPPER","UA-06",39.060994,-122.816986,20.744,312.1,721.2,5.21,FALSE,58.2,FALSE,7.61,0.88,1.105,18.64,8.042,TRUE
3.9e+14,"CLEAR LK A MOORING UA-06 NR LUCERNE CA",2020-06-24,11:21:58,"UPPER","UA-06",39.060994,-122.816986,20.648,313.3,721.1,4.54,FALSE,50.6,FALSE,7.52,1.05,0.384,19.15,8.546,FALSE
3.9e+14,"CLEAR LK A MOORING UA-06 NR LUCERNE CA",2020-06-24,11:23:00,"UPPER","UA-06",39.060994,-122.816986,20.588,314,721.2,4.2,FALSE,46.8,FALSE,7.47,1.54,0.491,19.46,9.048,FALSE
3.9e+14,"CLEAR LK A MOORING UA-06 NR LUCERNE CA",2020-06-24,11:23:54,"UPPER","UA-06",39.060994,-122.816986,20.564,314.3,721.2,3.84,FALSE,42.7,FALSE,7.44,1.56,0.887,19.65,9.322,FALSE
3.86e+14,"CLEAR LK A MOORING LA-03 NR CLEARLAKE PARK CA",2020-06-24,12:53:31,"LOWER","LA-03",38.982994,-122.716986,24.95,311.4,720.2,11.74,FALSE,142,FALSE,8.47,3.66,0.602,16.22,0.523,FALSE
3.86e+14,"CLEAR LK A MOORING LA-03 NR CLEARLAKE PARK CA",2020-06-24,12:55:03,"LOWER","LA-03",38.982994,-122.716986,24.91,311.3,720.2,11.77,FALSE,142.3,FALSE,8.49,3.8,0.98,16.51,1.034,FALSE
3.86e+14,"CLEAR LK A MOORING LA-03 NR CLEARLAKE PARK CA",2020-06-24,12:56:01,"LOWER","LA-03",38.982994,-122.716986,24.774,311,720.2,11.91,FALSE,143.7,FALSE,8.49,7.69,1.072,16.78,1.519,FALSE
3.86e+14,"CLEAR LK A MOORING LA-03 NR CLEARLAKE PARK CA",2020-06-24,12:56:54,"LOWER","LA-03",38.982994,-122.716986,24.688,311.2,720.2,11.91,FALSE,143.4,FALSE,8.47,4.18,0.682,17.35,2.006,FALSE
3.86e+14,"CLEAR LK A MOORING LA-03 NR CLEARLAKE PARK CA",2020-06-24,12:57:58,"LOWER","LA-03",38.982994,-122.716986,24.445,312.2,720.2,11.01,FALSE,131.9,FALSE,8.38,1.22,0.675,17.77,2.496,FALSE
3.86e+14,"CLEAR LK A MOORING LA-03 NR CLEARLAKE PARK CA",2020-06-24,12:59:07,"LOWER","LA-03",38.982994,-122.716986,24.244,313.6,720.2,10.23,FALSE,122.2,FALSE,8.3,2.03,0.691,19.94,3.028,FALSE
3.86e+14,"CLEAR LK A MOORING LA-03 NR CLEARLAKE PARK CA",2020-06-24,13:00:38,"LOWER","LA-03",38.982994,-122.716986,24.085,312.7,720.1,10.53,FALSE,125.4,FALSE,8.31,2.37,0.625,18.63,3.533,TRUE
3.86e+14,"CLEAR LK A MOORING LA-03 NR CLEARLAKE PARK CA",2020-06-24,13:01:45,"LOWER","LA-03",38.982994,-122.716986,24.038,312.7,720,10.44,FALSE,124.2,FALSE,8.31,2.04,0.926,18.8,4.052,FALSE
3.86e+14,"CLEAR LK A MOORING LA-03 NR CLEARLAKE PARK CA",2020-06-24,13:02:51,"LOWER","LA-03",38.982994,-122.716986,23.933,312.8,720.1,10.37,FALSE,123.2,FALSE,8.28,2,0.743,18.87,4.542,FALSE
3.86e+14,"CLEAR LK A MOORING LA-03 NR CLEARLAKE PARK CA",2020-06-24,13:03:41,"LOWER","LA-03",38.982994,-122.716986,23.473,313.5,720,9.17,FALSE,107.9,FALSE,8.18,0.97,0.588,18.81,5.073,FALSE
3.86e+14,"CLEAR LK A MOORING LA-03 NR CLEARLAKE PARK CA",2020-06-24,13:04:54,"LOWER","LA-03",38.982994,-122.716986,23.286,313.2,720.1,9.06,FALSE,106.3,FALSE,8.16,0.68,1.126,18.63,5.511,FALSE
3.86e+14,"CLEAR LK A MOORING LA-03 NR CLEARLAKE PARK CA",2020-06-24,13:05:52,"LOWER","LA-03",38.982994,-122.716986,22.882,313.5,720,8.54,FALSE,99.4,FALSE,8.07,0.7,0.717,18.47,5.999,FALSE
3.86e+14,"CLEAR LK A MOORING LA-03 NR CLEARLAKE PARK CA",2020-06-24,13:06:42,"LOWER","LA-03",38.982994,-122.716986,22.527,315,720,7.99,FALSE,92.4,FALSE,7.93,0.6,0.92,18.62,6.511,FALSE
3.86e+14,"CLEAR LK A MOORING LA-03 NR CLEARLAKE PARK CA",2020-06-24,13:08:10,"LOWER","LA-03",38.982994,-122.716986,22.504,315.1,720,7.91,FALSE,91.4,FALSE,7.89,0.98,0.769,18.7,7.037,FALSE
3.86e+14,"CLEAR LK A MOORING LA-03 NR CLEARLAKE PARK CA",2020-06-24,13:10:14,"LOWER","LA-03",38.982994,-122.716986,22.357,315.1,719.9,7.68,FALSE,88.5,FALSE,7.86,0.52,0.6,18.86,7.51,FALSE
3.86e+14,"CLEAR LK A MOORING LA-03 NR CLEARLAKE PARK CA",2020-06-24,13:11:42,"LOWER","LA-03",38.982994,-122.716986,21.886,315.5,720,7.28,FALSE,83.2,FALSE,7.76,0.56,0.299,19.09,7.991,FALSE
3.86e+14,"CLEAR LK A MOORING LA-03 NR CLEARLAKE PARK CA",2020-06-24,13:13:11,"LOWER","LA-03",38.982994,-122.716986,21.822,315.8,720,7.11,FALSE,81.1,FALSE,7.74,0.55,0.847,19,8.483,FALSE
3.86e+14,"CLEAR LK A MOORING LA-03 NR CLEARLAKE PARK CA",2020-06-24,13:14:21,"LOWER","LA-03",38.982994,-122.716986,21.681,315.8,720.1,6.89,FALSE,78.4,FALSE,7.69,0.53,0.929,18.91,9.041,FALSE
3.86e+14,"CLEAR LK A MOORING LA-03 NR CLEARLAKE PARK CA",2020-06-24,13:15:53,"LOWER","LA-03",38.982994,-122.716986,21.575,315.8,719.9,6.79,FALSE,77,FALSE,7.67,0.55,0.627,18.84,9.458,FALSE
3.86e+14,"CLEAR LK A MOORING LA-03 NR CLEARLAKE PARK CA",2020-06-24,13:17:34,"LOWER","LA-03",38.982994,-122.716986,21.329,316.9,720,6.06,FALSE,68.4,FALSE,7.56,0.39,1.195,19.36,10.038,FALSE
3.86e+14,"CLEAR LK A MOORING LA-03 NR CLEARLAKE PARK CA",2020-06-24,13:22:29,"LOWER","LA-03",38.982994,-122.716986,21.2,318.6,719.9,4.82,FALSE,54.3,FALSE,7.37,0.43,0.546,19.87,10.517,FALSE
3.86e+14,"CLEAR LK A MOORING LA-03 NR CLEARLAKE PARK CA",2020-06-24,13:23:17,"LOWER","LA-03",38.982994,-122.716986,21.083,318.5,720,4.49,FALSE,50.4,FALSE,7.35,0.56,0.87,19.8,10.989,FALSE
3.86e+14,"CLEAR LK A MOORING LA-03 NR CLEARLAKE PARK CA",2020-06-24,13:24:57,"LOWER","LA-03",38.982994,-122.716986,20.9,320.7,720,2.88,FALSE,32.3,FALSE,7.24,0.75,0.671,20.66,11.533,TRUE
3.86e+14,"CLEAR LK A MOORING LA-03 NR CLEARLAKE PARK CA",2020-06-24,13:26:19,"LOWER","LA-03",38.982994,-122.716986,20.846,321.5,719.9,2.29,FALSE,25.6,FALSE,7.22,0.74,0.834,20.9,12.032,FALSE
3.86e+14,"CLEAR LK A MOORING LA-03 NR CLEARLAKE PARK CA",2020-06-24,13:27:09,"LOWER","LA-03",38.982994,-122.716986,20.845,321.5,719.9,2.22,FALSE,24.8,FALSE,7.22,0.84,0.835,20.91,12.31,FALSE
3.86e+14,"CLEAR LK A MOORING LA-03 NR CLEARLAKE PARK CA",2020-06-24,13:28:00,"LOWER","LA-03",38.982994,-122.716986,20.845,321.6,719.9,2.19,FALSE,24.5,FALSE,7.22,0.73,0.764,20.95,12.517,FALSE
3.9e+14,"CLEAR LK A MOORING OA-04 NR CLEARLAKE OAKS CA",2020-06-24,14:33:32,"OAKS","OA-04",39.012694,-122.698986,26.241,303.7,719.6,13.97,FALSE,173,FALSE,8.77,6.66,1.43,15.66,0.504,FALSE
3.9e+14,"CLEAR LK A MOORING OA-04 NR CLEARLAKE OAKS CA",2020-06-24,14:35:25,"OAKS","OA-04",39.012694,-122.698986,25.919,304.2,719.6,13.6,FALSE,167.5,FALSE,8.75,16.66,1.41,16.06,1.011,FALSE
3.9e+14,"CLEAR LK A MOORING OA-04 NR CLEARLAKE OAKS CA",2020-06-24,14:36:26,"OAKS","OA-04",39.012694,-122.698986,24.719,306.7,719.6,11.96,FALSE,144,FALSE,8.59,1.52,1.258,16.93,1.574,FALSE
3.9e+14,"CLEAR LK A MOORING OA-04 NR CLEARLAKE OAKS CA",2020-06-24,14:37:30,"OAKS","OA-04",39.012694,-122.698986,23.965,308.7,719.6,10.13,FALSE,120.3,FALSE,8.42,1.39,0.987,17.61,2.003,FALSE
3.9e+14,"CLEAR LK A MOORING OA-04 NR CLEARLAKE OAKS CA",2020-06-24,14:39:47,"OAKS","OA-04",39.012694,-122.698986,23.886,308.8,719.5,9.9,FALSE,117.5,FALSE,8.4,0.63,1.054,17.94,2.532,FALSE
3.9e+14,"CLEAR LK A MOORING OA-04 NR CLEARLAKE OAKS CA",2020-06-24,14:42:25,"OAKS","OA-04",39.012694,-122.698986,23.847,309.2,719.5,9.62,FALSE,114.1,FALSE,8.39,3.06,1.168,18.3,3.043,FALSE
3.9e+14,"CLEAR LK A MOORING OA-04 NR CLEARLAKE OAKS CA",2020-06-24,14:44:29,"OAKS","OA-04",39.012694,-122.698986,23.812,309.9,719.4,9.18,FALSE,108.7,FALSE,8.35,0.83,0.417,18.27,4.022,FALSE
3.9e+14,"CLEAR LK A MOORING OA-04 NR CLEARLAKE OAKS CA",2020-06-24,14:45:52,"OAKS","OA-04",39.012694,-122.698986,23.798,309.6,719.5,9.25,FALSE,109.5,FALSE,8.36,0.51,0.99,18.06,4.513,FALSE
3.9e+14,"CLEAR LK A MOORING OA-04 NR CLEARLAKE OAKS CA",2020-06-24,14:46:55,"OAKS","OA-04",39.012694,-122.698986,23.771,309.5,719.5,9.26,FALSE,109.6,FALSE,8.36,0.35,0.514,18.14,5.014,FALSE
3.9e+14,"CLEAR LK A MOORING OA-04 NR CLEARLAKE OAKS CA",2020-06-24,14:48:20,"OAKS","OA-04",39.012694,-122.698986,23.747,309.6,719.5,9.28,FALSE,109.8,FALSE,8.35,0.43,1.067,18.35,5.509,FALSE
3.9e+14,"CLEAR LK A MOORING OA-04 NR CLEARLAKE OAKS CA",2020-06-24,14:50:08,"OAKS","OA-04",39.012694,-122.698986,23.642,309.6,719.5,9.21,FALSE,108.8,FALSE,8.33,0.38,0.704,18.29,5.985,FALSE
3.9e+14,"CLEAR LK A MOORING OA-04 NR CLEARLAKE OAKS CA",2020-06-24,14:51:51,"OAKS","OA-04",39.012694,-122.698986,23.423,309.8,719.4,9,FALSE,105.8,FALSE,8.28,0.56,1.231,17.75,6.537,FALSE
3.9e+14,"CLEAR LK A MOORING OA-04 NR CLEARLAKE OAKS CA",2020-06-24,14:53:04,"OAKS","OA-04",39.012694,-122.698986,23.25,309.5,719.5,9.11,FALSE,106.8,FALSE,8.28,0.71,0.68,17.95,7.015,FALSE
3.9e+14,"CLEAR LK A MOORING OA-04 NR CLEARLAKE OAKS CA",2020-06-24,14:53:59,"OAKS","OA-04",39.012694,-122.698986,23.103,309.6,719.5,9.07,FALSE,106.1,FALSE,8.26,0.48,1.012,18.13,7.507,FALSE
3.9e+14,"CLEAR LK A MOORING OA-04 NR CLEARLAKE OAKS CA",2020-06-24,14:54:57,"OAKS","OA-04",39.012694,-122.698986,22.999,309.8,719.5,8.89,FALSE,103.7,FALSE,8.22,0.47,0.611,18,7.984,FALSE
3.9e+14,"CLEAR LK A MOORING OA-04 NR CLEARLAKE OAKS CA",2020-06-24,14:55:47,"OAKS","OA-04",39.012694,-122.698986,22.904,310.1,719.3,8.77,FALSE,102.1,FALSE,8.2,0.54,1.02,17.95,8.496,FALSE
3.9e+14,"CLEAR LK A MOORING OA-04 NR CLEARLAKE OAKS CA",2020-06-24,14:57:20,"OAKS","OA-04",39.012694,-122.698986,22.529,310.9,719.5,8.31,FALSE,96.1,FALSE,8.09,0.58,0.872,17.7,9.028,FALSE
3.9e+14,"CLEAR LK A MOORING OA-04 NR CLEARLAKE OAKS CA",2020-06-24,14:58:18,"OAKS","OA-04",39.012694,-122.698986,21.954,313.1,719.4,7.19,FALSE,82.2,FALSE,7.86,0.49,0.772,17.88,9.506,FALSE
3.9e+14,"CLEAR LK A MOORING OA-04 NR CLEARLAKE OAKS CA",2020-06-24,14:58:55,"OAKS","OA-04",39.012694,-122.698986,21.578,314,719.4,6.42,FALSE,72.9,FALSE,7.7,0.49,0.575,18.21,10.006,FALSE
3.9e+14,"CLEAR LK A MOORING OA-04 NR CLEARLAKE OAKS CA",2020-06-24,15:02:19,"OAKS","OA-04",39.012694,-122.698986,21.387,314.5,719.3,5.81,FALSE,65.7,FALSE,7.58,0.68,0.519,18.54,10.512,FALSE
3.9e+14,"CLEAR LK A MOORING OA-04 NR CLEARLAKE OAKS CA",2020-06-24,15:03:38,"OAKS","OA-04",39.012694,-122.698986,20.972,317.2,719.2,4.05,FALSE,45.4,FALSE,7.28,0.76,1.527,19.41,10.991,TRUE
3.9e+14,"CLEAR LK A MOORING OA-04 NR CLEARLAKE OAKS CA",2020-06-24,15:05:08,"OAKS","OA-04",39.012694,-122.698986,20.786,322.4,719.3,2.24,FALSE,25,FALSE,7.09,1.08,1.724,20.38,11.526,FALSE
3.9e+14,"CLEAR LK A MOORING OA-04 NR CLEARLAKE OAKS CA",2020-06-24,15:05:53,"OAKS","OA-04",39.012694,-122.698986,20.785,322.5,719.3,2.2,FALSE,24.6,FALSE,7.08,1.03,1.392,20.22,11.738,FALSE
3.9e+14,"CLEAR LK A MOORING OA-04 NR CLEARLAKE OAKS CA",2020-06-24,15:20:29,"OAKS","OA-04",39.012694,-122.698986,23.81,309.1,719.2,9.63,FALSE,114.1,FALSE,8.42,0.97,0.975,17.69,3.497,TRUE
3.9e+14,"CLEAR LK A MOORING OA-04 NR CLEARLAKE OAKS CA",2020-07-01,11:09:14,"OAKS","OA-04",39.012694,-122.698986,25.425,310.6,720.8,9.71,FALSE,118.5,FALSE,8.59,3.43,0.595,18.45,0.509,FALSE
3.9e+14,"CLEAR LK A MOORING OA-04 NR CLEARLAKE OAKS CA",2020-07-01,11:10:22,"OAKS","OA-04",39.012694,-122.698986,25.319,310.3,720.9,9.84,FALSE,119.9,FALSE,8.6,9.99,0.729,18.7,1.028,FALSE
3.9e+14,"CLEAR LK A MOORING OA-04 NR CLEARLAKE OAKS CA",2020-07-01,11:11:20,"OAKS","OA-04",39.012694,-122.698986,25.318,310.9,720.8,9.41,FALSE,114.7,FALSE,8.57,1.04,0.797,19.33,1.519,FALSE
3.9e+14,"CLEAR LK A MOORING OA-04 NR CLEARLAKE OAKS CA",2020-07-01,11:12:19,"OAKS","OA-04",39.012694,-122.698986,25.328,310.9,720.8,9.35,FALSE,113.9,FALSE,8.55,1.12,0.643,19.38,2.022,FALSE
3.9e+14,"CLEAR LK A MOORING OA-04 NR CLEARLAKE OAKS CA",2020-07-01,11:13:44,"OAKS","OA-04",39.012694,-122.698986,25.095,311.6,720.8,8.89,FALSE,107.9,FALSE,8.5,1.31,0.847,20.29,2.508,FALSE
3.9e+14,"CLEAR LK A MOORING OA-04 NR CLEARLAKE OAKS CA",2020-07-01,11:16:00,"OAKS","OA-04",39.012694,-122.698986,24.958,311.3,720.8,8.9,FALSE,107.7,FALSE,8.51,1.27,0.749,19.98,3.019,FALSE
3.9e+14,"CLEAR LK A MOORING OA-04 NR CLEARLAKE OAKS CA",2020-07-01,11:17:17,"OAKS","OA-04",39.012694,-122.698986,24.943,311.1,720.8,8.99,FALSE,108.8,FALSE,8.51,1.09,0.761,20.08,3.488,TRUE
3.9e+14,"CLEAR LK A MOORING OA-04 NR CLEARLAKE OAKS CA",2020-07-01,11:18:42,"OAKS","OA-04",39.012694,-122.698986,24.891,311,720.8,9.05,FALSE,109.3,FALSE,8.51,2.11,0.66,19.87,4.02,FALSE
3.9e+14,"CLEAR LK A MOORING OA-04 NR CLEARLAKE OAKS CA",2020-07-01,11:19:56,"OAKS","OA-04",39.012694,-122.698986,24.726,311.3,720.8,8.82,FALSE,106.3,FALSE,8.48,1.53,0.619,19.66,4.518,FALSE
3.9e+14,"CLEAR LK A MOORING OA-04 NR CLEARLAKE OAKS CA",2020-07-01,11:20:39,"OAKS","OA-04",39.012694,-122.698986,24.682,311.4,720.8,8.79,FALSE,105.8,FALSE,8.46,1,0.58,19.83,5.022,FALSE
3.9e+14,"CLEAR LK A MOORING OA-04 NR CLEARLAKE OAKS CA",2020-07-01,11:21:30,"OAKS","OA-04",39.012694,-122.698986,24.474,311.6,720.8,8.59,FALSE,103.1,FALSE,8.45,1.29,0.719,19.93,5.509,FALSE
3.9e+14,"CLEAR LK A MOORING OA-04 NR CLEARLAKE OAKS CA",2020-07-01,11:23:28,"OAKS","OA-04",39.012694,-122.698986,24.393,312,720.8,8.32,FALSE,99.7,FALSE,8.41,0.77,0.563,20.05,6.003,FALSE
3.9e+14,"CLEAR LK A MOORING OA-04 NR CLEARLAKE OAKS CA",2020-07-01,11:24:37,"OAKS","OA-04",39.012694,-122.698986,24.334,312.3,720.8,8.12,FALSE,97.1,FALSE,8.41,0.59,0.401,20.43,6.487,FALSE
3.9e+14,"CLEAR LK A MOORING OA-04 NR CLEARLAKE OAKS CA",2020-07-01,11:26:15,"OAKS","OA-04",39.012694,-122.698986,24.309,312.5,720.8,8,FALSE,95.7,FALSE,8.37,0.66,0.981,20.52,7.021,FALSE
3.9e+14,"CLEAR LK A MOORING OA-04 NR CLEARLAKE OAKS CA",2020-07-01,11:28:02,"OAKS","OA-04",39.012694,-122.698986,24.3,312.5,720.7,7.97,FALSE,95.2,FALSE,8.36,0.69,0.55,20.66,7.52,FALSE
3.9e+14,"CLEAR LK A MOORING OA-04 NR CLEARLAKE OAKS CA",2020-07-01,11:30:05,"OAKS","OA-04",39.012694,-122.698986,24.146,313.3,720.8,7.44,FALSE,88.7,FALSE,8.32,0.49,0.443,21.1,8.045,FALSE
3.9e+14,"CLEAR LK A MOORING OA-04 NR CLEARLAKE OAKS CA",2020-07-01,11:32:12,"OAKS","OA-04",39.012694,-122.698986,24.123,313.5,720.6,7.38,FALSE,87.9,FALSE,8.29,0.6,0.75,21,8.508,FALSE
3.9e+14,"CLEAR LK A MOORING OA-04 NR CLEARLAKE OAKS CA",2020-07-01,11:34:00,"OAKS","OA-04",39.012694,-122.698986,24.1,313.7,720.8,7.32,FALSE,87.2,FALSE,8.29,0.48,0.309,20.88,8.995,FALSE
3.9e+14,"CLEAR LK A MOORING OA-04 NR CLEARLAKE OAKS CA",2020-07-01,11:34:51,"OAKS","OA-04",39.012694,-122.698986,24.044,314.1,720.8,7.14,FALSE,85,FALSE,8.24,0.69,0.65,20.89,9.516,FALSE
3.9e+14,"CLEAR LK A MOORING OA-04 NR CLEARLAKE OAKS CA",2020-07-01,11:36:15,"OAKS","OA-04",39.012694,-122.698986,23.563,318.3,720.7,5.48,FALSE,64.6,FALSE,7.85,0.54,0.44,19.53,9.985,FALSE
3.9e+14,"CLEAR LK A MOORING OA-04 NR CLEARLAKE OAKS CA",2020-07-01,11:40:16,"OAKS","OA-04",39.012694,-122.698986,23.013,321.9,720.7,4.13,FALSE,48.2,FALSE,7.47,0.65,0.457,20.02,10.507,TRUE
3.9e+14,"CLEAR LK A MOORING OA-04 NR CLEARLAKE OAKS CA",2020-07-01,11:42:04,"OAKS","OA-04",39.012694,-122.698986,22.382,328.4,720.8,1.65,FALSE,19,FALSE,6.92,0.68,0.408,20.86,10.978,FALSE
3.9e+14,"CLEAR LK A MOORING OA-04 NR CLEARLAKE OAKS CA",2020-07-01,11:43:23,"OAKS","OA-04",39.012694,-122.698986,21.739,330.4,720.6,0.66,FALSE,7.5,FALSE,6.9,3.13,0.55,21.04,11.414,FALSE
3.9e+14,"CLEAR LK A MOORING OA-10 NR CLEARLAKE OAKS CA",2020-07-28,11:46:01,"OAKS","OA-10",39.005078,-122.677356,28,316.3,723,9.93,FALSE,126.9,FALSE,8.83,3.67,NA,NA,0.517,FALSE
3.9e+14,"CLEAR LK A MOORING OA-10 NR CLEARLAKE OAKS CA",2020-07-28,11:52:49,"OAKS","OA-10",39.005078,-122.677356,27.782,316.5,722.9,9.59,FALSE,122.1,FALSE,8.81,4.57,NA,NA,1.085,FALSE
3.9e+14,"CLEAR LK A MOORING OA-10 NR CLEARLAKE OAKS CA",2020-07-28,11:56:22,"OAKS","OA-10",39.005078,-122.677356,27.711,316.8,722.9,9.23,FALSE,117.3,FALSE,8.77,3,NA,NA,1.511,FALSE
3.9e+14,"CLEAR LK A MOORING OA-10 NR CLEARLAKE OAKS CA",2020-07-28,11:57:23,"OAKS","OA-10",39.005078,-122.677356,27.611,317.4,723.1,8.96,FALSE,113.7,FALSE,8.74,4.22,NA,NA,2.055,FALSE
3.9e+14,"CLEAR LK A MOORING OA-10 NR CLEARLAKE OAKS CA",2020-07-28,11:58:21,"OAKS","OA-10",39.005078,-122.677356,27.525,317.3,723.1,8.83,FALSE,111.9,FALSE,8.72,2.91,NA,NA,2.5,TRUE
3.9e+14,"CLEAR LK A MOORING OA-10 NR CLEARLAKE OAKS CA",2020-07-28,11:59:46,"OAKS","OA-10",39.005078,-122.677356,27.447,317.7,723,8.57,FALSE,108.5,FALSE,8.71,2.01,NA,NA,3.006,FALSE
3.9e+14,"CLEAR LK A MOORING OA-10 NR CLEARLAKE OAKS CA",2020-07-28,12:00:43,"OAKS","OA-10",39.005078,-122.677356,27.389,317.9,722.9,8.34,FALSE,105.5,FALSE,8.67,2.22,NA,NA,3.489,FALSE
3.9e+14,"CLEAR LK A MOORING OA-10 NR CLEARLAKE OAKS CA",2020-07-28,12:02:01,"OAKS","OA-10",39.005078,-122.677356,27.254,318.6,723,7.8,FALSE,98.4,FALSE,8.66,2.4,NA,NA,4.091,FALSE
3.9e+14,"CLEAR LK A MOORING OA-10 NR CLEARLAKE OAKS CA",2020-07-28,12:02:46,"OAKS","OA-10",39.005078,-122.677356,27.23,318.8,722.9,7.68,FALSE,96.9,FALSE,8.65,1.66,NA,NA,4.542,FALSE
3.9e+14,"CLEAR LK A MOORING OA-10 NR CLEARLAKE OAKS CA",2020-07-28,12:04:00,"OAKS","OA-10",39.005078,-122.677356,27.167,319.5,722.9,7.21,FALSE,90.9,FALSE,8.63,2.47,NA,NA,5.017,FALSE
3.9e+14,"CLEAR LK A MOORING OA-10 NR CLEARLAKE OAKS CA",2020-07-28,12:04:55,"OAKS","OA-10",39.005078,-122.677356,27.05,320,722.9,6.92,FALSE,87,FALSE,8.6,3.02,NA,NA,5.509,FALSE
3.9e+14,"CLEAR LK A MOORING OA-10 NR CLEARLAKE OAKS CA",2020-07-28,12:05:43,"OAKS","OA-10",39.005078,-122.677356,26.787,321.7,722.9,5.81,FALSE,72.7,FALSE,8.51,1.65,NA,NA,6.029,FALSE
3.9e+14,"CLEAR LK A MOORING OA-10 NR CLEARLAKE OAKS CA",2020-07-28,12:06:34,"OAKS","OA-10",39.005078,-122.677356,26.758,321.8,722.9,5.72,FALSE,71.6,FALSE,8.5,1.72,NA,NA,6.508,FALSE
3.9e+14,"CLEAR LK A MOORING OA-10 NR CLEARLAKE OAKS CA",2020-07-28,12:07:25,"OAKS","OA-10",39.005078,-122.677356,26.641,322.8,722.9,5.27,FALSE,65.8,FALSE,8.46,1.65,NA,NA,7.051,FALSE
3.9e+14,"CLEAR LK A MOORING OA-10 NR CLEARLAKE OAKS CA",2020-07-28,12:08:06,"OAKS","OA-10",39.005078,-122.677356,26.521,324,722.9,4.65,FALSE,57.9,FALSE,8.38,1.5,NA,NA,7.525,FALSE
3.9e+14,"CLEAR LK A MOORING OA-10 NR CLEARLAKE OAKS CA",2020-07-28,12:08:49,"OAKS","OA-10",39.005078,-122.677356,26.315,329.1,722.9,2.49,FALSE,30.9,FALSE,8.1,2.12,NA,NA,7.998,FALSE
3.9e+14,"CLEAR LK A MOORING OA-10 NR CLEARLAKE OAKS CA",2020-07-28,12:09:59,"OAKS","OA-10",39.005078,-122.677356,26.01,334.4,722.8,0.59,FALSE,7.3,FALSE,7.74,3.18,NA,NA,8.498,FALSE
3.9e+14,"CLEAR LK A MOORING OA-10 NR CLEARLAKE OAKS CA",2020-07-28,12:10:56,"OAKS","OA-10",39.005078,-122.677356,25.627,342.4,722.8,0.44,FALSE,5.4,FALSE,7.33,3.51,NA,NA,9.001,FALSE
3.9e+14,"CLEAR LK A MOORING OA-09 NR CLEARLAKE OAKS CA",2020-07-28,12:45:32,"OAKS","OA-09",39.005822,-122.685253,28.344,316.9,722.6,10.16,FALSE,130.7,FALSE,8.8,3.87,NA,NA,0.535,FALSE
3.9e+14,"CLEAR LK A MOORING OA-09 NR CLEARLAKE OAKS CA",2020-07-28,12:46:59,"OAKS","OA-09",39.005822,-122.685253,27.759,316.8,722.6,9.72,FALSE,123.7,FALSE,8.79,3.21,NA,NA,1.014,FALSE
3.9e+14,"CLEAR LK A MOORING OA-09 NR CLEARLAKE OAKS CA",2020-07-28,12:47:50,"OAKS","OA-09",39.005822,-122.685253,27.463,317.5,722.6,9.02,FALSE,114.2,FALSE,8.73,2.5,NA,NA,1.514,FALSE
3.9e+14,"CLEAR LK A MOORING OA-09 NR CLEARLAKE OAKS CA",2020-07-28,12:50:04,"OAKS","OA-09",39.005822,-122.685253,27.316,318,722.6,8.66,FALSE,109.3,FALSE,8.69,2.66,NA,NA,2.017,FALSE
3.9e+14,"CLEAR LK A MOORING OA-09 NR CLEARLAKE OAKS CA",2020-07-28,12:52:16,"OAKS","OA-09",39.005822,-122.685253,27.278,318,722.5,8.52,FALSE,107.5,FALSE,8.69,11.38,NA,NA,2.514,TRUE
3.9e+14,"CLEAR LK A MOORING OA-09 NR CLEARLAKE OAKS CA",2020-07-28,12:53:15,"OAKS","OA-09",39.005822,-122.685253,27.168,318.4,722.5,8.27,FALSE,104.2,FALSE,8.69,2.1,NA,NA,3.008,FALSE
3.9e+14,"CLEAR LK A MOORING OA-09 NR CLEARLAKE OAKS CA",2020-07-28,12:53:56,"OAKS","OA-09",39.005822,-122.685253,27.071,318.6,722.5,8.08,FALSE,101.6,FALSE,8.66,2.33,NA,NA,3.581,FALSE
3.9e+14,"CLEAR LK A MOORING OA-09 NR CLEARLAKE OAKS CA",2020-07-28,12:55:00,"OAKS","OA-09",39.005822,-122.685253,27.007,318.8,722.5,7.78,FALSE,97.8,FALSE,8.65,1.94,NA,NA,3.997,FALSE
3.9e+14,"CLEAR LK A MOORING OA-09 NR CLEARLAKE OAKS CA",2020-07-28,12:55:43,"OAKS","OA-09",39.005822,-122.685253,26.957,319.1,722.6,7.53,FALSE,94.5,FALSE,8.62,1.85,NA,NA,4.49,FALSE
3.9e+14,"CLEAR LK A MOORING OA-09 NR CLEARLAKE OAKS CA",2020-07-28,12:56:25,"OAKS","OA-09",39.005822,-122.685253,26.951,319.1,722.5,7.51,FALSE,94.2,FALSE,8.62,1.86,NA,NA,4.983,FALSE
3.9e+14,"CLEAR LK A MOORING OA-09 NR CLEARLAKE OAKS CA",2020-07-28,12:57:17,"OAKS","OA-09",39.005822,-122.685253,26.907,319.4,722.5,7.29,FALSE,91.4,FALSE,8.61,2.21,NA,NA,5.503,FALSE
3.9e+14,"CLEAR LK A MOORING OA-09 NR CLEARLAKE OAKS CA",2020-07-28,12:58:08,"OAKS","OA-09",39.005822,-122.685253,26.878,319.8,722.5,7.09,FALSE,88.8,FALSE,8.59,2.18,NA,NA,6.039,FALSE
3.9e+14,"CLEAR LK A MOORING OA-09 NR CLEARLAKE OAKS CA",2020-07-28,12:59:10,"OAKS","OA-09",39.005822,-122.685253,26.617,320.6,722.5,6.47,FALSE,80.8,FALSE,8.52,2.2,NA,NA,6.527,FALSE
3.9e+14,"CLEAR LK A MOORING OA-09 NR CLEARLAKE OAKS CA",2020-07-28,13:00:05,"OAKS","OA-09",39.005822,-122.685253,26.513,321,722.5,6.33,FALSE,78.8,FALSE,8.5,2.08,NA,NA,7.014,FALSE
3.9e+14,"CLEAR LK A MOORING OA-09 NR CLEARLAKE OAKS CA",2020-07-28,13:01:40,"OAKS","OA-09",39.005822,-122.685253,26.485,320.5,722.5,6.79,FALSE,84.5,FALSE,8.53,1.76,NA,NA,7.513,FALSE
3.9e+14,"CLEAR LK A MOORING OA-09 NR CLEARLAKE OAKS CA",2020-07-28,13:06:25,"OAKS","OA-09",39.005822,-122.685253,26.443,320,722.4,7.11,FALSE,88.4,FALSE,8.57,1.73,NA,NA,8.072,FALSE
3.9e+14,"CLEAR LK A MOORING OA-09 NR CLEARLAKE OAKS CA",2020-07-28,13:17:14,"OAKS","OA-09",39.005822,-122.685253,26.399,321.3,722.3,5.97,FALSE,74.2,FALSE,8.51,1.73,NA,NA,8.491,FALSE
3.9e+14,"CLEAR LK A MOORING OA-09 NR CLEARLAKE OAKS CA",2020-07-28,13:19:18,"OAKS","OA-09",39.005822,-122.685253,25.228,338.7,722.3,0.53,FALSE,6.4,FALSE,6.84,1.83,NA,NA,9.484,FALSE
3.9e+14,"CLEAR LK A MOORING OA-09 NR CLEARLAKE OAKS CA",2020-07-28,13:20:45,"OAKS","OA-09",39.005822,-122.685253,24.908,341.5,722.3,0.46,FALSE,5.5,FALSE,6.65,1.85,NA,NA,10.098,FALSE
3.9e+14,"CLEAR LK A MOORING OA-09 NR CLEARLAKE OAKS CA",2020-07-28,13:21:31,"OAKS","OA-09",39.005822,-122.685253,24.716,342.9,722.3,0.4,FALSE,4.9,FALSE,6.59,2.02,NA,NA,10.505,FALSE
3.9e+14,"CLEAR LK A MOORING OA-09 NR CLEARLAKE OAKS CA",2020-07-28,13:22:22,"OAKS","OA-09",39.005822,-122.685253,24.66,343.7,722.3,0.39,FALSE,4.7,FALSE,6.55,2.17,NA,NA,11.031,FALSE
3.9e+14,"CLEAR LK A MOORING OA-09 NR CLEARLAKE OAKS CA",2020-07-28,13:24:05,"OAKS","OA-09",39.005822,-122.685253,24.479,351,722.3,0.37,FALSE,4.5,FALSE,6.14,2.91,NA,NA,12.01,FALSE
3.9e+14,"CLEAR LK A MOORING OA-09 NR CLEARLAKE OAKS CA",2020-07-28,13:30:50,"OAKS","OA-09",39.005822,-122.685253,24.396,354.3,722.3,0.34,FALSE,4.1,FALSE,6.12,3.06,NA,NA,12.522,FALSE
3.9e+14,"CLEAR LK A MOORING OA-09 NR CLEARLAKE OAKS CA",2020-07-28,13:31:31,"OAKS","OA-09",39.005822,-122.685253,24.397,353.9,722.3,0.34,FALSE,4.1,FALSE,6.13,3.2,NA,NA,13.036,FALSE
3.9e+14,"CLEAR LK A MOORING OA-09 NR CLEARLAKE OAKS CA",2020-07-28,13:32:22,"OAKS","OA-09",39.005822,-122.685253,24.377,355.3,722.3,0.34,FALSE,4.1,FALSE,6.14,2.72,NA,NA,13.513,FALSE
3.9e+14,"CLEAR LK A MOORING OA-09 NR CLEARLAKE OAKS CA",2020-07-28,13:33:57,"OAKS","OA-09",39.005822,-122.685253,24.423,353.1,722.3,0.33,FALSE,4,FALSE,6.17,2.9,NA,NA,13.963,FALSE
3.9e+14,"CLEAR LK A MOORING OA-09 NR CLEARLAKE OAKS CA",2020-07-28,13:35:34,"OAKS","OA-09",39.005822,-122.685253,24.39,352.7,722.2,0.33,FALSE,4,FALSE,6.21,2.34,NA,NA,14.535,FALSE
3.9e+14,"CLEAR LK A MOORING OA-09 NR CLEARLAKE OAKS CA",2020-07-28,13:37:45,"OAKS","OA-09",39.005822,-122.685253,24.387,353.6,722.3,0.33,FALSE,4,FALSE,6.2,2.79,NA,NA,15.052,FALSE
3.9e+14,"CLEAR LK A MOORING OA-09 NR CLEARLAKE OAKS CA",2020-07-28,13:39:04,"OAKS","OA-09",39.005822,-122.685253,24.383,352.7,722.2,0.33,FALSE,3.9,FALSE,6.19,2.78,NA,NA,15.464,FALSE
3.9e+14,"CLEAR LK A MOORING OA-09 NR CLEARLAKE OAKS CA",2020-07-28,13:39:51,"OAKS","OA-09",39.005822,-122.685253,24.352,352.3,722.2,0.33,FALSE,4,FALSE,6.27,2.22,NA,NA,16.028,FALSE
3.9e+14,"CLEAR LK A MOORING OA-09 NR CLEARLAKE OAKS CA",2020-07-28,13:41:03,"OAKS","OA-09",39.005822,-122.685253,24.339,351.7,722.1,0.33,FALSE,3.9,FALSE,6.31,2.79,NA,NA,16.5,FALSE
3.9e+14,"CLEAR LK A MOORING OA-09 NR CLEARLAKE OAKS CA",2020-07-28,13:42:26,"OAKS","OA-09",39.005822,-122.685253,24.331,351.7,722.3,0.33,FALSE,3.9,FALSE,6.33,3.96,NA,NA,16.914,FALSE
3.9e+14,"CLEAR LK A MOORING OA-09 NR CLEARLAKE OAKS CA",2020-07-28,13:55:24,"OAKS","OA-09",39.005822,-122.685253,24.388,344.8,722.1,0.36,FALSE,4.3,FALSE,6.86,1.9,NA,NA,11.496,FALSE
3.9e+14,"CLEAR LK A MOORING OA-04 NR CLEARLAKE OAKS CA",2020-07-28,14:18:42,"OAKS","OA-04",39.012694,-122.698986,28.048,317.1,722,10.07,FALSE,128.9,FALSE,8.8,2.19,NA,NA,0.504,FALSE
3.9e+14,"CLEAR LK A MOORING OA-04 NR CLEARLAKE OAKS CA",2020-07-28,14:19:56,"OAKS","OA-04",39.012694,-122.698986,27.876,317.3,721.9,9.97,FALSE,127.2,FALSE,8.79,3.23,NA,NA,0.981,FALSE
3.9e+14,"CLEAR LK A MOORING OA-04 NR CLEARLAKE OAKS CA",2020-07-28,14:21:12,"OAKS","OA-04",39.012694,-122.698986,27.753,317,721.8,9.85,FALSE,125.4,FALSE,8.76,2.22,NA,NA,1.504,FALSE
3.9e+14,"CLEAR LK A MOORING OA-04 NR CLEARLAKE OAKS CA",2020-07-28,14:22:24,"OAKS","OA-04",39.012694,-122.698986,27.53,317,722,9.73,FALSE,123.4,FALSE,8.76,3.61,NA,NA,2.007,FALSE
3.9e+14,"CLEAR LK A MOORING OA-04 NR CLEARLAKE OAKS CA",2020-07-28,14:23:23,"OAKS","OA-04",39.012694,-122.698986,27.133,317.5,721.9,8.96,FALSE,112.8,FALSE,8.72,2.25,NA,NA,2.494,TRUE
3.9e+14,"CLEAR LK A MOORING OA-04 NR CLEARLAKE OAKS CA",2020-07-28,14:24:13,"OAKS","OA-04",39.012694,-122.698986,27.033,318.4,721.9,8.34,FALSE,104.8,FALSE,8.67,4.48,NA,NA,3.05,FALSE
3.9e+14,"CLEAR LK A MOORING OA-04 NR CLEARLAKE OAKS CA",2020-07-28,14:25:37,"OAKS","OA-04",39.012694,-122.698986,26.881,319.1,722,7.96,FALSE,99.8,FALSE,8.65,2.53,NA,NA,3.491,FALSE
3.9e+14,"CLEAR LK A MOORING OA-04 NR CLEARLAKE OAKS CA",2020-07-28,14:26:35,"OAKS","OA-04",39.012694,-122.698986,26.758,318.8,721.9,8.35,FALSE,104.4,FALSE,8.67,9.43,NA,NA,4.017,FALSE
3.9e+14,"CLEAR LK A MOORING OA-04 NR CLEARLAKE OAKS CA",2020-07-28,14:30:21,"OAKS","OA-04",39.012694,-122.698986,26.502,318.6,722,8.11,FALSE,101,FALSE,8.67,3.29,NA,NA,4.52,FALSE
3.9e+14,"CLEAR LK A MOORING OA-04 NR CLEARLAKE OAKS CA",2020-07-28,14:31:35,"OAKS","OA-04",39.012694,-122.698986,26.431,319.3,722,7.51,FALSE,93.4,FALSE,8.62,2.87,NA,NA,5.081,FALSE
3.9e+14,"CLEAR LK A MOORING OA-04 NR CLEARLAKE OAKS CA",2020-07-28,14:38:02,"OAKS","OA-04",39.012694,-122.698986,26.393,319.5,721.9,7.35,FALSE,91.2,FALSE,8.61,2.75,NA,NA,5.551,FALSE
3.9e+14,"CLEAR LK A MOORING OA-04 NR CLEARLAKE OAKS CA",2020-07-28,14:38:53,"OAKS","OA-04",39.012694,-122.698986,26.36,319.9,721.8,7.17,FALSE,89,FALSE,8.59,2.18,NA,NA,6.011,FALSE
3.9e+14,"CLEAR LK A MOORING OA-04 NR CLEARLAKE OAKS CA",2020-07-28,14:39:49,"OAKS","OA-04",39.012694,-122.698986,26.315,320.1,721.8,7.01,FALSE,86.9,FALSE,8.57,2.14,NA,NA,6.531,FALSE
3.9e+14,"CLEAR LK A MOORING OA-04 NR CLEARLAKE OAKS CA",2020-07-28,14:40:39,"OAKS","OA-04",39.012694,-122.698986,26.314,320.1,721.7,6.98,FALSE,86.5,FALSE,8.58,2.48,NA,NA,6.972,FALSE
3.9e+14,"CLEAR LK A MOORING OA-04 NR CLEARLAKE OAKS CA",2020-07-28,14:42:02,"OAKS","OA-04",39.012694,-122.698986,26.312,320,721.8,6.92,FALSE,85.8,FALSE,8.59,2,NA,NA,7.526,FALSE
3.9e+14,"CLEAR LK A MOORING OA-04 NR CLEARLAKE OAKS CA",2020-07-28,14:42:55,"OAKS","OA-04",39.012694,-122.698986,26.264,320.3,721.8,6.85,FALSE,84.9,FALSE,8.56,1.82,NA,NA,7.989,FALSE
3.9e+14,"CLEAR LK A MOORING OA-04 NR CLEARLAKE OAKS CA",2020-07-28,14:44:13,"OAKS","OA-04",39.012694,-122.698986,26.193,320.8,721.7,6.71,FALSE,83,FALSE,8.54,1.74,NA,NA,8.506,FALSE
3.9e+14,"CLEAR LK A MOORING OA-04 NR CLEARLAKE OAKS CA",2020-07-28,14:45:27,"OAKS","OA-04",39.012694,-122.698986,26.001,324.8,721.7,5.23,FALSE,64.6,FALSE,8.37,1.82,NA,NA,9.01,FALSE
3.9e+14,"CLEAR LK A MOORING OA-04 NR CLEARLAKE OAKS CA",2020-07-28,14:47:01,"OAKS","OA-04",39.012694,-122.698986,25.541,333.9,721.7,0.62,FALSE,7.6,FALSE,7.57,2.48,NA,NA,9.512,FALSE
3.9e+14,"CLEAR LK A MOORING OA-04 NR CLEARLAKE OAKS CA",2020-07-28,14:48:23,"OAKS","OA-04",39.012694,-122.698986,24.514,344.1,721.7,0.41,FALSE,4.9,FALSE,6.84,1.88,NA,NA,10.049,FALSE
3.9e+14,"CLEAR LK A MOORING OA-04 NR CLEARLAKE OAKS CA",2020-07-28,14:49:26,"OAKS","OA-04",39.012694,-122.698986,24.456,343.4,721.7,0.39,FALSE,4.7,FALSE,6.85,1.78,NA,NA,10.49,TRUE
3.9e+14,"CLEAR LK A MOORING OA-04 NR CLEARLAKE OAKS CA",2020-07-28,14:50:39,"OAKS","OA-04",39.012694,-122.698986,24.429,344.4,721.7,0.37,FALSE,4.5,FALSE,6.8,1.98,NA,NA,11.019,FALSE
3.9e+14,"CLEAR LK A MOORING OA-04 NR CLEARLAKE OAKS CA",2020-07-28,14:51:44,"OAKS","OA-04",39.012694,-122.698986,24.424,344.7,721.7,0.37,FALSE,4.4,FALSE,6.81,2.07,NA,NA,11.242,FALSE
3.9e+14,"CLEAR LK A MOORING OA-04 NR CLEARLAKE OAKS CA",2020-07-28,14:52:43,"OAKS","OA-04",39.012694,-122.698986,24.423,344.7,721.7,0.36,FALSE,4.3,FALSE,6.81,2.12,NA,NA,11.342,FALSE
3.9e+14,"CLEAR LK A MOORING OA-10 NR CLEARLAKE OAKS CA",2020-08-12,10:47:36,"OAKS","OA-10",39.005078,-122.677356,27.213,314.5,723.9,11.74,FALSE,148,FALSE,9.28,3.43,5.197,14.96,0.493,FALSE
3.9e+14,"CLEAR LK A MOORING OA-10 NR CLEARLAKE OAKS CA",2020-08-12,10:50:57,"OAKS","OA-10",39.005078,-122.677356,27.193,314.6,723.9,11.78,FALSE,148.5,FALSE,9.28,3.31,5.988,15.16,1.021,FALSE
3.9e+14,"CLEAR LK A MOORING OA-10 NR CLEARLAKE OAKS CA",2020-08-12,10:52:14,"OAKS","OA-10",39.005078,-122.677356,27.107,314.6,723.9,11.64,FALSE,146.5,FALSE,9.27,4.64,7.436,15.29,1.511,FALSE
3.9e+14,"CLEAR LK A MOORING OA-10 NR CLEARLAKE OAKS CA",2020-08-12,10:54:10,"OAKS","OA-10",39.005078,-122.677356,27.006,315.4,724,11.08,FALSE,139.2,FALSE,9.25,2.67,4.542,15.62,2.006,FALSE
3.9e+14,"CLEAR LK A MOORING OA-10 NR CLEARLAKE OAKS CA",2020-08-12,10:56:16,"OAKS","OA-10",39.005078,-122.677356,26.975,317.6,723.9,10.18,FALSE,127.7,FALSE,9.17,4.58,7.551,16,2.52,FALSE
3.9e+14,"CLEAR LK A MOORING OA-10 NR CLEARLAKE OAKS CA",2020-08-12,10:58:11,"OAKS","OA-10",39.005078,-122.677356,26.824,320.9,723.8,8.69,FALSE,108.8,FALSE,9.07,4.44,8.278,16.21,3.055,FALSE
3.9e+14,"CLEAR LK A MOORING OA-10 NR CLEARLAKE OAKS CA",2020-08-12,10:59:22,"OAKS","OA-10",39.005078,-122.677356,26.571,319.3,723.9,9.26,FALSE,115.4,FALSE,9.11,4.57,6.396,16.59,3.487,FALSE
3.9e+14,"CLEAR LK A MOORING OA-10 NR CLEARLAKE OAKS CA",2020-08-12,11:00:19,"OAKS","OA-10",39.005078,-122.677356,26.404,319.8,723.8,8.86,FALSE,110.1,FALSE,9.07,4.03,10.985,16.34,4.005,FALSE
3.9e+14,"CLEAR LK A MOORING OA-10 NR CLEARLAKE OAKS CA",2020-08-12,11:01:46,"OAKS","OA-10",39.005078,-122.677356,25.941,325.2,723.8,6.96,FALSE,85.7,FALSE,8.85,3.55,8.718,17.69,4.492,FALSE
3.9e+14,"CLEAR LK A MOORING OA-10 NR CLEARLAKE OAKS CA",2020-08-12,11:05:09,"OAKS","OA-10",39.005078,-122.677356,25.875,324.4,723.8,6.75,FALSE,83.1,FALSE,8.86,2.7,7.046,17.42,5.055,FALSE
3.9e+14,"CLEAR LK A MOORING OA-10 NR CLEARLAKE OAKS CA",2020-08-12,11:07:15,"OAKS","OA-10",39.005078,-122.677356,25.869,324.4,723.8,6.81,FALSE,83.7,FALSE,8.86,3.32,10.44,17.41,5.472,FALSE
3.9e+14,"CLEAR LK A MOORING OA-10 NR CLEARLAKE OAKS CA",2020-08-12,11:09:28,"OAKS","OA-10",39.005078,-122.677356,25.87,324.5,723.8,6.8,FALSE,83.7,FALSE,8.86,2.88,6.729,17.54,6.035,FALSE
3.9e+14,"CLEAR LK A MOORING OA-10 NR CLEARLAKE OAKS CA",2020-08-12,11:10:36,"OAKS","OA-10",39.005078,-122.677356,25.751,323.9,723.8,7.49,FALSE,92,FALSE,8.89,2.37,8.636,17.45,6.504,FALSE
3.9e+14,"CLEAR LK A MOORING OA-10 NR CLEARLAKE OAKS CA",2020-08-12,11:13:22,"OAKS","OA-10",39.005078,-122.677356,25.677,324.4,723.8,7.2,FALSE,88.3,FALSE,8.86,2.65,7.348,17.65,7.001,FALSE
3.9e+14,"CLEAR LK A MOORING OA-10 NR CLEARLAKE OAKS CA",2020-08-12,11:16:42,"OAKS","OA-10",39.005078,-122.677356,25.631,326.6,723.7,6.43,FALSE,78.7,FALSE,8.71,2.43,6.988,17.81,7.49,FALSE
3.9e+14,"CLEAR LK A MOORING OA-10 NR CLEARLAKE OAKS CA",2020-08-12,11:18:49,"OAKS","OA-10",39.005078,-122.677356,25.62,326.3,723.8,6.3,FALSE,77.2,FALSE,8.71,2.5,7.986,17.62,7.999,FALSE
3.9e+14,"CLEAR LK A MOORING OA-10 NR CLEARLAKE OAKS CA",2020-08-12,11:19:59,"OAKS","OA-10",39.005078,-122.677356,25.617,327.3,723.8,5.95,FALSE,72.9,FALSE,8.67,2.96,8.239,17.94,8.466,TRUE
3.9e+14,"CLEAR LK A MOORING OA-10 NR CLEARLAKE OAKS CA",2020-08-12,11:23:01,"OAKS","OA-10",39.005078,-122.677356,25.616,328.1,723.8,5.51,FALSE,67.4,FALSE,8.65,4.25,10.63,17.91,9.015,FALSE
3.9e+14,"CLEAR LK A MOORING OA-10 NR CLEARLAKE OAKS CA",2020-08-12,11:24:52,"OAKS","OA-10",39.005078,-122.677356,25.612,328.9,723.8,4.55,FALSE,55.7,FALSE,8.58,3.93,11.607,17.67,9.288,FALSE
3.9e+14,"CLEAR LK A MOORING OA-10 NR CLEARLAKE OAKS CA",2020-08-12,11:26:20,"OAKS","OA-10",39.005078,-122.677356,25.572,333.5,723.8,3.35,FALSE,41,FALSE,8.28,5.38,15.701,17.97,9.525,FALSE
3.9e+14,"CLEAR LK A MOORING OA-09 NR CLEARLAKE OAKS CA",2020-08-12,12:11:36,"OAKS","OA-09",39.005822,-122.685253,27.398,314.7,723.5,12.31,FALSE,155.7,FALSE,9.3,4.14,3.298,14.52,0.534,FALSE
3.9e+14,"CLEAR LK A MOORING OA-09 NR CLEARLAKE OAKS CA",2020-08-12,12:12:39,"OAKS","OA-09",39.005822,-122.685253,27.291,314.8,723.5,12.25,FALSE,154.6,FALSE,9.29,4.13,4.633,14.55,1.004,FALSE
3.9e+14,"CLEAR LK A MOORING OA-09 NR CLEARLAKE OAKS CA",2020-08-12,12:13:23,"OAKS","OA-09",39.005822,-122.685253,27.016,315,723.5,12.05,FALSE,151.3,FALSE,9.27,2.77,5.106,15.55,1.504,FALSE
3.9e+14,"CLEAR LK A MOORING OA-09 NR CLEARLAKE OAKS CA",2020-08-12,12:14:08,"OAKS","OA-09",39.005822,-122.685253,26.835,315.9,723.5,11.43,FALSE,143.1,FALSE,9.24,2.97,4.923,15.43,2.059,FALSE
3.9e+14,"CLEAR LK A MOORING OA-09 NR CLEARLAKE OAKS CA",2020-08-12,12:15:24,"OAKS","OA-09",39.005822,-122.685253,26.748,316,723.6,11.1,FALSE,138.8,FALSE,9.24,3.78,8.086,15.61,2.515,FALSE
3.9e+14,"CLEAR LK A MOORING OA-09 NR CLEARLAKE OAKS CA",2020-08-12,12:16:32,"OAKS","OA-09",39.005822,-122.685253,26.483,317.5,723.5,10.33,FALSE,128.5,FALSE,9.18,2.98,6.008,16.34,3.03,FALSE
3.9e+14,"CLEAR LK A MOORING OA-09 NR CLEARLAKE OAKS CA",2020-08-12,12:18:57,"OAKS","OA-09",39.005822,-122.685253,26.446,317.6,723.5,10.24,FALSE,127.3,FALSE,9.18,3.26,6.053,16.24,3.499,FALSE
3.9e+14,"CLEAR LK A MOORING OA-09 NR CLEARLAKE OAKS CA",2020-08-12,12:20:05,"OAKS","OA-09",39.005822,-122.685253,26.217,319.7,723.5,9.43,FALSE,116.8,FALSE,9.09,3.16,8.337,16.63,4.058,FALSE
3.9e+14,"CLEAR LK A MOORING OA-09 NR CLEARLAKE OAKS CA",2020-08-12,12:20:52,"OAKS","OA-09",39.005822,-122.685253,26.191,320,723.5,9.22,FALSE,114.1,FALSE,9.08,3.93,9.716,16.59,4.507,FALSE
3.9e+14,"CLEAR LK A MOORING OA-09 NR CLEARLAKE OAKS CA",2020-08-12,12:22:03,"OAKS","OA-09",39.005822,-122.685253,25.956,321.8,723.5,8.74,FALSE,107.7,FALSE,9.02,3.53,6.68,16.52,5.066,FALSE
3.9e+14,"CLEAR LK A MOORING OA-09 NR CLEARLAKE OAKS CA",2020-08-12,12:23:17,"OAKS","OA-09",39.005822,-122.685253,25.928,322,723.5,8.79,FALSE,108.3,FALSE,9.01,3.46,5.441,16.98,5.494,FALSE
3.9e+14,"CLEAR LK A MOORING OA-09 NR CLEARLAKE OAKS CA",2020-08-12,12:26:56,"OAKS","OA-09",39.005822,-122.685253,25.888,322.2,723.5,8.76,FALSE,107.8,FALSE,9,3.85,8.425,16.77,6.043,FALSE
3.9e+14,"CLEAR LK A MOORING OA-09 NR CLEARLAKE OAKS CA",2020-08-12,12:30:17,"OAKS","OA-09",39.005822,-122.685253,25.9,322.2,723.5,8.75,FALSE,107.7,FALSE,9,3.34,8.603,16.68,6.492,FALSE
3.9e+14,"CLEAR LK A MOORING OA-09 NR CLEARLAKE OAKS CA",2020-08-12,12:32:01,"OAKS","OA-09",39.005822,-122.685253,25.736,322.5,723.5,8.37,FALSE,102.8,FALSE,8.98,3.21,8.646,17,7.084,FALSE
3.9e+14,"CLEAR LK A MOORING OA-09 NR CLEARLAKE OAKS CA",2020-08-12,12:34:47,"OAKS","OA-09",39.005822,-122.685253,25.63,323.7,723.4,7.75,FALSE,95,FALSE,8.93,4.73,8.258,17.26,8.072,FALSE
3.9e+14,"CLEAR LK A MOORING OA-09 NR CLEARLAKE OAKS CA",2020-08-12,12:36:42,"OAKS","OA-09",39.005822,-122.685253,25.635,324,723.5,7.71,FALSE,94.5,FALSE,8.91,4,8.849,17.34,8.494,FALSE
3.9e+14,"CLEAR LK A MOORING OA-09 NR CLEARLAKE OAKS CA",2020-08-12,12:38:05,"OAKS","OA-09",39.005822,-122.685253,25.57,324.6,723.4,7.3,FALSE,89.4,FALSE,8.85,3.55,9.279,17.47,9.007,FALSE
3.9e+14,"CLEAR LK A MOORING OA-09 NR CLEARLAKE OAKS CA",2020-08-12,12:39:25,"OAKS","OA-09",39.005822,-122.685253,25.499,330.8,723.4,6.12,FALSE,74.8,FALSE,8.49,4.65,10.151,17.76,9.51,FALSE
3.9e+14,"CLEAR LK A MOORING OA-09 NR CLEARLAKE OAKS CA",2020-08-12,12:40:55,"OAKS","OA-09",39.005822,-122.685253,25.466,337.6,723.5,5.11,FALSE,62.5,FALSE,7.61,5.32,9.145,16.8,10.042,FALSE
3.9e+14,"CLEAR LK A MOORING OA-09 NR CLEARLAKE OAKS CA",2020-08-12,12:44:12,"OAKS","OA-09",39.005822,-122.685253,25.444,337.4,723.5,4.78,FALSE,58.4,FALSE,7.63,4.82,11.996,17.07,10.509,FALSE
3.9e+14,"CLEAR LK A MOORING OA-09 NR CLEARLAKE OAKS CA",2020-08-12,12:45:01,"OAKS","OA-09",39.005822,-122.685253,25.42,336.5,723.4,4.14,FALSE,50.6,FALSE,7.81,4.99,9.943,17.39,11.042,FALSE
3.9e+14,"CLEAR LK A MOORING OA-09 NR CLEARLAKE OAKS CA",2020-08-12,12:46:57,"OAKS","OA-09",39.005822,-122.685253,25.419,335.1,723.4,4.18,FALSE,51,FALSE,7.99,3.9,10.183,17.78,11.486,FALSE
3.9e+14,"CLEAR LK A MOORING OA-09 NR CLEARLAKE OAKS CA",2020-08-12,12:47:52,"OAKS","OA-09",39.005822,-122.685253,25.414,335,723.4,4.08,FALSE,49.8,FALSE,8.02,4.14,12.217,17.48,12.06,FALSE
3.9e+14,"CLEAR LK A MOORING OA-09 NR CLEARLAKE OAKS CA",2020-08-12,12:50:48,"OAKS","OA-09",39.005822,-122.685253,25.394,336.3,723.4,3.4,FALSE,41.5,FALSE,7.87,5.42,10.778,17.61,12.509,FALSE
3.9e+14,"CLEAR LK A MOORING OA-09 NR CLEARLAKE OAKS CA",2020-08-12,12:52:36,"OAKS","OA-09",39.005822,-122.685253,25.38,338.4,723.4,2.91,FALSE,35.5,FALSE,7.38,5,11.98,17.53,13.041,FALSE
3.9e+14,"CLEAR LK A MOORING OA-09 NR CLEARLAKE OAKS CA",2020-08-12,12:55:58,"OAKS","OA-09",39.005822,-122.685253,25.367,340.9,723.4,2.36,FALSE,28.8,FALSE,6.76,7.17,10.739,16.87,13.501,FALSE
3.9e+14,"CLEAR LK A MOORING OA-09 NR CLEARLAKE OAKS CA",2020-08-12,12:57:45,"OAKS","OA-09",39.005822,-122.685253,25.337,341.2,723.4,1.56,FALSE,19,FALSE,6.76,6.5,7.596,16.96,14.032,FALSE
3.9e+14,"CLEAR LK A MOORING OA-09 NR CLEARLAKE OAKS CA",2020-08-12,12:59:22,"OAKS","OA-09",39.005822,-122.685253,25.337,341.6,723.2,1.6,FALSE,19.5,FALSE,6.7,6.54,10.268,16.93,14.487,FALSE
3.9e+14,"CLEAR LK A MOORING OA-09 NR CLEARLAKE OAKS CA",2020-08-12,13:00:19,"OAKS","OA-09",39.005822,-122.685253,25.329,341.5,723.3,1.64,FALSE,19.9,FALSE,6.65,7.78,10.081,16.93,15.039,TRUE
3.9e+14,"CLEAR LK A MOORING OA-09 NR CLEARLAKE OAKS CA",2020-08-12,13:01:18,"OAKS","OA-09",39.005822,-122.685253,25.324,341.7,723.2,1.4,FALSE,17.1,FALSE,6.65,6.44,9.874,16.94,15.499,FALSE
3.9e+14,"CLEAR LK A MOORING OA-09 NR CLEARLAKE OAKS CA",2020-08-12,13:04:09,"OAKS","OA-09",39.005822,-122.685253,25.315,341.7,723.2,1.22,FALSE,14.9,FALSE,6.68,8.81,10.261,16.78,15.732,FALSE
3.9e+14,"CLEAR LK A MOORING OA-09 NR CLEARLAKE OAKS CA",2020-08-12,13:04:59,"OAKS","OA-09",39.005822,-122.685253,25.317,342,723.3,1.23,FALSE,15,FALSE,6.67,6.38,8.348,16.66,15.916,FALSE
3.9e+14,"CLEAR LK A MOORING OA-09 NR CLEARLAKE OAKS CA",2020-08-12,13:05:34,"OAKS","OA-09",39.005822,-122.685253,25.316,341.7,723.2,1.22,FALSE,14.8,FALSE,6.66,10.31,10.713,16.62,16.215,FALSE
3.9e+14,"CLEAR LK A MOORING OA-09 NR CLEARLAKE OAKS CA",2020-08-12,13:08:08,"OAKS","OA-09",39.005822,-122.685253,25.314,341.8,723.2,1.11,FALSE,13.5,FALSE,6.69,11.57,11.322,15.91,16.161,FALSE
3.9e+14,"CLEAR LK A MOORING OA-09 NR CLEARLAKE OAKS CA",2020-08-12,13:20:41,"OAKS","OA-09",39.005822,-122.685253,25.671,323.8,723.2,7.67,FALSE,94.1,FALSE,8.93,3.38,10.503,17.41,7.512,FALSE
3.9e+14,"CLEAR LK A MOORING OA-04 NR CLEARLAKE OAKS CA",2020-08-12,14:04:06,"OAKS","OA-04",39.012694,-122.698986,27.27,317.7,722.9,11.63,FALSE,146.8,FALSE,9.22,2.88,4.774,14.93,0.508,FALSE
3.9e+14,"CLEAR LK A MOORING OA-04 NR CLEARLAKE OAKS CA",2020-08-12,14:05:40,"OAKS","OA-04",39.012694,-122.698986,27.223,317.4,722.9,11.76,FALSE,148.2,FALSE,9.23,3.7,4.61,14.89,1.036,FALSE
3.9e+14,"CLEAR LK A MOORING OA-04 NR CLEARLAKE OAKS CA",2020-08-12,14:06:33,"OAKS","OA-04",39.012694,-122.698986,27.076,317,722.9,11.85,FALSE,149,FALSE,9.23,6.49,5.361,15.44,1.495,FALSE
3.9e+14,"CLEAR LK A MOORING OA-04 NR CLEARLAKE OAKS CA",2020-08-12,14:08:29,"OAKS","OA-04",39.012694,-122.698986,26.788,316.8,723,11.71,FALSE,146.6,FALSE,9.24,2.86,4.415,15.75,1.986,FALSE
3.9e+14,"CLEAR LK A MOORING OA-04 NR CLEARLAKE OAKS CA",2020-08-12,14:09:47,"OAKS","OA-04",39.012694,-122.698986,26.585,316.7,722.9,11.42,FALSE,142.3,FALSE,9.24,1.9,3.364,16.21,2.509,FALSE
3.9e+14,"CLEAR LK A MOORING OA-04 NR CLEARLAKE OAKS CA",2020-08-12,14:10:57,"OAKS","OA-04",39.012694,-122.698986,26.484,317,722.9,11.23,FALSE,139.7,FALSE,9.21,2.98,6.422,15.9,3.06,TRUE
3.9e+14,"CLEAR LK A MOORING OA-04 NR CLEARLAKE OAKS CA",2020-08-12,14:12:42,"OAKS","OA-04",39.012694,-122.698986,26.351,318.1,722.9,10.71,FALSE,132.9,FALSE,9.17,2.69,6.336,16.16,3.505,FALSE
3.9e+14,"CLEAR LK A MOORING OA-04 NR CLEARLAKE OAKS CA",2020-08-12,14:15:12,"OAKS","OA-04",39.012694,-122.698986,26.251,319.2,722.9,10.19,FALSE,126.3,FALSE,9.13,2.75,7.911,16.41,4.053,FALSE
3.9e+14,"CLEAR LK A MOORING OA-04 NR CLEARLAKE OAKS CA",2020-08-12,14:15:56,"OAKS","OA-04",39.012694,-122.698986,26.167,319.8,722.9,9.91,FALSE,122.6,FALSE,9.11,4.6,11.173,16.56,4.567,FALSE
3.9e+14,"CLEAR LK A MOORING OA-04 NR CLEARLAKE OAKS CA",2020-08-12,14:16:55,"OAKS","OA-04",39.012694,-122.698986,26.104,320.3,722.9,9.59,FALSE,118.6,FALSE,9.09,3.17,7.974,16.66,5.025,FALSE
3.9e+14,"CLEAR LK A MOORING OA-04 NR CLEARLAKE OAKS CA",2020-08-12,14:18:07,"OAKS","OA-04",39.012694,-122.698986,26.098,320.7,723,9.47,FALSE,117,FALSE,9.07,3.39,10.252,16.69,5.493,FALSE
3.9e+14,"CLEAR LK A MOORING OA-04 NR CLEARLAKE OAKS CA",2020-08-12,14:18:57,"OAKS","OA-04",39.012694,-122.698986,26.088,321.2,722.9,9.33,FALSE,115.2,FALSE,9.06,3.53,7.623,16.55,6.005,FALSE
3.9e+14,"CLEAR LK A MOORING OA-04 NR CLEARLAKE OAKS CA",2020-08-12,14:21:14,"OAKS","OA-04",39.012694,-122.698986,26.037,321.4,722.9,9.27,FALSE,114.4,FALSE,9.04,3.49,9.47,16.37,6.496,FALSE
3.9e+14,"CLEAR LK A MOORING OA-04 NR CLEARLAKE OAKS CA",2020-08-12,14:21:59,"OAKS","OA-04",39.012694,-122.698986,25.959,321.8,722.9,9.46,FALSE,116.6,FALSE,9.04,3.74,9.026,16.64,6.989,FALSE
3.9e+14,"CLEAR LK A MOORING OA-04 NR CLEARLAKE OAKS CA",2020-08-12,14:24:29,"OAKS","OA-04",39.012694,-122.698986,25.708,323.2,722.9,8.9,FALSE,109.2,FALSE,8.98,4.01,9.967,16.62,7.508,FALSE
3.9e+14,"CLEAR LK A MOORING OA-04 NR CLEARLAKE OAKS CA",2020-08-12,14:25:17,"OAKS","OA-04",39.012694,-122.698986,25.629,323.4,722.9,8.61,FALSE,105.4,FALSE,8.97,3.2,9.441,16.51,7.994,FALSE
3.9e+14,"CLEAR LK A MOORING OA-04 NR CLEARLAKE OAKS CA",2020-08-12,14:26:29,"OAKS","OA-04",39.012694,-122.698986,25.516,323.5,722.9,8.17,FALSE,99.9,FALSE,8.95,3.28,8.161,17.29,8.529,FALSE
3.9e+14,"CLEAR LK A MOORING OA-04 NR CLEARLAKE OAKS CA",2020-08-12,14:27:07,"OAKS","OA-04",39.012694,-122.698986,25.482,323.7,722.9,7.72,FALSE,94.3,FALSE,8.92,2.86,7.915,17.77,9.017,FALSE
3.9e+14,"CLEAR LK A MOORING OA-04 NR CLEARLAKE OAKS CA",2020-08-12,14:27:54,"OAKS","OA-04",39.012694,-122.698986,25.434,324.3,722.9,7.31,FALSE,89.2,FALSE,8.9,2.65,8.232,17.59,9.523,FALSE
3.9e+14,"CLEAR LK A MOORING OA-04 NR CLEARLAKE OAKS CA",2020-08-12,14:28:58,"OAKS","OA-04",39.012694,-122.698986,25.418,324.5,722.9,7.12,FALSE,86.9,FALSE,8.89,4.32,13.818,17.96,10.013,FALSE
3.9e+14,"CLEAR LK A MOORING OA-04 NR CLEARLAKE OAKS CA",2020-08-12,14:29:55,"OAKS","OA-04",39.012694,-122.698986,25.402,325,722.9,6.93,FALSE,84.5,FALSE,8.86,4.69,11.16,17.67,10.51,TRUE
3.9e+14,"CLEAR LK A MOORING OA-04 NR CLEARLAKE OAKS CA",2020-08-12,14:30:44,"OAKS","OA-04",39.012694,-122.698986,25.398,325.3,722.9,6.8,FALSE,82.9,FALSE,8.85,5.69,11.711,17.75,11.095,FALSE
3.9e+14,"CLEAR LK A MOORING OA-04 NR CLEARLAKE OAKS CA",2020-08-12,14:31:57,"OAKS","OA-04",39.012694,-122.698986,25.397,325.5,722.9,6.7,FALSE,81.7,FALSE,8.84,6.76,11.228,17.6,11.207,FALSE
3.9e+14,"CLEAR LK A MOORING OA-10 NR CLEARLAKE OAKS CA",2020-12-02,11:40:54,"OAKS","OA-10",39.005078,-122.677356,12.136,353.5,729.6,7.55,FALSE,70.3,FALSE,7.84,4.69,4.157,25.12,0.527,FALSE
3.9e+14,"CLEAR LK A MOORING OA-10 NR CLEARLAKE OAKS CA",2020-12-02,11:42:44,"OAKS","OA-10",39.005078,-122.677356,12.056,353.4,729.5,7.33,FALSE,68.2,FALSE,7.82,4.3,3.402,25.35,1.043,FALSE
3.9e+14,"CLEAR LK A MOORING OA-10 NR CLEARLAKE OAKS CA",2020-12-02,11:43:59,"OAKS","OA-10",39.005078,-122.677356,12.024,353.3,729.5,7.17,FALSE,66.6,FALSE,7.8,4.59,3.108,25.42,1.502,FALSE
3.9e+14,"CLEAR LK A MOORING OA-10 NR CLEARLAKE OAKS CA",2020-12-02,11:46:08,"OAKS","OA-10",39.005078,-122.677356,12.017,353.3,729.4,7.11,FALSE,66.1,FALSE,7.78,4.17,3.608,25.25,2.018,FALSE
3.9e+14,"CLEAR LK A MOORING OA-10 NR CLEARLAKE OAKS CA",2020-12-02,11:47:25,"OAKS","OA-10",39.005078,-122.677356,12.01,353.4,729.4,7.09,FALSE,65.9,FALSE,7.78,17.61,2.885,25.33,2.524,TRUE
3.9e+14,"CLEAR LK A MOORING OA-10 NR CLEARLAKE OAKS CA",2020-12-02,11:49:03,"OAKS","OA-10",39.005078,-122.677356,12.013,353.2,729.3,7.06,FALSE,65.6,FALSE,7.77,4.01,3.206,25.15,3.036,FALSE
3.9e+14,"CLEAR LK A MOORING OA-10 NR CLEARLAKE OAKS CA",2020-12-02,11:50:10,"OAKS","OA-10",39.005078,-122.677356,12.002,353.4,729.3,7.03,FALSE,65.3,FALSE,7.76,4.1,2.915,25.42,3.507,FALSE
3.9e+14,"CLEAR LK A MOORING OA-10 NR CLEARLAKE OAKS CA",2020-12-02,11:51:31,"OAKS","OA-10",39.005078,-122.677356,12,353.2,729.2,7.01,FALSE,65.1,FALSE,7.76,4.33,2.968,25.35,4.075,FALSE
3.9e+14,"CLEAR LK A MOORING OA-10 NR CLEARLAKE OAKS CA",2020-12-02,11:53:37,"OAKS","OA-10",39.005078,-122.677356,11.994,353.2,729.3,7.01,FALSE,65.1,FALSE,7.75,4.33,2.963,25.43,4.504,FALSE
3.9e+14,"CLEAR LK A MOORING OA-10 NR CLEARLAKE OAKS CA",2020-12-02,11:54:32,"OAKS","OA-10",39.005078,-122.677356,11.992,353.3,729.2,7,FALSE,65,FALSE,7.75,4.01,2.921,25.38,5.039,FALSE
3.9e+14,"CLEAR LK A MOORING OA-10 NR CLEARLAKE OAKS CA",2020-12-02,11:56:51,"OAKS","OA-10",39.005078,-122.677356,11.985,353.4,729.2,6.99,FALSE,64.9,FALSE,7.74,4.03,3.662,25.42,5.502,FALSE
3.9e+14,"CLEAR LK A MOORING OA-10 NR CLEARLAKE OAKS CA",2020-12-02,11:59:14,"OAKS","OA-10",39.005078,-122.677356,11.977,353.3,729.2,6.98,FALSE,64.8,FALSE,7.73,4.09,3.289,25.35,6.509,FALSE
3.9e+14,"CLEAR LK A MOORING OA-10 NR CLEARLAKE OAKS CA",2020-12-02,12:00:51,"OAKS","OA-10",39.005078,-122.677356,11.974,353.3,729.2,6.97,FALSE,64.7,FALSE,7.72,4.01,2.937,25.26,7.072,FALSE
3.9e+14,"CLEAR LK A MOORING OA-10 NR CLEARLAKE OAKS CA",2020-12-02,12:02:46,"OAKS","OA-10",39.005078,-122.677356,11.977,353.3,729.2,6.95,FALSE,64.6,FALSE,7.71,4.12,3.053,25.17,7.479,TRUE
3.9e+14,"CLEAR LK A MOORING OA-10 NR CLEARLAKE OAKS CA",2020-12-02,12:03:40,"OAKS","OA-10",39.005078,-122.677356,11.975,353.2,729.2,6.94,FALSE,64.4,FALSE,7.71,4.96,3.145,25,8.022,FALSE
3.9e+14,"CLEAR LK A MOORING OA-10 NR CLEARLAKE OAKS CA",2020-12-02,12:04:56,"OAKS","OA-10",39.005078,-122.677356,11.982,353.3,729.2,6.87,FALSE,63.8,FALSE,7.71,6.99,2.635,24.84,8.504,FALSE
3.9e+14,"CLEAR LK A MOORING OA-09 NR CLEARLAKE OAKS CA",2020-12-02,12:12:06,"OAKS","OA-09",39.005822,-122.685253,12.385,353.2,728.5,7.77,FALSE,72.8,FALSE,7.76,4.59,4.622,24.88,0.499,FALSE
3.9e+14,"CLEAR LK A MOORING OA-09 NR CLEARLAKE OAKS CA",2020-12-02,12:14:04,"OAKS","OA-09",39.005822,-122.685253,12.131,353.3,728.4,7.42,FALSE,69.2,FALSE,7.73,6.32,3.122,25.06,1.007,FALSE
3.9e+14,"CLEAR LK A MOORING OA-09 NR CLEARLAKE OAKS CA",2020-12-02,12:16:55,"OAKS","OA-09",39.005822,-122.685253,12.039,353.2,728.4,7.12,FALSE,66.2,FALSE,7.7,4.56,2.698,25.3,1.483,FALSE
3.9e+14,"CLEAR LK A MOORING OA-09 NR CLEARLAKE OAKS CA",2020-12-02,12:18:37,"OAKS","OA-09",39.005822,-122.685253,12.005,353.3,728.4,6.96,FALSE,64.7,FALSE,7.69,4.65,2.768,25.32,2.049,FALSE
3.9e+14,"CLEAR LK A MOORING OA-09 NR CLEARLAKE OAKS CA",2020-12-02,12:19:53,"OAKS","OA-09",39.005822,-122.685253,11.994,353.3,728.4,6.89,FALSE,64,FALSE,7.68,4.21,2.544,25.43,2.548,TRUE
3.9e+14,"CLEAR LK A MOORING OA-09 NR CLEARLAKE OAKS CA",2020-12-02,12:20:40,"OAKS","OA-09",39.005822,-122.685253,11.987,353.3,728.4,6.85,FALSE,63.6,FALSE,7.67,4.46,2.567,25.28,3.025,FALSE
3.9e+14,"CLEAR LK A MOORING OA-09 NR CLEARLAKE OAKS CA",2020-12-02,12:22:36,"OAKS","OA-09",39.005822,-122.685253,11.974,353,728.3,6.86,FALSE,63.6,FALSE,7.67,4.29,2.501,25.3,3.514,FALSE
3.9e+14,"CLEAR LK A MOORING OA-09 NR CLEARLAKE OAKS CA",2020-12-02,12:24:08,"OAKS","OA-09",39.005822,-122.685253,11.968,353.3,728.3,6.86,FALSE,63.7,FALSE,7.67,4.22,2.445,25.54,4.013,FALSE
3.9e+14,"CLEAR LK A MOORING OA-09 NR CLEARLAKE OAKS CA",2020-12-02,12:25:32,"OAKS","OA-09",39.005822,-122.685253,11.968,353.2,728.4,6.86,FALSE,63.7,FALSE,7.67,4.41,3.079,25.44,4.529,FALSE
3.9e+14,"CLEAR LK A MOORING OA-09 NR CLEARLAKE OAKS CA",2020-12-02,12:27:11,"OAKS","OA-09",39.005822,-122.685253,11.97,353.2,728.4,6.85,FALSE,63.6,FALSE,7.66,4.14,3.324,25.25,4.988,FALSE
3.9e+14,"CLEAR LK A MOORING OA-09 NR CLEARLAKE OAKS CA",2020-12-02,12:28:08,"OAKS","OA-09",39.005822,-122.685253,11.958,353.3,728.3,6.87,FALSE,63.8,FALSE,7.67,4.53,2.969,25.3,5.519,FALSE
3.9e+14,"CLEAR LK A MOORING OA-09 NR CLEARLAKE OAKS CA",2020-12-02,12:29:58,"OAKS","OA-09",39.005822,-122.685253,11.959,353.2,728.4,6.9,FALSE,64,FALSE,7.68,5.03,2.885,25.31,5.998,FALSE
3.9e+14,"CLEAR LK A MOORING OA-09 NR CLEARLAKE OAKS CA",2020-12-02,12:31:21,"OAKS","OA-09",39.005822,-122.685253,11.955,353.1,728.3,6.89,FALSE,63.9,FALSE,7.67,4.31,2.656,25.46,6.501,FALSE
3.9e+14,"CLEAR LK A MOORING OA-09 NR CLEARLAKE OAKS CA",2020-12-02,12:32:25,"OAKS","OA-09",39.005822,-122.685253,11.953,353.3,728.3,6.89,FALSE,64,FALSE,7.67,4.2,3.277,23.6,7.077,FALSE
3.9e+14,"CLEAR LK A MOORING OA-09 NR CLEARLAKE OAKS CA",2020-12-02,12:33:14,"OAKS","OA-09",39.005822,-122.685253,11.956,353.3,728.3,6.83,FALSE,63.4,FALSE,7.66,15.68,2.254,25.34,7.476,FALSE
3.9e+14,"CLEAR LK A MOORING OA-09 NR CLEARLAKE OAKS CA",2020-12-02,12:34:21,"OAKS","OA-09",39.005822,-122.685253,11.957,353.3,728.3,6.83,FALSE,63.4,FALSE,7.66,5.14,2.443,25.2,8.054,FALSE
3.9e+14,"CLEAR LK A MOORING OA-09 NR CLEARLAKE OAKS CA",2020-12-02,12:35:20,"OAKS","OA-09",39.005822,-122.685253,11.956,353.2,728.2,6.82,FALSE,63.3,FALSE,7.65,5.24,2.505,25.16,8.524,FALSE
3.9e+14,"CLEAR LK A MOORING OA-09 NR CLEARLAKE OAKS CA",2020-12-02,12:37:14,"OAKS","OA-09",39.005822,-122.685253,11.957,353.2,728.3,6.81,FALSE,63.2,FALSE,7.66,5.58,2.627,25.11,9.026,TRUE
3.9e+14,"CLEAR LK A MOORING OA-09 NR CLEARLAKE OAKS CA",2020-12-02,12:38:30,"OAKS","OA-09",39.005822,-122.685253,11.959,353.5,728.2,6.8,FALSE,63.1,FALSE,7.66,5.14,2.593,25.06,9.486,FALSE
3.9e+14,"CLEAR LK A MOORING OA-09 NR CLEARLAKE OAKS CA",2020-12-02,12:39:40,"OAKS","OA-09",39.005822,-122.685253,11.965,353.4,728.2,6.72,FALSE,62.4,FALSE,7.66,7.72,2.584,25.1,9.854,FALSE
3.9e+14,"CLEAR LK A MOORING OA-04 NR CLEARLAKE OAKS CA",2020-12-02,13:32:39,"OAKS","OA-04",39.012694,-122.698986,12.298,352.6,727.8,7.77,FALSE,72.7,FALSE,7.99,3.64,2.345,24.58,0.544,FALSE
3.9e+14,"CLEAR LK A MOORING OA-04 NR CLEARLAKE OAKS CA",2020-12-02,13:36:02,"OAKS","OA-04",39.012694,-122.698986,12.227,352.3,727.7,7.81,FALSE,72.9,FALSE,7.97,4.04,3.574,24.66,1.069,FALSE
3.9e+14,"CLEAR LK A MOORING OA-04 NR CLEARLAKE OAKS CA",2020-12-02,13:37:29,"OAKS","OA-04",39.012694,-122.698986,12.05,352.5,727.7,7.75,FALSE,72.1,FALSE,7.93,3.9,3.574,24.99,1.512,FALSE
3.9e+14,"CLEAR LK A MOORING OA-04 NR CLEARLAKE OAKS CA",2020-12-02,13:39:12,"OAKS","OA-04",39.012694,-122.698986,12.029,352.6,727.7,7.68,FALSE,71.4,FALSE,7.9,4.41,2.835,25.2,2.095,FALSE
3.9e+14,"CLEAR LK A MOORING OA-04 NR CLEARLAKE OAKS CA",2020-12-02,13:40:38,"OAKS","OA-04",39.012694,-122.698986,12.006,352.7,727.7,7.65,FALSE,71.1,FALSE,7.87,4.77,3.019,25.2,2.504,TRUE
3.9e+14,"CLEAR LK A MOORING OA-04 NR CLEARLAKE OAKS CA",2020-12-02,13:42:09,"OAKS","OA-04",39.012694,-122.698986,11.993,352.5,727.7,7.53,FALSE,70,FALSE,7.85,3.86,3.263,25.22,3.091,FALSE
3.9e+14,"CLEAR LK A MOORING OA-04 NR CLEARLAKE OAKS CA",2020-12-02,13:43:34,"OAKS","OA-04",39.012694,-122.698986,11.94,352.7,727.7,7.34,FALSE,68,FALSE,7.82,4.27,2.964,25.32,3.487,FALSE
3.9e+14,"CLEAR LK A MOORING OA-04 NR CLEARLAKE OAKS CA",2020-12-02,13:44:29,"OAKS","OA-04",39.012694,-122.698986,11.882,352.9,727.7,7.16,FALSE,66.3,FALSE,7.79,5.64,2.27,25.32,4.034,FALSE
3.9e+14,"CLEAR LK A MOORING OA-04 NR CLEARLAKE OAKS CA",2020-12-02,13:46:18,"OAKS","OA-04",39.012694,-122.698986,11.848,352.7,727.7,6.97,FALSE,64.5,FALSE,7.76,4.16,2.975,25.35,4.501,FALSE
3.9e+14,"CLEAR LK A MOORING OA-04 NR CLEARLAKE OAKS CA",2020-12-02,13:47:12,"OAKS","OA-04",39.012694,-122.698986,11.831,352.8,727.7,6.92,FALSE,64,FALSE,7.74,4.63,2.167,25.33,4.991,FALSE
3.9e+14,"CLEAR LK A MOORING OA-04 NR CLEARLAKE OAKS CA",2020-12-02,13:53:30,"OAKS","OA-04",39.012694,-122.698986,11.793,353,727.7,6.85,FALSE,63.3,FALSE,7.71,4.53,2.197,25.18,5.533,FALSE
3.9e+14,"CLEAR LK A MOORING OA-04 NR CLEARLAKE OAKS CA",2020-12-02,13:54:18,"OAKS","OA-04",39.012694,-122.698986,11.724,353,727.7,6.88,FALSE,63.5,FALSE,7.71,5.14,2.596,25.56,6.055,FALSE
3.9e+14,"CLEAR LK A MOORING OA-04 NR CLEARLAKE OAKS CA",2020-12-02,13:55:13,"OAKS","OA-04",39.012694,-122.698986,11.709,352.9,727.6,6.93,FALSE,64,FALSE,7.72,4.14,2.305,25.49,6.487,FALSE
3.9e+14,"CLEAR LK A MOORING OA-04 NR CLEARLAKE OAKS CA",2020-12-02,13:57:19,"OAKS","OA-04",39.012694,-122.698986,11.631,353.1,727.6,6.94,FALSE,63.9,FALSE,7.74,4.46,2.493,25.64,6.999,FALSE
3.9e+14,"CLEAR LK A MOORING OA-04 NR CLEARLAKE OAKS CA",2020-12-02,13:58:36,"OAKS","OA-04",39.012694,-122.698986,11.619,353.1,727.6,6.98,FALSE,64.2,FALSE,7.74,4.09,2.205,25.41,7.489,FALSE
3.9e+14,"CLEAR LK A MOORING OA-04 NR CLEARLAKE OAKS CA",2020-12-02,14:00:44,"OAKS","OA-04",39.012694,-122.698986,11.619,353,727.6,6.96,FALSE,64.1,FALSE,7.74,5.15,1.727,25.41,8.003,FALSE
3.9e+14,"CLEAR LK A MOORING OA-04 NR CLEARLAKE OAKS CA",2020-12-02,14:01:59,"OAKS","OA-04",39.012694,-122.698986,11.618,353.1,727.7,6.96,FALSE,64,FALSE,7.73,5.04,2.205,25.43,8.489,FALSE
3.9e+14,"CLEAR LK A MOORING OA-04 NR CLEARLAKE OAKS CA",2020-12-02,14:03:01,"OAKS","OA-04",39.012694,-122.698986,11.619,353,727.6,6.92,FALSE,63.7,FALSE,7.72,5.16,1.899,25.42,8.984,FALSE
3.9e+14,"CLEAR LK A MOORING OA-04 NR CLEARLAKE OAKS CA",2020-12-02,14:04:40,"OAKS","OA-04",39.012694,-122.698986,11.613,352.9,727.5,6.92,FALSE,63.7,FALSE,7.73,5.73,2.059,25.3,9.501,FALSE
3.9e+14,"CLEAR LK A MOORING OA-04 NR CLEARLAKE OAKS CA",2020-12-02,14:05:34,"OAKS","OA-04",39.012694,-122.698986,11.598,352.8,727.6,6.94,FALSE,63.9,FALSE,7.74,5.41,1.813,25.31,10.076,TRUE
3.9e+14,"CLEAR LK A MOORING OA-04 NR CLEARLAKE OAKS CA",2020-12-02,14:07:19,"OAKS","OA-04",39.012694,-122.698986,11.609,352.8,727.6,6.84,FALSE,62.9,FALSE,7.73,8.12,1.963,25,10.51,FALSE
3.9e+14,"CLEAR LK A MOORING OA-04 NR CLEARLAKE OAKS CA",2020-12-02,14:08:04,"OAKS","OA-04",39.012694,-122.698986,11.61,352.8,727.5,6.79,FALSE,62.5,FALSE,7.72,8.61,2.564,25.09,10.935,FALSE
3.9e+14,"CLEAR LK A MOORING OA-10 NR CLEARLAKE OAKS CA",2021-02-10,10:47:50,"OAKS","OA-10",39.005078,-122.677356,9.899,340,727.7,15.12,FALSE,133.8,FALSE,8.56,2.66,4.443,20.67,0.495,FALSE
3.9e+14,"CLEAR LK A MOORING OA-10 NR CLEARLAKE OAKS CA",2021-02-10,10:49:45,"OAKS","OA-10",39.005078,-122.677356,9.861,339.8,727.7,15.17,FALSE,134.1,FALSE,8.55,2.69,8.393,20.83,1.061,FALSE
3.9e+14,"CLEAR LK A MOORING OA-10 NR CLEARLAKE OAKS CA",2021-02-10,10:50:41,"OAKS","OA-10",39.005078,-122.677356,9.779,340,727.7,15.22,FALSE,134.3,FALSE,8.56,2.82,12.168,21.11,1.504,FALSE
3.9e+14,"CLEAR LK A MOORING OA-10 NR CLEARLAKE OAKS CA",2021-02-10,10:53:51,"OAKS","OA-10",39.005078,-122.677356,9.66,340.2,727.7,14.73,FALSE,129.6,FALSE,8.52,2.61,14.058,21.08,2.048,FALSE
3.9e+14,"CLEAR LK A MOORING OA-10 NR CLEARLAKE OAKS CA",2021-02-10,10:55:26,"OAKS","OA-10",39.005078,-122.677356,9.6,341,727.7,14.21,FALSE,124.8,FALSE,8.44,3.1,13.519,21.18,2.521,TRUE
3.9e+14,"CLEAR LK A MOORING OA-10 NR CLEARLAKE OAKS CA",2021-02-10,11:00:46,"OAKS","OA-10",39.005078,-122.677356,9.45,341.3,727.6,13.75,FALSE,120.4,FALSE,8.37,3.01,14.14,21.39,3.056,FALSE
3.9e+14,"CLEAR LK A MOORING OA-10 NR CLEARLAKE OAKS CA",2021-02-10,11:02:36,"OAKS","OA-10",39.005078,-122.677356,9.37,341.5,727.7,13.41,FALSE,117.2,FALSE,8.37,2.66,13.753,21.48,3.491,FALSE
3.9e+14,"CLEAR LK A MOORING OA-10 NR CLEARLAKE OAKS CA",2021-02-10,11:07:00,"OAKS","OA-10",39.005078,-122.677356,9.366,341.5,727.6,13.42,FALSE,117.2,FALSE,8.36,2.4,14.149,21.49,3.523,FALSE
3.9e+14,"CLEAR LK A MOORING OA-10 NR CLEARLAKE OAKS CA",2021-02-10,11:09:18,"OAKS","OA-10",39.005078,-122.677356,9.346,341.7,727.6,13.28,FALSE,115.9,FALSE,8.35,3.17,14.673,21.44,4.007,FALSE
3.9e+14,"CLEAR LK A MOORING OA-10 NR CLEARLAKE OAKS CA",2021-02-10,11:10:03,"OAKS","OA-10",39.005078,-122.677356,9.328,341.8,727.5,13.22,FALSE,115.4,FALSE,8.33,2.79,16.086,21.53,4.517,FALSE
3.9e+14,"CLEAR LK A MOORING OA-10 NR CLEARLAKE OAKS CA",2021-02-10,11:10:47,"OAKS","OA-10",39.005078,-122.677356,9.313,341.7,727.6,13.18,FALSE,115,FALSE,8.32,3,16.634,21.36,5.035,FALSE
3.9e+14,"CLEAR LK A MOORING OA-10 NR CLEARLAKE OAKS CA",2021-02-10,11:11:36,"OAKS","OA-10",39.005078,-122.677356,9.275,342.2,727.7,12.83,FALSE,111.8,FALSE,8.28,3.37,14.449,21.38,5.528,FALSE
3.9e+14,"CLEAR LK A MOORING OA-10 NR CLEARLAKE OAKS CA",2021-02-10,11:12:35,"OAKS","OA-10",39.005078,-122.677356,9.258,342.2,727.6,12.8,FALSE,111.6,FALSE,8.27,3.55,15.434,21.39,6.024,FALSE
3.9e+14,"CLEAR LK A MOORING OA-10 NR CLEARLAKE OAKS CA",2021-02-10,11:13:19,"OAKS","OA-10",39.005078,-122.677356,9.234,342.4,727.5,12.74,FALSE,110.9,FALSE,8.26,2.72,14.827,21.6,6.493,FALSE
3.9e+14,"CLEAR LK A MOORING OA-10 NR CLEARLAKE OAKS CA",2021-02-10,11:14:17,"OAKS","OA-10",39.005078,-122.677356,9.208,342.4,727.5,12.6,FALSE,109.6,FALSE,8.25,2.87,15.61,21.51,7.025,TRUE
3.9e+14,"CLEAR LK A MOORING OA-10 NR CLEARLAKE OAKS CA",2021-02-10,11:15:13,"OAKS","OA-10",39.005078,-122.677356,9.184,342.6,727.6,12.5,FALSE,108.7,FALSE,8.24,3.68,15.204,21.55,7.453,FALSE
3.9e+14,"CLEAR LK A MOORING OA-10 NR CLEARLAKE OAKS CA",2021-02-10,11:15:43,"OAKS","OA-10",39.005078,-122.677356,9.194,342.7,727.6,12.44,FALSE,108.2,FALSE,8.22,3.46,14.788,21.43,7.998,FALSE
3.9e+14,"CLEAR LK A MOORING OA-09 NR CLEARLAKE OAKS CA",2021-02-10,13:47:26,"OAKS","OA-09",39.005822,-122.685253,10.469,339.3,726.2,15.55,FALSE,139.4,FALSE,8.64,2.45,5.223,20.05,0.41,FALSE
3.9e+14,"CLEAR LK A MOORING OA-09 NR CLEARLAKE OAKS CA",2021-02-10,13:47:52,"OAKS","OA-09",39.005822,-122.685253,10.477,339.3,726.3,15.53,FALSE,139.3,FALSE,8.64,2.7,5.266,20.21,0.512,FALSE
3.9e+14,"CLEAR LK A MOORING OA-09 NR CLEARLAKE OAKS CA",2021-02-10,13:48:19,"OAKS","OA-09",39.005822,-122.685253,10.308,339.3,726.2,15.7,FALSE,140.3,FALSE,8.66,2.37,8.94,20.31,1.065,FALSE
3.9e+14,"CLEAR LK A MOORING OA-09 NR CLEARLAKE OAKS CA",2021-02-10,13:51:01,"OAKS","OA-09",39.005822,-122.685253,9.996,339,726.2,15.88,FALSE,140.8,FALSE,8.65,2.94,11.625,21.05,1.521,FALSE
3.9e+14,"CLEAR LK A MOORING OA-09 NR CLEARLAKE OAKS CA",2021-02-10,13:52:06,"OAKS","OA-09",39.005822,-122.685253,9.503,339.3,726.2,15.75,FALSE,138,FALSE,8.63,3.04,13.372,21.22,2.062,FALSE
3.9e+14,"CLEAR LK A MOORING OA-09 NR CLEARLAKE OAKS CA",2021-02-10,13:52:42,"OAKS","OA-09",39.005822,-122.685253,9.299,340,726.2,15.15,FALSE,132.1,FALSE,8.57,2.91,14.102,21.34,2.503,TRUE
3.9e+14,"CLEAR LK A MOORING OA-09 NR CLEARLAKE OAKS CA",2021-02-10,13:53:49,"OAKS","OA-09",39.005822,-122.685253,9.167,341.4,726.2,13.84,FALSE,120.3,FALSE,8.41,2.81,15.265,21.57,2.98,FALSE
3.9e+14,"CLEAR LK A MOORING OA-09 NR CLEARLAKE OAKS CA",2021-02-10,13:54:35,"OAKS","OA-09",39.005822,-122.685253,9.121,341.8,726.2,13.43,FALSE,116.6,FALSE,8.36,2.74,16.085,21.45,3.557,FALSE
3.9e+14,"CLEAR LK A MOORING OA-09 NR CLEARLAKE OAKS CA",2021-02-10,13:55:17,"OAKS","OA-09",39.005822,-122.685253,9.097,342,726.2,13.2,FALSE,114.6,FALSE,8.34,2.56,15.367,21.43,4.043,FALSE
3.9e+14,"CLEAR LK A MOORING OA-09 NR CLEARLAKE OAKS CA",2021-02-10,13:56:01,"OAKS","OA-09",39.005822,-122.685253,9.081,342.1,726.2,13.08,FALSE,113.4,FALSE,8.32,2.83,14.94,21.62,4.49,FALSE
3.9e+14,"CLEAR LK A MOORING OA-09 NR CLEARLAKE OAKS CA",2021-02-10,13:56:36,"OAKS","OA-09",39.005822,-122.685253,9.07,342.2,726.2,12.96,FALSE,112.4,FALSE,8.3,2.44,16.068,21.5,5.071,FALSE
3.9e+14,"CLEAR LK A MOORING OA-09 NR CLEARLAKE OAKS CA",2021-02-10,13:57:10,"OAKS","OA-09",39.005822,-122.685253,9.062,342.4,726.2,12.88,FALSE,111.7,FALSE,8.29,2.22,15.129,21.71,5.502,FALSE
3.9e+14,"CLEAR LK A MOORING OA-09 NR CLEARLAKE OAKS CA",2021-02-10,13:57:48,"OAKS","OA-09",39.005822,-122.685253,9.055,342.4,726.2,12.83,FALSE,111.2,FALSE,8.28,3.5,15.081,21.53,6.069,FALSE
3.9e+14,"CLEAR LK A MOORING OA-09 NR CLEARLAKE OAKS CA",2021-02-10,13:58:32,"OAKS","OA-09",39.005822,-122.685253,9.043,342.8,726.2,12.66,FALSE,109.7,FALSE,8.22,2.56,15.125,21.58,6.503,FALSE
3.9e+14,"CLEAR LK A MOORING OA-09 NR CLEARLAKE OAKS CA",2021-02-10,13:59:28,"OAKS","OA-09",39.005822,-122.685253,9.019,343,726.2,12.46,FALSE,107.9,FALSE,8.17,2.42,14.86,21.69,7.064,FALSE
3.9e+14,"CLEAR LK A MOORING OA-09 NR CLEARLAKE OAKS CA",2021-02-10,14:00:11,"OAKS","OA-09",39.005822,-122.685253,9.012,343.1,726.2,12.42,FALSE,107.6,FALSE,8.17,2.42,14.224,21.66,7.513,FALSE
3.9e+14,"CLEAR LK A MOORING OA-09 NR CLEARLAKE OAKS CA",2021-02-10,14:01:24,"OAKS","OA-09",39.005822,-122.685253,9.009,342.8,726.2,12.4,FALSE,107.4,FALSE,8.19,2.62,13.385,21.58,8.021,FALSE
3.9e+14,"CLEAR LK A MOORING OA-09 NR CLEARLAKE OAKS CA",2021-02-10,14:02:22,"OAKS","OA-09",39.005822,-122.685253,9.001,343.2,726.2,12.31,FALSE,106.6,FALSE,8.16,2.56,13.121,21.67,8.521,FALSE
3.9e+14,"CLEAR LK A MOORING OA-09 NR CLEARLAKE OAKS CA",2021-02-10,14:03:12,"OAKS","OA-09",39.005822,-122.685253,8.968,343.5,726.2,11.99,FALSE,103.8,FALSE,8.09,2.11,13.229,21.59,9.041,FALSE
3.9e+14,"CLEAR LK A MOORING OA-09 NR CLEARLAKE OAKS CA",2021-02-10,14:04:07,"OAKS","OA-09",39.005822,-122.685253,8.963,343.7,726.2,11.91,FALSE,103,FALSE,8.08,2.37,13.136,21.69,9.494,FALSE
3.9e+14,"CLEAR LK A MOORING OA-09 NR CLEARLAKE OAKS CA",2021-02-10,14:05:12,"OAKS","OA-09",39.005822,-122.685253,8.956,343.9,726.1,11.79,FALSE,102,FALSE,8.05,2.35,13.957,21.6,10.079,FALSE
3.9e+14,"CLEAR LK A MOORING OA-09 NR CLEARLAKE OAKS CA",2021-02-10,14:05:52,"OAKS","OA-09",39.005822,-122.685253,8.951,343.9,726.1,11.76,FALSE,101.7,FALSE,8.04,2.43,12.355,21.73,10.415,FALSE
3.9e+14,"CLEAR LK A MOORING OA-09 NR CLEARLAKE OAKS CA",2021-02-10,14:06:41,"OAKS","OA-09",39.005822,-122.685253,8.948,343.9,726.2,11.7,FALSE,101.2,FALSE,8.03,2.22,11.918,21.8,11.009,FALSE
3.9e+14,"CLEAR LK A MOORING OA-09 NR CLEARLAKE OAKS CA",2021-02-10,14:07:35,"OAKS","OA-09",39.005822,-122.685253,8.946,343.8,726.1,11.69,FALSE,101.1,FALSE,8.03,2.39,12.904,21.87,11.518,FALSE
3.9e+14,"CLEAR LK A MOORING OA-09 NR CLEARLAKE OAKS CA",2021-02-10,14:08:13,"OAKS","OA-09",39.005822,-122.685253,8.922,344.4,726.1,11.41,FALSE,98.7,FALSE,7.91,2.54,13.215,21.76,12.095,FALSE
3.9e+14,"CLEAR LK A MOORING OA-09 NR CLEARLAKE OAKS CA",2021-02-10,14:09:00,"OAKS","OA-09",39.005822,-122.685253,8.914,348.4,726.1,10.75,FALSE,92.9,FALSE,7.08,3.1,12.323,21.65,12.483,FALSE
3.9e+14,"CLEAR LK A MOORING OA-09 NR CLEARLAKE OAKS CA",2021-02-10,14:09:53,"OAKS","OA-09",39.005822,-122.685253,8.896,351.1,726.1,10.28,FALSE,88.8,FALSE,6.81,3,9.76,21.22,13.037,FALSE
3.9e+14,"CLEAR LK A MOORING OA-09 NR CLEARLAKE OAKS CA",2021-02-10,14:10:37,"OAKS","OA-09",39.005822,-122.685253,8.855,352.2,726,9.84,FALSE,84.9,FALSE,6.75,3,9.745,21.5,13.473,FALSE
3.9e+14,"CLEAR LK A MOORING OA-09 NR CLEARLAKE OAKS CA",2021-02-10,14:11:17,"OAKS","OA-09",39.005822,-122.685253,8.842,351.6,726,9.65,FALSE,83.3,FALSE,6.74,3.03,9.455,21.54,14.025,FALSE
3.9e+14,"CLEAR LK A MOORING OA-09 NR CLEARLAKE OAKS CA",2021-02-10,14:11:57,"OAKS","OA-09",39.005822,-122.685253,8.826,351.6,726,9.4,FALSE,81.1,FALSE,6.73,2.87,9.035,21.67,14.532,FALSE
3.9e+14,"CLEAR LK A MOORING OA-09 NR CLEARLAKE OAKS CA",2021-02-10,14:18:37,"OAKS","OA-09",39.005822,-122.685253,8.792,351.9,726.2,7.95,FALSE,68.5,FALSE,6.78,25.81,9.618,19.85,14.97,TRUE
3.9e+14,"CLEAR LK A MOORING OA-04 NR CLEARLAKE OAKS CA",2021-02-10,15:04:12,"OAKS","OA-04",39.012694,-122.698986,9.467,342.7,725.5,12.85,FALSE,112.5,FALSE,8.23,2.17,4.677,21.32,0.492,FALSE
3.9e+14,"CLEAR LK A MOORING OA-04 NR CLEARLAKE OAKS CA",2021-02-10,15:04:59,"OAKS","OA-04",39.012694,-122.698986,9.348,343,725.5,12.95,FALSE,113.1,FALSE,8.25,2.2,8.501,21.25,1.04,FALSE
3.9e+14,"CLEAR LK A MOORING OA-04 NR CLEARLAKE OAKS CA",2021-02-10,15:05:52,"OAKS","OA-04",39.012694,-122.698986,9.298,342.7,725.5,12.98,FALSE,113.2,FALSE,8.25,2.26,11.79,21.39,1.524,FALSE
3.9e+14,"CLEAR LK A MOORING OA-04 NR CLEARLAKE OAKS CA",2021-02-10,15:06:40,"OAKS","OA-04",39.012694,-122.698986,9.177,342.8,725.6,12.84,FALSE,111.7,FALSE,8.23,2.63,11.523,21.49,2.07,FALSE
3.9e+14,"CLEAR LK A MOORING OA-04 NR CLEARLAKE OAKS CA",2021-02-10,15:07:31,"OAKS","OA-04",39.012694,-122.698986,9.127,342.7,725.6,12.71,FALSE,110.4,FALSE,8.22,2.24,13.279,21.58,2.528,TRUE
3.9e+14,"CLEAR LK A MOORING OA-04 NR CLEARLAKE OAKS CA",2021-02-10,15:08:05,"OAKS","OA-04",39.012694,-122.698986,9.099,342.9,725.6,12.66,FALSE,109.9,FALSE,8.22,2.62,13.325,21.69,3.036,FALSE
3.9e+14,"CLEAR LK A MOORING OA-04 NR CLEARLAKE OAKS CA",2021-02-10,15:09:14,"OAKS","OA-04",39.012694,-122.698986,9.075,342.8,725.6,12.6,FALSE,109.3,FALSE,8.22,2.72,13.647,21.62,3.493,FALSE
3.9e+14,"CLEAR LK A MOORING OA-04 NR CLEARLAKE OAKS CA",2021-02-10,15:10:00,"OAKS","OA-04",39.012694,-122.698986,9.019,342.9,725.6,12.46,FALSE,107.9,FALSE,8.2,2.44,13.073,21.54,4.011,FALSE
3.9e+14,"CLEAR LK A MOORING OA-04 NR CLEARLAKE OAKS CA",2021-02-10,15:10:52,"OAKS","OA-04",39.012694,-122.698986,8.96,342.9,725.6,12.28,FALSE,106.2,FALSE,8.19,2.44,13.852,21.56,4.518,FALSE
3.9e+14,"CLEAR LK A MOORING OA-04 NR CLEARLAKE OAKS CA",2021-02-10,15:11:43,"OAKS","OA-04",39.012694,-122.698986,8.92,343,725.6,12.17,FALSE,105.1,FALSE,8.19,2.29,14.01,21.84,5.049,FALSE
3.9e+14,"CLEAR LK A MOORING OA-04 NR CLEARLAKE OAKS CA",2021-02-10,15:12:51,"OAKS","OA-04",39.012694,-122.698986,8.912,342.9,725.6,12.11,FALSE,104.6,FALSE,8.18,2.44,14.069,21.81,5.536,FALSE
3.9e+14,"CLEAR LK A MOORING OA-04 NR CLEARLAKE OAKS CA",2021-02-10,15:14:00,"OAKS","OA-04",39.012694,-122.698986,8.913,343,725.4,12.1,FALSE,104.5,FALSE,8.18,2.36,14.811,21.76,6.049,FALSE
3.9e+14,"CLEAR LK A MOORING OA-04 NR CLEARLAKE OAKS CA",2021-02-10,15:15:09,"OAKS","OA-04",39.012694,-122.698986,8.903,343,725.5,12.09,FALSE,104.5,FALSE,8.18,2.45,13.406,21.68,6.52,FALSE
3.9e+14,"CLEAR LK A MOORING OA-04 NR CLEARLAKE OAKS CA",2021-02-10,15:15:48,"OAKS","OA-04",39.012694,-122.698986,8.901,342.9,725.5,12.09,FALSE,104.4,FALSE,8.18,2.21,12.962,21.77,7.076,FALSE
3.9e+14,"CLEAR LK A MOORING OA-04 NR CLEARLAKE OAKS CA",2021-02-10,15:16:56,"OAKS","OA-04",39.012694,-122.698986,8.9,343,725.5,12.08,FALSE,104.3,FALSE,8.18,2.48,14.113,21.87,7.505,FALSE
3.9e+14,"CLEAR LK A MOORING OA-04 NR CLEARLAKE OAKS CA",2021-02-10,15:17:34,"OAKS","OA-04",39.012694,-122.698986,8.891,343.1,725.4,12.06,FALSE,104.1,FALSE,8.17,2.55,14.413,21.9,8.041,FALSE
3.9e+14,"CLEAR LK A MOORING OA-04 NR CLEARLAKE OAKS CA",2021-02-10,15:18:19,"OAKS","OA-04",39.012694,-122.698986,8.878,343.3,725.4,11.9,FALSE,102.7,FALSE,8.14,2.11,13.999,21.68,8.503,FALSE
3.9e+14,"CLEAR LK A MOORING OA-04 NR CLEARLAKE OAKS CA",2021-02-10,15:19:10,"OAKS","OA-04",39.012694,-122.698986,8.811,344.1,725.5,11.19,FALSE,96.4,FALSE,8,2.04,11.497,21.93,8.993,FALSE
3.9e+14,"CLEAR LK A MOORING OA-04 NR CLEARLAKE OAKS CA",2021-02-10,15:19:56,"OAKS","OA-04",39.012694,-122.698986,8.799,344.1,725.4,11.14,FALSE,96,FALSE,8,1.86,12.579,22.15,9.502,FALSE
3.9e+14,"CLEAR LK A MOORING OA-04 NR CLEARLAKE OAKS CA",2021-02-10,15:20:48,"OAKS","OA-04",39.012694,-122.698986,8.671,345.2,725.4,9.6,FALSE,82.5,FALSE,7.8,2.17,9.095,22.41,10.002,FALSE
3.9e+14,"CLEAR LK A MOORING OA-04 NR CLEARLAKE OAKS CA",2021-02-10,15:21:45,"OAKS","OA-04",39.012694,-122.698986,8.647,345.6,725.5,8.13,FALSE,69.8,FALSE,7.69,2.55,8.177,22.42,10.494,TRUE
3.9e+14,"CLEAR LK A MOORING OA-04 NR CLEARLAKE OAKS CA",2021-02-10,15:22:23,"OAKS","OA-04",39.012694,-122.698986,8.646,345.5,725.4,7.92,FALSE,68,FALSE,7.69,2.68,7.769,22.53,11.021,FALSE
3.9e+14,"CLEAR LK A MOORING OA-10 NR CLEARLAKE OAKS CA",2021-02-23,11:00:47,"OAKS","OA-10",39.005078,-122.677356,10.986,337,731.1,14.98,FALSE,135.9,FALSE,8.53,1.75,1.156,20.14,0.498,FALSE
3.9e+14,"CLEAR LK A MOORING OA-10 NR CLEARLAKE OAKS CA",2021-02-23,11:02:00,"OAKS","OA-10",39.005078,-122.677356,10.709,336.6,731.1,15.36,FALSE,138.5,FALSE,8.58,3.08,2.515,20.46,1.061,FALSE
3.9e+14,"CLEAR LK A MOORING OA-10 NR CLEARLAKE OAKS CA",2021-02-23,11:03:55,"OAKS","OA-10",39.005078,-122.677356,10.583,336.5,731,15.36,FALSE,138.1,FALSE,8.63,3.33,5.388,20.48,1.467,FALSE
3.9e+14,"CLEAR LK A MOORING OA-10 NR CLEARLAKE OAKS CA",2021-02-23,11:05:06,"OAKS","OA-10",39.005078,-122.677356,10.519,336.6,731.1,15.34,FALSE,137.7,FALSE,8.61,3.45,7.227,20.66,2.036,FALSE
3.9e+14,"CLEAR LK A MOORING OA-10 NR CLEARLAKE OAKS CA",2021-02-23,11:06:29,"OAKS","OA-10",39.005078,-122.677356,10.488,336.6,731.1,15.36,FALSE,137.8,FALSE,8.61,2.78,8.829,20.66,2.504,TRUE
3.9e+14,"CLEAR LK A MOORING OA-10 NR CLEARLAKE OAKS CA",2021-02-23,11:07:40,"OAKS","OA-10",39.005078,-122.677356,10.454,336.8,731,15.29,FALSE,137,FALSE,8.65,2.67,8.742,20.49,3.009,FALSE
3.9e+14,"CLEAR LK A MOORING OA-10 NR CLEARLAKE OAKS CA",2021-02-23,11:09:17,"OAKS","OA-10",39.005078,-122.677356,10.419,336.9,731,15.14,FALSE,135.6,FALSE,8.64,2.43,7.4,20.66,3.472,FALSE
3.9e+14,"CLEAR LK A MOORING OA-10 NR CLEARLAKE OAKS CA",2021-02-23,11:10:46,"OAKS","OA-10",39.005078,-122.677356,10.395,337.2,731,14.93,FALSE,133.6,FALSE,8.66,2.31,7.837,20.53,4.027,FALSE
3.9e+14,"CLEAR LK A MOORING OA-10 NR CLEARLAKE OAKS CA",2021-02-23,11:11:58,"OAKS","OA-10",39.005078,-122.677356,10.205,338.2,731,14.62,FALSE,130.3,FALSE,8.6,2.83,10.04,21.02,4.509,FALSE
3.9e+14,"CLEAR LK A MOORING OA-10 NR CLEARLAKE OAKS CA",2021-02-23,11:12:51,"OAKS","OA-10",39.005078,-122.677356,10.085,338,731,14.61,FALSE,129.9,FALSE,8.6,3.69,11.114,21.25,5.043,FALSE
3.9e+14,"CLEAR LK A MOORING OA-10 NR CLEARLAKE OAKS CA",2021-02-23,11:14:16,"OAKS","OA-10",39.005078,-122.677356,9.996,338.5,730.9,14.27,FALSE,126.5,FALSE,8.63,3.16,10.656,21.26,5.484,FALSE
3.9e+14,"CLEAR LK A MOORING OA-10 NR CLEARLAKE OAKS CA",2021-02-23,11:15:10,"OAKS","OA-10",39.005078,-122.677356,9.94,338.9,731,13.93,FALSE,123.4,FALSE,8.59,2.85,10.092,21.38,6.004,FALSE
3.9e+14,"CLEAR LK A MOORING OA-10 NR CLEARLAKE OAKS CA",2021-02-23,11:16:38,"OAKS","OA-10",39.005078,-122.677356,9.911,339.1,730.9,13.7,FALSE,121.2,FALSE,8.56,3.15,12.291,21.28,6.494,FALSE
3.9e+14,"CLEAR LK A MOORING OA-10 NR CLEARLAKE OAKS CA",2021-02-23,11:22:42,"OAKS","OA-10",39.005078,-122.677356,9.906,340.1,730.9,13.09,FALSE,115.8,FALSE,8.48,4.01,14.595,21.15,6.986,TRUE
3.9e+14,"CLEAR LK A MOORING OA-10 NR CLEARLAKE OAKS CA",2021-02-23,11:25:04,"OAKS","OA-10",39.005078,-122.677356,9.908,340.5,730.9,12.89,FALSE,114,FALSE,8.46,4.66,14.346,21.01,7.277,FALSE
3.9e+14,"CLEAR LK A MOORING OA-09 NR CLEARLAKE OAKS CA",2021-02-23,13:07:32,"OAKS","OA-09",39.005822,-122.685253,11.376,337.4,729.2,14.92,FALSE,136.6,FALSE,8.76,2.09,1.542,19.73,0.503,FALSE
3.9e+14,"CLEAR LK A MOORING OA-09 NR CLEARLAKE OAKS CA",2021-02-23,13:09:10,"OAKS","OA-09",39.005822,-122.685253,11.259,337.3,729.2,15.26,FALSE,139.4,FALSE,8.76,2.07,1.96,19.79,1.003,FALSE
3.9e+14,"CLEAR LK A MOORING OA-09 NR CLEARLAKE OAKS CA",2021-02-23,13:10:32,"OAKS","OA-09",39.005822,-122.685253,11.022,337.5,729.2,15.43,FALSE,140.1,FALSE,8.77,2.52,2.757,20.12,1.507,FALSE
3.9e+14,"CLEAR LK A MOORING OA-09 NR CLEARLAKE OAKS CA",2021-02-23,13:11:31,"OAKS","OA-09",39.005822,-122.685253,10.524,337,729.2,15.67,FALSE,140.7,FALSE,8.78,2.26,4.519,20.64,2.017,FALSE
3.9e+14,"CLEAR LK A MOORING OA-09 NR CLEARLAKE OAKS CA",2021-02-23,13:12:48,"OAKS","OA-09",39.005822,-122.685253,10.348,336.9,729.2,15.6,FALSE,139.4,FALSE,8.77,2.49,6.541,20.66,2.517,TRUE
3.9e+14,"CLEAR LK A MOORING OA-09 NR CLEARLAKE OAKS CA",2021-02-23,13:13:41,"OAKS","OA-09",39.005822,-122.685253,10.252,337.4,729.2,15.28,FALSE,136.3,FALSE,8.73,2.4,8.132,20.67,3.046,FALSE
3.9e+14,"CLEAR LK A MOORING OA-09 NR CLEARLAKE OAKS CA",2021-02-23,13:14:30,"OAKS","OA-09",39.005822,-122.685253,10.249,337.3,729.2,15.21,FALSE,135.7,FALSE,8.72,2.41,8.819,20.87,3.471,FALSE
3.9e+14,"CLEAR LK A MOORING OA-09 NR CLEARLAKE OAKS CA",2021-02-23,13:16:49,"OAKS","OA-09",39.005822,-122.685253,10.19,339.6,729.1,14.84,FALSE,132.1,FALSE,8.48,2.72,9.88,20.7,4.068,FALSE
3.9e+14,"CLEAR LK A MOORING OA-09 NR CLEARLAKE OAKS CA",2021-02-23,13:19:10,"OAKS","OA-09",39.005822,-122.685253,9.993,343.7,729.2,14.06,FALSE,124.6,FALSE,7.93,2.69,10.257,20.5,4.501,FALSE
3.9e+14,"CLEAR LK A MOORING OA-09 NR CLEARLAKE OAKS CA",2021-02-23,13:20:55,"OAKS","OA-09",39.005822,-122.685253,9.84,339.4,729.1,13.82,FALSE,122.1,FALSE,8.57,2.83,10.565,21.37,5.03,FALSE
3.9e+14,"CLEAR LK A MOORING OA-09 NR CLEARLAKE OAKS CA",2021-02-23,13:22:37,"OAKS","OA-09",39.005822,-122.685253,9.825,339.4,729.2,13.73,FALSE,121.3,FALSE,8.56,2.6,11.641,21.32,5.508,FALSE
3.9e+14,"CLEAR LK A MOORING OA-09 NR CLEARLAKE OAKS CA",2021-02-23,13:23:46,"OAKS","OA-09",39.005822,-122.685253,9.817,339.6,729.2,13.63,FALSE,120.3,FALSE,8.57,2.66,13.494,21.19,6.002,FALSE
3.9e+14,"CLEAR LK A MOORING OA-09 NR CLEARLAKE OAKS CA",2021-02-23,13:25:42,"OAKS","OA-09",39.005822,-122.685253,9.803,339.8,729.2,13.53,FALSE,119.4,FALSE,8.55,2.76,13.461,21.35,6.475,FALSE
3.9e+14,"CLEAR LK A MOORING OA-09 NR CLEARLAKE OAKS CA",2021-02-23,13:26:55,"OAKS","OA-09",39.005822,-122.685253,9.79,340.1,729.2,13.3,FALSE,117.4,FALSE,8.51,2.76,12.385,21.22,7.003,FALSE
3.9e+14,"CLEAR LK A MOORING OA-09 NR CLEARLAKE OAKS CA",2021-02-23,13:29:08,"OAKS","OA-09",39.005822,-122.685253,9.768,340.7,729.1,12.93,FALSE,114,FALSE,8.43,2.74,11.603,21.45,7.463,FALSE
3.9e+14,"CLEAR LK A MOORING OA-09 NR CLEARLAKE OAKS CA",2021-02-23,13:30:22,"OAKS","OA-09",39.005822,-122.685253,9.763,340.7,728.9,13,FALSE,114.6,FALSE,8.45,3.06,12.651,21.24,8.075,FALSE
3.9e+14,"CLEAR LK A MOORING OA-09 NR CLEARLAKE OAKS CA",2021-02-23,13:31:31,"OAKS","OA-09",39.005822,-122.685253,9.756,343.1,729.2,12.84,FALSE,113.2,FALSE,8.15,3.17,14.425,20.96,8.525,FALSE
3.9e+14,"CLEAR LK A MOORING OA-09 NR CLEARLAKE OAKS CA",2021-02-23,13:32:25,"OAKS","OA-09",39.005822,-122.685253,9.739,343.2,729.2,12.66,FALSE,111.6,FALSE,8.03,2.97,11.877,20.8,9.077,FALSE
3.9e+14,"CLEAR LK A MOORING OA-09 NR CLEARLAKE OAKS CA",2021-02-23,13:33:07,"OAKS","OA-09",39.005822,-122.685253,9.699,344.1,729.2,12.51,FALSE,110.1,FALSE,7.82,2.86,11.685,20.89,9.502,FALSE
3.9e+14,"CLEAR LK A MOORING OA-09 NR CLEARLAKE OAKS CA",2021-02-23,13:34:28,"OAKS","OA-09",39.005822,-122.685253,9.741,349.9,729.1,11.57,FALSE,102,FALSE,6.92,4.29,13.178,20.3,10.005,FALSE
3.9e+14,"CLEAR LK A MOORING OA-09 NR CLEARLAKE OAKS CA",2021-02-23,13:35:58,"OAKS","OA-09",39.005822,-122.685253,9.74,349.1,729,11.72,FALSE,103.3,FALSE,6.93,4.45,12.579,20.55,10.531,FALSE
3.9e+14,"CLEAR LK A MOORING OA-09 NR CLEARLAKE OAKS CA",2021-02-23,13:37:35,"OAKS","OA-09",39.005822,-122.685253,9.725,346.8,728.9,12.01,FALSE,105.9,FALSE,7.15,3.36,10.946,20.5,11.011,FALSE
3.9e+14,"CLEAR LK A MOORING OA-09 NR CLEARLAKE OAKS CA",2021-02-23,13:39:28,"OAKS","OA-09",39.005822,-122.685253,9.731,347.5,728.9,11.93,FALSE,105.1,FALSE,7.1,3.99,12.402,20.6,11.502,FALSE
3.9e+14,"CLEAR LK A MOORING OA-09 NR CLEARLAKE OAKS CA",2021-02-23,13:39:57,"OAKS","OA-09",39.005822,-122.685253,9.724,348.1,728.9,11.76,FALSE,103.6,FALSE,7.01,3.91,11.597,20.56,11.936,FALSE
3.9e+14,"CLEAR LK A MOORING OA-09 NR CLEARLAKE OAKS CA",2021-02-23,13:41:43,"OAKS","OA-09",39.005822,-122.685253,9.762,350,729,11.55,FALSE,101.8,FALSE,6.81,4.32,11.387,20.39,12.47,FALSE
3.9e+14,"CLEAR LK A MOORING OA-09 NR CLEARLAKE OAKS CA",2021-02-23,13:43:01,"OAKS","OA-09",39.005822,-122.685253,9.745,349.1,728.9,11.42,FALSE,100.7,FALSE,6.83,4.14,13.653,20.53,13.098,FALSE
3.9e+14,"CLEAR LK A MOORING OA-09 NR CLEARLAKE OAKS CA",2021-02-23,13:44:26,"OAKS","OA-09",39.005822,-122.685253,9.721,350.4,728.9,11.21,FALSE,98.8,FALSE,6.85,3.94,12.415,20.49,13.514,FALSE
3.9e+14,"CLEAR LK A MOORING OA-09 NR CLEARLAKE OAKS CA",2021-02-23,13:46:07,"OAKS","OA-09",39.005822,-122.685253,9.742,350.1,728.9,11.35,FALSE,100.1,FALSE,6.81,4.32,12.252,20.36,14.054,FALSE
3.9e+14,"CLEAR LK A MOORING OA-09 NR CLEARLAKE OAKS CA",2021-02-23,13:47:13,"OAKS","OA-09",39.005822,-122.685253,9.741,350.4,729,11.34,FALSE,100,FALSE,6.8,4.51,11.256,20.41,14.535,FALSE
3.9e+14,"CLEAR LK A MOORING OA-09 NR CLEARLAKE OAKS CA",2021-02-23,13:47:33,"OAKS","OA-09",39.005822,-122.685253,9.74,349.8,728.9,11.34,FALSE,100,FALSE,6.8,4.51,11.585,20.42,14.53,FALSE
3.9e+14,"CLEAR LK A MOORING OA-09 NR CLEARLAKE OAKS CA",2021-02-23,13:48:30,"OAKS","OA-09",39.005822,-122.685253,9.753,350.5,728.9,11.32,FALSE,99.8,FALSE,6.79,4.41,11.414,20.33,15.004,FALSE
3.9e+14,"CLEAR LK A MOORING OA-09 NR CLEARLAKE OAKS CA",2021-02-23,13:49:50,"OAKS","OA-09",39.005822,-122.685253,9.736,350.1,728.9,11.27,FALSE,99.3,FALSE,6.8,4.35,11.517,20.45,15.576,FALSE
3.9e+14,"CLEAR LK A MOORING OA-09 NR CLEARLAKE OAKS CA",2021-02-23,13:50:47,"OAKS","OA-09",39.005822,-122.685253,9.728,349.2,728.9,11.19,FALSE,98.6,FALSE,6.81,3.71,14.115,20.53,16.016,FALSE
3.9e+14,"CLEAR LK A MOORING OA-09 NR CLEARLAKE OAKS CA",2021-02-23,13:51:50,"OAKS","OA-09",39.005822,-122.685253,9.579,345.6,728.9,10.11,FALSE,88.8,FALSE,7.19,4.24,13.785,20.62,16.539,FALSE
3.9e+14,"CLEAR LK A MOORING OA-09 NR CLEARLAKE OAKS CA",2021-02-23,13:52:25,"OAKS","OA-09",39.005822,-122.685253,9.584,349.8,728.9,9.77,FALSE,85.8,FALSE,7.14,5.19,14.654,20.49,17.002,TRUE
3.9e+14,"CLEAR LK A MOORING OA-04 NR CLEARLAKE OAKS CA",2021-02-23,14:40:50,"OAKS","OA-04",39.012694,-122.698986,11.103,337.4,728.6,15.37,FALSE,139.8,FALSE,8.78,3,2.154,19.96,0.505,FALSE
3.9e+14,"CLEAR LK A MOORING OA-04 NR CLEARLAKE OAKS CA",2021-02-23,14:42:21,"OAKS","OA-04",39.012694,-122.698986,10.935,337.3,728.5,15.48,FALSE,140.2,FALSE,8.78,2.18,2.987,20.17,1.025,FALSE
3.9e+14,"CLEAR LK A MOORING OA-04 NR CLEARLAKE OAKS CA",2021-02-23,14:43:09,"OAKS","OA-04",39.012694,-122.698986,10.702,337.2,728.6,15.61,FALSE,140.7,FALSE,8.79,2.56,5.491,20.37,1.501,FALSE
3.9e+14,"CLEAR LK A MOORING OA-04 NR CLEARLAKE OAKS CA",2021-02-23,14:43:56,"OAKS","OA-04",39.012694,-122.698986,10.251,337.4,728.5,15.46,FALSE,137.9,FALSE,8.77,2.47,8.581,20.8,1.988,FALSE
3.9e+14,"CLEAR LK A MOORING OA-04 NR CLEARLAKE OAKS CA",2021-02-23,14:44:59,"OAKS","OA-04",39.012694,-122.698986,10.04,337.7,728.6,15.14,FALSE,134.3,FALSE,8.74,2.83,7.75,21.11,2.507,TRUE
3.9e+14,"CLEAR LK A MOORING OA-04 NR CLEARLAKE OAKS CA",2021-02-23,14:46:55,"OAKS","OA-04",39.012694,-122.698986,9.913,337.9,728.5,14.87,FALSE,131.5,FALSE,8.72,2.72,9.031,21.12,3.048,FALSE
3.9e+14,"CLEAR LK A MOORING OA-04 NR CLEARLAKE OAKS CA",2021-02-23,14:47:44,"OAKS","OA-04",39.012694,-122.698986,9.876,338.4,728.5,14.56,FALSE,128.8,FALSE,8.67,2.56,10.978,21.2,3.493,FALSE
3.9e+14,"CLEAR LK A MOORING OA-04 NR CLEARLAKE OAKS CA",2021-02-23,14:48:31,"OAKS","OA-04",39.012694,-122.698986,9.829,338.6,728.5,14.32,FALSE,126.4,FALSE,8.64,2.57,11.063,21.35,4.049,FALSE
3.9e+14,"CLEAR LK A MOORING OA-04 NR CLEARLAKE OAKS CA",2021-02-23,14:49:26,"OAKS","OA-04",39.012694,-122.698986,9.686,339.6,728.6,13.51,FALSE,118.9,FALSE,8.54,2.84,10.861,21.22,4.547,FALSE
3.9e+14,"CLEAR LK A MOORING OA-04 NR CLEARLAKE OAKS CA",2021-02-23,14:50:01,"OAKS","OA-04",39.012694,-122.698986,9.611,340.4,728.6,13.02,FALSE,114.4,FALSE,8.48,2.42,10.11,21.38,5.019,FALSE
3.9e+14,"CLEAR LK A MOORING OA-04 NR CLEARLAKE OAKS CA",2021-02-23,14:50:48,"OAKS","OA-04",39.012694,-122.698986,9.594,340.7,728.6,12.74,FALSE,111.9,FALSE,8.45,2.88,11.604,21.24,5.518,FALSE
3.9e+14,"CLEAR LK A MOORING OA-04 NR CLEARLAKE OAKS CA",2021-02-23,14:51:40,"OAKS","OA-04",39.012694,-122.698986,9.583,340.9,728.6,12.61,FALSE,110.7,FALSE,8.44,3.16,12.634,21.5,5.923,FALSE
3.9e+14,"CLEAR LK A MOORING OA-04 NR CLEARLAKE OAKS CA",2021-02-23,14:52:29,"OAKS","OA-04",39.012694,-122.698986,9.572,340.8,728.6,12.63,FALSE,110.9,FALSE,8.44,2.89,12.961,21.18,6.498,FALSE
3.9e+14,"CLEAR LK A MOORING OA-04 NR CLEARLAKE OAKS CA",2021-02-23,14:53:44,"OAKS","OA-04",39.012694,-122.698986,9.562,340.6,728.6,12.69,FALSE,111.4,FALSE,8.46,2.98,13.361,21.4,7.019,FALSE
3.9e+14,"CLEAR LK A MOORING OA-04 NR CLEARLAKE OAKS CA",2021-02-23,14:56:06,"OAKS","OA-04",39.012694,-122.698986,9.53,340.4,728.5,12.79,FALSE,112.2,FALSE,8.48,2.1,13.381,21.54,7.529,FALSE
3.9e+14,"CLEAR LK A MOORING OA-04 NR CLEARLAKE OAKS CA",2021-02-23,14:56:44,"OAKS","OA-04",39.012694,-122.698986,9.517,340.4,728.5,12.73,FALSE,111.6,FALSE,8.49,2.8,11.748,21.48,8.013,FALSE
3.9e+14,"CLEAR LK A MOORING OA-04 NR CLEARLAKE OAKS CA",2021-02-23,14:58:13,"OAKS","OA-04",39.012694,-122.698986,9.501,340.4,728.6,12.76,FALSE,111.8,FALSE,8.5,2.55,12.998,21.5,8.523,FALSE
3.9e+14,"CLEAR LK A MOORING OA-04 NR CLEARLAKE OAKS CA",2021-02-23,14:59:11,"OAKS","OA-04",39.012694,-122.698986,9.493,340.3,728.4,12.72,FALSE,111.4,FALSE,8.5,2.42,11.287,21.55,9.027,FALSE
3.9e+14,"CLEAR LK A MOORING OA-04 NR CLEARLAKE OAKS CA",2021-02-23,15:00:00,"OAKS","OA-04",39.012694,-122.698986,9.482,340.4,728.5,12.66,FALSE,110.9,FALSE,8.5,3.01,12.734,21.32,9.504,FALSE
3.9e+14,"CLEAR LK A MOORING OA-04 NR CLEARLAKE OAKS CA",2021-02-23,15:00:38,"OAKS","OA-04",39.012694,-122.698986,9.481,340.6,728.5,12.57,FALSE,110.1,FALSE,8.49,2.77,12.165,21.54,10.006,FALSE
3.9e+14,"CLEAR LK A MOORING OA-04 NR CLEARLAKE OAKS CA",2021-02-23,15:01:19,"OAKS","OA-04",39.012694,-122.698986,9.476,341.3,728.5,11.81,FALSE,103.5,FALSE,8.38,3.4,12.222,21.42,10.504,TRUE
3.9e+14,"CLEAR LK A MOORING OA-04 NR CLEARLAKE OAKS CA",2021-02-23,15:02:36,"OAKS","OA-04",39.012694,-122.698986,9.499,342.6,728.5,10.37,FALSE,90.9,FALSE,8.22,5.71,17.48,21.18,11.092,FALSE
3.9e+14,"CLEAR LK A MOORING OA-10 NR CLEARLAKE OAKS CA",2021-03-09,10:43:54,"OAKS","OA-10",39.005078,-122.677356,10.423,340.9,727,11.57,FALSE,103.7,FALSE,8.61,NA,2.125,19.78,0.524,FALSE
3.9e+14,"CLEAR LK A MOORING OA-10 NR CLEARLAKE OAKS CA",2021-03-09,10:44:40,"OAKS","OA-10",39.005078,-122.677356,10.411,340.8,727,11.59,FALSE,103.8,FALSE,8.6,NA,1.712,19.81,1.028,FALSE
3.9e+14,"CLEAR LK A MOORING OA-10 NR CLEARLAKE OAKS CA",2021-03-09,10:45:29,"OAKS","OA-10",39.005078,-122.677356,10.402,340.7,727,11.6,FALSE,103.9,FALSE,8.6,NA,3.006,19.88,1.515,FALSE
3.9e+14,"CLEAR LK A MOORING OA-10 NR CLEARLAKE OAKS CA",2021-03-09,10:46:19,"OAKS","OA-10",39.005078,-122.677356,10.388,340.8,726.9,11.61,FALSE,103.9,FALSE,8.6,NA,3.807,19.88,2.039,FALSE
3.9e+14,"CLEAR LK A MOORING OA-10 NR CLEARLAKE OAKS CA",2021-03-09,10:47:26,"OAKS","OA-10",39.005078,-122.677356,10.377,341,727.1,11.6,FALSE,103.8,FALSE,8.59,NA,3.764,19.83,2.513,TRUE
3.9e+14,"CLEAR LK A MOORING OA-10 NR CLEARLAKE OAKS CA",2021-03-09,10:48:01,"OAKS","OA-10",39.005078,-122.677356,10.377,340.9,726.9,11.57,FALSE,103.5,FALSE,8.59,NA,4.019,19.91,3,FALSE
3.9e+14,"CLEAR LK A MOORING OA-10 NR CLEARLAKE OAKS CA",2021-03-09,10:49:04,"OAKS","OA-10",39.005078,-122.677356,10.341,341.2,726.9,11.48,FALSE,102.6,FALSE,8.58,NA,4.627,20.09,3.511,FALSE
3.9e+14,"CLEAR LK A MOORING OA-10 NR CLEARLAKE OAKS CA",2021-03-09,10:53:49,"OAKS","OA-10",39.005078,-122.677356,10.33,341,726.8,11.45,FALSE,102.3,FALSE,8.56,NA,4.362,19.9,4.511,FALSE
3.9e+14,"CLEAR LK A MOORING OA-10 NR CLEARLAKE OAKS CA",2021-03-09,10:55:00,"OAKS","OA-10",39.005078,-122.677356,10.321,341,727,11.43,FALSE,102.1,FALSE,8.58,NA,4.75,20.04,5.009,FALSE
3.9e+14,"CLEAR LK A MOORING OA-10 NR CLEARLAKE OAKS CA",2021-03-09,10:56:04,"OAKS","OA-10",39.005078,-122.677356,10.317,341.1,726.8,11.43,FALSE,102.1,FALSE,8.57,NA,4.322,19.97,5.551,FALSE
3.9e+14,"CLEAR LK A MOORING OA-10 NR CLEARLAKE OAKS CA",2021-03-09,10:57:47,"OAKS","OA-10",39.005078,-122.677356,10.317,341.1,726.8,11.42,FALSE,102.1,FALSE,8.57,NA,4.56,19.94,6.049,FALSE
3.9e+14,"CLEAR LK A MOORING OA-10 NR CLEARLAKE OAKS CA",2021-03-09,10:59:21,"OAKS","OA-10",39.005078,-122.677356,10.312,341.2,726.8,11.42,FALSE,102,FALSE,8.56,NA,4.625,20.01,6.473,FALSE
3.9e+14,"CLEAR LK A MOORING OA-10 NR CLEARLAKE OAKS CA",2021-03-09,11:00:06,"OAKS","OA-10",39.005078,-122.677356,10.312,341.3,726.8,11.41,FALSE,101.9,FALSE,8.56,NA,4.984,20,7.03,FALSE
3.9e+14,"CLEAR LK A MOORING OA-10 NR CLEARLAKE OAKS CA",2021-03-09,11:00:53,"OAKS","OA-10",39.005078,-122.677356,10.309,341.4,726.8,11.39,FALSE,101.7,FALSE,8.52,NA,4.63,19.98,7.512,FALSE
3.9e+14,"CLEAR LK A MOORING OA-10 NR CLEARLAKE OAKS CA",2021-03-09,11:02:03,"OAKS","OA-10",39.005078,-122.677356,10.306,341.8,726.8,11.38,FALSE,101.6,FALSE,8.47,NA,4.536,19.96,8.075,TRUE
3.9e+14,"CLEAR LK A MOORING OA-10 NR CLEARLAKE OAKS CA",2021-03-09,11:04:13,"OAKS","OA-10",39.005078,-122.677356,10.305,342,726.8,11.36,FALSE,101.5,FALSE,8.46,NA,4.593,19.93,8.495,FALSE
3.9e+14,"CLEAR LK A MOORING OA-10 NR CLEARLAKE OAKS CA",2021-03-09,11:06:12,"OAKS","OA-10",39.005078,-122.677356,10.301,342,726.7,11.34,FALSE,101.3,FALSE,8.45,NA,4.649,19.94,9.066,FALSE
3.9e+14,"CLEAR LK A MOORING OA-09 NR CLEARLAKE OAKS CA",2021-03-09,11:42:50,"OAKS","OA-09",39.005822,-122.685253,10.463,341.1,726.6,11.52,FALSE,103.2,FALSE,8.52,NA,3.81,19.79,0.51,FALSE
3.9e+14,"CLEAR LK A MOORING OA-09 NR CLEARLAKE OAKS CA",2021-03-09,11:43:48,"OAKS","OA-09",39.005822,-122.685253,10.454,341.1,726.7,11.58,FALSE,103.8,FALSE,8.56,NA,3.881,19.83,0.99,FALSE
3.9e+14,"CLEAR LK A MOORING OA-09 NR CLEARLAKE OAKS CA",2021-03-09,11:44:26,"OAKS","OA-09",39.005822,-122.685253,10.452,341,726.7,11.58,FALSE,103.8,FALSE,8.57,NA,3.762,19.82,1.504,FALSE
3.9e+14,"CLEAR LK A MOORING OA-09 NR CLEARLAKE OAKS CA",2021-03-09,11:45:05,"OAKS","OA-09",39.005822,-122.685253,10.446,341,726.7,11.59,FALSE,103.9,FALSE,8.57,NA,3.901,19.91,2.041,FALSE
3.9e+14,"CLEAR LK A MOORING OA-09 NR CLEARLAKE OAKS CA",2021-03-09,11:45:40,"OAKS","OA-09",39.005822,-122.685253,10.453,341,726.7,11.59,FALSE,103.9,FALSE,8.57,NA,3.976,19.88,2.53,TRUE
3.9e+14,"CLEAR LK A MOORING OA-09 NR CLEARLAKE OAKS CA",2021-03-09,11:46:14,"OAKS","OA-09",39.005822,-122.685253,10.437,341.1,726.8,11.57,FALSE,103.6,FALSE,8.57,NA,3.814,19.94,3.076,FALSE
3.9e+14,"CLEAR LK A MOORING OA-09 NR CLEARLAKE OAKS CA",2021-03-09,11:46:55,"OAKS","OA-09",39.005822,-122.685253,10.43,340.9,726.7,11.56,FALSE,103.5,FALSE,8.57,NA,4.29,19.92,3.54,FALSE
3.9e+14,"CLEAR LK A MOORING OA-09 NR CLEARLAKE OAKS CA",2021-03-09,11:47:29,"OAKS","OA-09",39.005822,-122.685253,10.424,341.1,726.6,11.54,FALSE,103.3,FALSE,8.57,NA,4.057,19.99,4.006,FALSE
3.9e+14,"CLEAR LK A MOORING OA-09 NR CLEARLAKE OAKS CA",2021-03-09,11:58:02,"OAKS","OA-09",39.005822,-122.685253,10.419,341.2,726.7,11.44,FALSE,102.5,FALSE,8.51,NA,4.057,19.87,4.532,FALSE
3.9e+14,"CLEAR LK A MOORING OA-09 NR CLEARLAKE OAKS CA",2021-03-09,11:58:39,"OAKS","OA-09",39.005822,-122.685253,10.402,341.2,726.7,11.42,FALSE,102.2,FALSE,8.55,NA,4.104,20.04,5.084,FALSE
3.9e+14,"CLEAR LK A MOORING OA-09 NR CLEARLAKE OAKS CA",2021-03-09,11:59:11,"OAKS","OA-09",39.005822,-122.685253,10.403,341.3,726.7,11.42,FALSE,102.2,FALSE,8.54,NA,4.771,19.96,5.544,FALSE
3.9e+14,"CLEAR LK A MOORING OA-09 NR CLEARLAKE OAKS CA",2021-03-09,12:00:25,"OAKS","OA-09",39.005822,-122.685253,10.39,341,726.7,11.39,FALSE,101.9,FALSE,8.56,NA,4.286,20.05,6.041,FALSE
3.9e+14,"CLEAR LK A MOORING OA-09 NR CLEARLAKE OAKS CA",2021-03-09,12:01:41,"OAKS","OA-09",39.005822,-122.685253,10.388,341.1,726.6,11.39,FALSE,102,FALSE,8.56,NA,4.265,20.06,6.543,FALSE
3.9e+14,"CLEAR LK A MOORING OA-09 NR CLEARLAKE OAKS CA",2021-03-09,12:02:06,"OAKS","OA-09",39.005822,-122.685253,10.385,341.2,726.6,11.38,FALSE,101.8,FALSE,8.56,NA,4.778,19.96,6.999,FALSE
3.9e+14,"CLEAR LK A MOORING OA-09 NR CLEARLAKE OAKS CA",2021-03-09,12:03:35,"OAKS","OA-09",39.005822,-122.685253,10.371,341.4,726.6,11.34,FALSE,101.5,FALSE,8.56,NA,5.095,20.05,7.558,FALSE
3.9e+14,"CLEAR LK A MOORING OA-09 NR CLEARLAKE OAKS CA",2021-03-09,12:04:23,"OAKS","OA-09",39.005822,-122.685253,10.374,341.3,726.7,11.33,FALSE,101.3,FALSE,8.55,NA,4.325,20.07,8.011,FALSE
3.9e+14,"CLEAR LK A MOORING OA-09 NR CLEARLAKE OAKS CA",2021-03-09,12:05:02,"OAKS","OA-09",39.005822,-122.685253,10.364,341.2,726.6,11.31,FALSE,101.2,FALSE,8.54,NA,5.471,20.07,8.502,FALSE
3.9e+14,"CLEAR LK A MOORING OA-09 NR CLEARLAKE OAKS CA",2021-03-09,12:06:07,"OAKS","OA-09",39.005822,-122.685253,10.366,341.2,726.5,11.31,FALSE,101.1,FALSE,8.54,NA,4.461,20.03,9.009,FALSE
3.9e+14,"CLEAR LK A MOORING OA-09 NR CLEARLAKE OAKS CA",2021-03-09,12:06:39,"OAKS","OA-09",39.005822,-122.685253,10.364,341.2,726.6,11.3,FALSE,101,FALSE,8.54,NA,4.446,20.05,9.56,FALSE
3.9e+14,"CLEAR LK A MOORING OA-09 NR CLEARLAKE OAKS CA",2021-03-09,12:07:46,"OAKS","OA-09",39.005822,-122.685253,10.363,341.3,726.5,11.29,FALSE,101,FALSE,8.54,NA,4.615,20.1,10.059,FALSE
3.9e+14,"CLEAR LK A MOORING OA-09 NR CLEARLAKE OAKS CA",2021-03-09,12:08:27,"OAKS","OA-09",39.005822,-122.685253,10.355,341.2,726.5,11.27,FALSE,100.7,FALSE,8.54,NA,5.071,20.04,10.515,FALSE
3.9e+14,"CLEAR LK A MOORING OA-09 NR CLEARLAKE OAKS CA",2021-03-09,12:09:16,"OAKS","OA-09",39.005822,-122.685253,10.356,341.1,726.5,11.26,FALSE,100.7,FALSE,8.54,NA,4.981,20.02,11.051,FALSE
3.9e+14,"CLEAR LK A MOORING OA-09 NR CLEARLAKE OAKS CA",2021-03-09,12:12:18,"OAKS","OA-09",39.005822,-122.685253,10.345,341.1,726.5,11.26,FALSE,100.7,FALSE,8.56,NA,5.12,20.08,11.493,FALSE
3.9e+14,"CLEAR LK A MOORING OA-09 NR CLEARLAKE OAKS CA",2021-03-09,12:12:40,"OAKS","OA-09",39.005822,-122.685253,10.329,341.2,726.4,11.25,FALSE,100.6,FALSE,8.55,NA,5.294,20.22,11.978,FALSE
3.9e+14,"CLEAR LK A MOORING OA-09 NR CLEARLAKE OAKS CA",2021-03-09,12:14:00,"OAKS","OA-09",39.005822,-122.685253,10.317,341.1,726.5,11.25,FALSE,100.5,FALSE,8.55,NA,4.655,20.14,12.515,FALSE
3.9e+14,"CLEAR LK A MOORING OA-09 NR CLEARLAKE OAKS CA",2021-03-09,12:15:10,"OAKS","OA-09",39.005822,-122.685253,10.295,341.2,726.4,11.22,FALSE,100.2,FALSE,8.54,NA,5.157,20.01,13.033,FALSE
3.9e+14,"CLEAR LK A MOORING OA-09 NR CLEARLAKE OAKS CA",2021-03-09,12:16:41,"OAKS","OA-09",39.005822,-122.685253,10.292,341.2,726.4,11.12,FALSE,99.3,FALSE,8.54,NA,6.02,20.05,13.513,FALSE
3.9e+14,"CLEAR LK A MOORING OA-09 NR CLEARLAKE OAKS CA",2021-03-09,12:17:14,"OAKS","OA-09",39.005822,-122.685253,10.294,341.2,726.5,11.09,FALSE,99.1,FALSE,8.52,NA,4.936,20,13.997,FALSE
3.9e+14,"CLEAR LK A MOORING OA-09 NR CLEARLAKE OAKS CA",2021-03-09,12:18:33,"OAKS","OA-09",39.005822,-122.685253,10.298,341.5,726.4,10.97,FALSE,97.9,FALSE,8.51,NA,5.166,19.95,14.519,FALSE
3.9e+14,"CLEAR LK A MOORING OA-09 NR CLEARLAKE OAKS CA",2021-03-09,12:19:31,"OAKS","OA-09",39.005822,-122.685253,10.3,341.4,726.4,10.9,FALSE,97.3,FALSE,8.49,NA,6.582,19.88,15.071,FALSE
3.9e+14,"CLEAR LK A MOORING OA-09 NR CLEARLAKE OAKS CA",2021-03-09,12:22:07,"OAKS","OA-09",39.005822,-122.685253,10.309,341.7,726.3,10.73,FALSE,95.9,FALSE,8.42,NA,6.123,19.9,16.029,FALSE
3.9e+14,"CLEAR LK A MOORING OA-09 NR CLEARLAKE OAKS CA",2021-03-09,12:22:58,"OAKS","OA-09",39.005822,-122.685253,10.321,343.4,726.3,10.59,FALSE,94.6,FALSE,8.07,NA,8.148,18.71,16.503,TRUE
3.9e+14,"CLEAR LK A MOORING OA-09 NR CLEARLAKE OAKS CA",2021-03-09,12:28:29,"OAKS","OA-09",39.005822,-122.685253,10.304,341.9,726.2,10.49,FALSE,93.6,FALSE,8.46,NA,6.743,19.7,15.569,FALSE
3.9e+14,"CLEAR LK A MOORING OA-10 NR CLEARLAKE OAKS CA",2021-03-09,12:56:54,"OAKS","OA-10",39.005078,-122.677356,10.414,340.8,725.6,11.57,FALSE,103.6,FALSE,8.59,NA,4.166,19.96,4.077,FALSE
3.9e+14,"CLEAR LK A MOORING OA-04 NR CLEARLAKE OAKS CA",2021-03-09,13:27:28,"OAKS","OA-04",39.012694,-122.698986,10.746,340.8,725.2,11.65,FALSE,105.2,FALSE,8.6,NA,1.486,19.6,0.558,FALSE
3.9e+14,"CLEAR LK A MOORING OA-04 NR CLEARLAKE OAKS CA",2021-03-09,13:28:11,"OAKS","OA-04",39.012694,-122.698986,10.723,340.8,725.2,11.64,FALSE,104.9,FALSE,8.61,NA,1.667,19.62,1.02,FALSE
3.9e+14,"CLEAR LK A MOORING OA-04 NR CLEARLAKE OAKS CA",2021-03-09,13:29:12,"OAKS","OA-04",39.012694,-122.698986,10.655,340.9,725.2,11.64,FALSE,104.8,FALSE,8.6,NA,2.85,19.72,1.523,FALSE
3.9e+14,"CLEAR LK A MOORING OA-04 NR CLEARLAKE OAKS CA",2021-03-09,13:30:08,"OAKS","OA-04",39.012694,-122.698986,10.609,340.9,725.2,11.62,FALSE,104.5,FALSE,8.59,NA,3.753,19.75,2.056,FALSE
3.9e+14,"CLEAR LK A MOORING OA-04 NR CLEARLAKE OAKS CA",2021-03-09,13:30:43,"OAKS","OA-04",39.012694,-122.698986,10.566,341,725.2,11.62,FALSE,104.4,FALSE,8.58,NA,4.244,19.74,2.531,TRUE
3.9e+14,"CLEAR LK A MOORING OA-04 NR CLEARLAKE OAKS CA",2021-03-09,13:31:45,"OAKS","OA-04",39.012694,-122.698986,10.54,341,725,11.59,FALSE,104,FALSE,8.58,NA,4.319,19.69,3.022,FALSE
3.9e+14,"CLEAR LK A MOORING OA-04 NR CLEARLAKE OAKS CA",2021-03-09,13:32:26,"OAKS","OA-04",39.012694,-122.698986,10.523,341,725,11.59,FALSE,104,FALSE,8.58,NA,3.956,19.8,3.515,FALSE
3.9e+14,"CLEAR LK A MOORING OA-04 NR CLEARLAKE OAKS CA",2021-03-09,13:33:33,"OAKS","OA-04",39.012694,-122.698986,10.527,340.9,725,11.57,FALSE,103.8,FALSE,8.58,NA,4.498,19.75,3.999,FALSE
3.9e+14,"CLEAR LK A MOORING OA-04 NR CLEARLAKE OAKS CA",2021-03-09,13:38:05,"OAKS","OA-04",39.012694,-122.698986,10.509,341,725,11.56,FALSE,103.8,FALSE,8.57,NA,4.175,19.87,4.475,FALSE
3.9e+14,"CLEAR LK A MOORING OA-04 NR CLEARLAKE OAKS CA",2021-03-09,13:39:17,"OAKS","OA-04",39.012694,-122.698986,10.48,340.9,725,11.52,FALSE,103.3,FALSE,8.58,NA,4.236,19.84,5.004,FALSE
3.9e+14,"CLEAR LK A MOORING OA-04 NR CLEARLAKE OAKS CA",2021-03-09,13:41:07,"OAKS","OA-04",39.012694,-122.698986,10.378,340.8,725,11.45,FALSE,102.5,FALSE,8.59,NA,4.002,20,5.548,FALSE
3.9e+14,"CLEAR LK A MOORING OA-04 NR CLEARLAKE OAKS CA",2021-03-09,13:41:48,"OAKS","OA-04",39.012694,-122.698986,10.346,340.7,725,11.43,FALSE,102.2,FALSE,8.59,NA,4.147,19.9,6.1,FALSE
3.9e+14,"CLEAR LK A MOORING OA-04 NR CLEARLAKE OAKS CA",2021-03-09,13:43:26,"OAKS","OA-04",39.012694,-122.698986,10.304,340.6,725,11.37,FALSE,101.6,FALSE,8.6,NA,4.378,20.02,7.022,FALSE
3.9e+14,"CLEAR LK A MOORING OA-04 NR CLEARLAKE OAKS CA",2021-03-09,13:44:18,"OAKS","OA-04",39.012694,-122.698986,10.279,340.5,725,11.37,FALSE,101.5,FALSE,8.6,NA,4.599,20.14,7.518,FALSE
3.9e+14,"CLEAR LK A MOORING OA-04 NR CLEARLAKE OAKS CA",2021-03-09,13:45:22,"OAKS","OA-04",39.012694,-122.698986,10.253,340.5,725,11.35,FALSE,101.2,FALSE,8.59,NA,4.229,20.06,8.021,FALSE
3.9e+14,"CLEAR LK A MOORING OA-04 NR CLEARLAKE OAKS CA",2021-03-09,13:46:05,"OAKS","OA-04",39.012694,-122.698986,10.184,340.8,725,11.26,FALSE,100.3,FALSE,8.59,NA,4.094,20.18,8.527,FALSE
3.9e+14,"CLEAR LK A MOORING OA-04 NR CLEARLAKE OAKS CA",2021-03-09,13:46:51,"OAKS","OA-04",39.012694,-122.698986,10.183,340.7,725,11.25,FALSE,100.2,FALSE,8.59,NA,4.275,20.06,9.008,FALSE
3.9e+14,"CLEAR LK A MOORING OA-04 NR CLEARLAKE OAKS CA",2021-03-09,13:48:37,"OAKS","OA-04",39.012694,-122.698986,10.181,340.7,725,11.21,FALSE,99.8,FALSE,8.59,NA,4.786,20.15,9.558,FALSE
3.9e+14,"CLEAR LK A MOORING OA-04 NR CLEARLAKE OAKS CA",2021-03-09,13:48:59,"OAKS","OA-04",39.012694,-122.698986,10.179,341.2,724.9,10.95,FALSE,97.5,FALSE,8.54,NA,5.473,20.13,10.074,FALSE
3.9e+14,"CLEAR LK A MOORING OA-04 NR CLEARLAKE OAKS CA",2021-03-09,13:49:29,"OAKS","OA-04",39.012694,-122.698986,10.18,341.2,724.9,10.81,FALSE,96.2,FALSE,8.54,NA,5.697,20.06,10.563,TRUE
3.9e+14,"CLEAR LK A MOORING OA-04 NR CLEARLAKE OAKS CA",2021-03-09,13:49:58,"OAKS","OA-04",39.012694,-122.698986,10.184,341.3,724.7,10.65,FALSE,94.9,FALSE,8.51,NA,9.253,19.5,11.079,FALSE
3.9e+14,"CLEAR LK A MOORING OA-04 NR CLEARLAKE OAKS CA",2021-03-09,14:02:57,"OAKS","OA-04",39.012694,-122.698986,10.344,340.7,724.6,11.4,FALSE,101.9,FALSE,8.6,NA,4.183,19.96,6.511,FALSE
3.9e+14,"CLEAR LK A MOORING OA-10 NR CLEARLAKE OAKS CA",2021-03-31,09:42:34,"OAKS","OA-10",39.005078,-122.677356,12.216,345.8,729.6,10.44,FALSE,97.4,FALSE,8.04,1.29,0.787,17.81,0.5,FALSE
3.9e+14,"CLEAR LK A MOORING OA-10 NR CLEARLAKE OAKS CA",2021-03-31,09:44:09,"OAKS","OA-10",39.005078,-122.677356,12.2,345.7,729.6,10.44,FALSE,97.4,FALSE,8.07,1.21,0.882,17.8,0.996,FALSE
3.9e+14,"CLEAR LK A MOORING OA-10 NR CLEARLAKE OAKS CA",2021-03-31,09:45:18,"OAKS","OA-10",39.005078,-122.677356,12.2,345.9,729.5,10.44,FALSE,97.4,FALSE,8.07,1.4,0.744,17.74,1.545,FALSE
3.9e+14,"CLEAR LK A MOORING OA-10 NR CLEARLAKE OAKS CA",2021-03-31,09:46:17,"OAKS","OA-10",39.005078,-122.677356,12.188,345.6,729.6,10.46,FALSE,97.5,FALSE,8.09,1.36,1.129,17.78,1.979,FALSE
3.9e+14,"CLEAR LK A MOORING OA-10 NR CLEARLAKE OAKS CA",2021-03-31,09:48:39,"OAKS","OA-10",39.005078,-122.677356,12.171,345.6,729.5,10.44,FALSE,97.4,FALSE,8.1,1.28,1.485,17.86,2.558,TRUE
3.9e+14,"CLEAR LK A MOORING OA-10 NR CLEARLAKE OAKS CA",2021-03-31,10:02:43,"OAKS","OA-10",39.005078,-122.677356,12.142,344.9,729.3,10.53,FALSE,98.1,FALSE,8.13,1.23,1.077,17.9,2.899,FALSE
3.9e+14,"CLEAR LK A MOORING OA-10 NR CLEARLAKE OAKS CA",2021-03-31,10:03:54,"OAKS","OA-10",39.005078,-122.677356,12.144,344.5,729.4,10.53,FALSE,98.1,FALSE,8.09,1.27,1.408,17.98,3.513,FALSE
3.9e+14,"CLEAR LK A MOORING OA-10 NR CLEARLAKE OAKS CA",2021-03-31,10:04:34,"OAKS","OA-10",39.005078,-122.677356,12.116,344.6,729.4,10.47,FALSE,97.5,FALSE,8.12,1.44,1.5,17.94,3.988,FALSE
3.9e+14,"CLEAR LK A MOORING OA-10 NR CLEARLAKE OAKS CA",2021-03-31,10:05:40,"OAKS","OA-10",39.005078,-122.677356,11.866,344.7,729.3,10.32,FALSE,95.5,FALSE,7.97,1.46,1.795,18.17,4.538,FALSE
3.9e+14,"CLEAR LK A MOORING OA-10 NR CLEARLAKE OAKS CA",2021-03-31,10:08:08,"OAKS","OA-10",39.005078,-122.677356,11.676,345.6,729.3,9.97,FALSE,91.9,FALSE,7.77,1.46,1.955,18.33,5.04,FALSE
3.9e+14,"CLEAR LK A MOORING OA-10 NR CLEARLAKE OAKS CA",2021-03-31,10:09:22,"OAKS","OA-10",39.005078,-122.677356,11.611,345.3,729.4,9.96,FALSE,91.6,FALSE,7.81,1.31,1.867,18.36,5.506,FALSE
3.9e+14,"CLEAR LK A MOORING OA-10 NR CLEARLAKE OAKS CA",2021-03-31,10:10:47,"OAKS","OA-10",39.005078,-122.677356,11.549,345,729.4,9.99,FALSE,91.8,FALSE,7.88,1.28,1.85,18.44,6.005,FALSE
3.9e+14,"CLEAR LK A MOORING OA-10 NR CLEARLAKE OAKS CA",2021-03-31,10:12:43,"OAKS","OA-10",39.005078,-122.677356,11.53,344.9,729.2,9.97,FALSE,91.6,FALSE,7.92,1.44,1.904,18.49,6.473,FALSE
3.9e+14,"CLEAR LK A MOORING OA-10 NR CLEARLAKE OAKS CA",2021-03-31,10:13:24,"OAKS","OA-10",39.005078,-122.677356,11.455,344.8,729.3,9.89,FALSE,90.8,FALSE,7.94,1.54,2.169,18.63,7.05,TRUE
3.9e+14,"CLEAR LK A MOORING OA-10 NR CLEARLAKE OAKS CA",2021-03-31,10:15:08,"OAKS","OA-10",39.005078,-122.677356,11.393,345.1,729.3,9.66,FALSE,88.5,FALSE,7.88,1.71,2.138,18.48,7.511,FALSE
3.9e+14,"CLEAR LK A MOORING OA-10 NR CLEARLAKE OAKS CA",2021-03-31,10:15:52,"OAKS","OA-10",39.005078,-122.677356,11.338,345.2,729.3,9.43,FALSE,86.3,FALSE,7.88,1.92,3.71,18.51,8.067,FALSE
3.9e+14,"CLEAR LK A MOORING OA-09 NR CLEARLAKE OAKS CA",2021-03-31,11:30:09,"OAKS","OA-09",39.005822,-122.685253,12.779,343.9,728.9,10.64,FALSE,100.6,FALSE,8.3,1.01,0.462,17.56,0.446,FALSE
3.9e+14,"CLEAR LK A MOORING OA-09 NR CLEARLAKE OAKS CA",2021-03-31,11:31:58,"OAKS","OA-09",39.005822,-122.685253,12.703,343.9,728.9,10.65,FALSE,100.5,FALSE,8.31,1.38,0.533,17.57,0.976,FALSE
3.9e+14,"CLEAR LK A MOORING OA-09 NR CLEARLAKE OAKS CA",2021-03-31,11:32:48,"OAKS","OA-09",39.005822,-122.685253,12.613,343.9,729,10.65,FALSE,100.3,FALSE,8.3,1.11,0.572,17.67,1.501,FALSE
3.9e+14,"CLEAR LK A MOORING OA-09 NR CLEARLAKE OAKS CA",2021-03-31,11:33:50,"OAKS","OA-09",39.005822,-122.685253,12.589,343.8,728.9,10.64,FALSE,100.2,FALSE,8.31,1.29,0.629,17.57,1.992,FALSE
3.9e+14,"CLEAR LK A MOORING OA-09 NR CLEARLAKE OAKS CA",2021-03-31,11:35:08,"OAKS","OA-09",39.005822,-122.685253,12.506,343.7,728.9,10.63,FALSE,99.9,FALSE,8.31,1.32,1.009,17.64,2.501,TRUE
3.9e+14,"CLEAR LK A MOORING OA-09 NR CLEARLAKE OAKS CA",2021-03-31,11:37:50,"OAKS","OA-09",39.005822,-122.685253,12.519,343.4,728.9,10.62,FALSE,99.8,FALSE,8.31,1.22,1.007,17.62,2.976,FALSE
3.9e+14,"CLEAR LK A MOORING OA-09 NR CLEARLAKE OAKS CA",2021-03-31,11:39:26,"OAKS","OA-09",39.005822,-122.685253,12.476,343.5,728.9,10.62,FALSE,99.7,FALSE,8.31,0.95,1.369,17.79,3.524,FALSE
3.9e+14,"CLEAR LK A MOORING OA-09 NR CLEARLAKE OAKS CA",2021-03-31,11:40:42,"OAKS","OA-09",39.005822,-122.685253,12.431,343.4,728.9,10.6,FALSE,99.4,FALSE,8.31,1.17,1.324,17.75,3.967,FALSE
3.9e+14,"CLEAR LK A MOORING OA-09 NR CLEARLAKE OAKS CA",2021-03-31,11:42:18,"OAKS","OA-09",39.005822,-122.685253,12.37,343.5,728.9,10.58,FALSE,99.1,FALSE,8.31,1.15,1.759,17.88,4.531,FALSE
3.9e+14,"CLEAR LK A MOORING OA-09 NR CLEARLAKE OAKS CA",2021-03-31,11:43:51,"OAKS","OA-09",39.005822,-122.685253,12.308,343.3,728.9,10.52,FALSE,98.4,FALSE,8.31,1.19,1.571,17.81,5.058,FALSE
3.9e+14,"CLEAR LK A MOORING OA-09 NR CLEARLAKE OAKS CA",2021-03-31,11:44:49,"OAKS","OA-09",39.005822,-122.685253,12.195,343.5,728.8,10.49,FALSE,97.8,FALSE,8.27,1.34,1.473,17.89,5.492,FALSE
3.9e+14,"CLEAR LK A MOORING OA-09 NR CLEARLAKE OAKS CA",2021-03-31,11:49:10,"OAKS","OA-09",39.005822,-122.685253,12.083,343.7,728.9,10.43,FALSE,97,FALSE,8.23,2.08,1.283,18.11,6.064,FALSE
3.9e+14,"CLEAR LK A MOORING OA-09 NR CLEARLAKE OAKS CA",2021-03-31,11:50:08,"OAKS","OA-09",39.005822,-122.685253,11.969,344,728.9,10.25,FALSE,95.2,FALSE,8.19,1.43,1.711,18.18,6.453,FALSE
3.9e+14,"CLEAR LK A MOORING OA-09 NR CLEARLAKE OAKS CA",2021-03-31,11:50:47,"OAKS","OA-09",39.005822,-122.685253,11.904,344.3,728.9,9.95,FALSE,92.2,FALSE,8.19,1.79,2.009,18.33,7.004,FALSE
3.9e+14,"CLEAR LK A MOORING OA-09 NR CLEARLAKE OAKS CA",2021-03-31,11:53:12,"OAKS","OA-09",39.005822,-122.685253,11.816,344.1,728.9,9.86,FALSE,91.2,FALSE,8.2,1.57,2.155,18.42,7.496,FALSE
3.9e+14,"CLEAR LK A MOORING OA-09 NR CLEARLAKE OAKS CA",2021-03-31,11:54:27,"OAKS","OA-09",39.005822,-122.685253,11.454,344,728.9,9.85,FALSE,90.4,FALSE,8.16,1.5,2.101,18.56,8.04,FALSE
3.9e+14,"CLEAR LK A MOORING OA-09 NR CLEARLAKE OAKS CA",2021-03-31,11:55:15,"OAKS","OA-09",39.005822,-122.685253,11.353,343.9,728.9,9.75,FALSE,89.3,FALSE,8.13,1.53,2.349,18.74,8.506,FALSE
3.9e+14,"CLEAR LK A MOORING OA-09 NR CLEARLAKE OAKS CA",2021-03-31,11:56:08,"OAKS","OA-09",39.005822,-122.685253,11.301,344.2,728.9,9.54,FALSE,87.2,FALSE,8.06,1.97,2.706,18.76,8.918,FALSE
3.9e+14,"CLEAR LK A MOORING OA-09 NR CLEARLAKE OAKS CA",2021-03-31,11:57:17,"OAKS","OA-09",39.005822,-122.685253,11.297,344.2,728.9,9.47,FALSE,86.5,FALSE,8.05,2.25,2.66,18.64,9.502,FALSE
3.9e+14,"CLEAR LK A MOORING OA-09 NR CLEARLAKE OAKS CA",2021-03-31,11:58:03,"OAKS","OA-09",39.005822,-122.685253,11.261,344.5,728.8,9.32,FALSE,85.1,FALSE,8.02,1.77,2.139,18.89,10.007,FALSE
3.9e+14,"CLEAR LK A MOORING OA-09 NR CLEARLAKE OAKS CA",2021-03-31,11:58:40,"OAKS","OA-09",39.005822,-122.685253,11.251,344.8,728.8,9.25,FALSE,84.5,FALSE,7.94,1.86,3.17,18.74,10.493,FALSE
3.9e+14,"CLEAR LK A MOORING OA-09 NR CLEARLAKE OAKS CA",2021-03-31,12:01:02,"OAKS","OA-09",39.005822,-122.685253,11.241,346,728.9,9.11,FALSE,83.2,FALSE,7.65,2.54,3.344,18.57,11.02,FALSE
3.9e+14,"CLEAR LK A MOORING OA-09 NR CLEARLAKE OAKS CA",2021-03-31,12:02:00,"OAKS","OA-09",39.005822,-122.685253,11.209,346,728.9,8.98,FALSE,81.9,FALSE,7.64,2.28,3.923,18.64,11.553,FALSE
3.9e+14,"CLEAR LK A MOORING OA-09 NR CLEARLAKE OAKS CA",2021-03-31,12:02:26,"OAKS","OA-09",39.005822,-122.685253,11.184,345.8,728.9,8.77,FALSE,79.9,FALSE,7.68,3.17,3.699,18.86,12.022,FALSE
3.9e+14,"CLEAR LK A MOORING OA-09 NR CLEARLAKE OAKS CA",2021-03-31,12:02:51,"OAKS","OA-09",39.005822,-122.685253,11.173,346.7,728.7,8.2,FALSE,74.7,FALSE,7.57,3.13,4.619,18.83,12.508,FALSE
3.9e+14,"CLEAR LK A MOORING OA-09 NR CLEARLAKE OAKS CA",2021-03-31,12:16:21,"OAKS","OA-09",39.005822,-122.685253,11.189,347.8,728.7,7.49,FALSE,68.2,FALSE,7.38,3.29,4.468,18.7,12.975,FALSE
3.9e+14,"CLEAR LK A MOORING OA-09 NR CLEARLAKE OAKS CA",2021-03-31,12:17:35,"OAKS","OA-09",39.005822,-122.685253,11.197,348.1,728.7,7.32,FALSE,66.8,FALSE,7.28,4.08,3.801,18.78,13.543,FALSE
3.9e+14,"CLEAR LK A MOORING OA-09 NR CLEARLAKE OAKS CA",2021-03-31,12:18:49,"OAKS","OA-09",39.005822,-122.685253,11.196,348.2,728.7,7.21,FALSE,65.7,FALSE,7.26,4,4.152,18.67,14.011,FALSE
3.9e+14,"CLEAR LK A MOORING OA-09 NR CLEARLAKE OAKS CA",2021-03-31,12:20:18,"OAKS","OA-09",39.005822,-122.685253,11.191,348.5,728.6,7.26,FALSE,66.2,FALSE,7.11,6.02,6.043,18.57,14.477,FALSE
3.9e+14,"CLEAR LK A MOORING OA-09 NR CLEARLAKE OAKS CA",2021-03-31,12:20:49,"OAKS","OA-09",39.005822,-122.685253,11.191,348.4,728.6,7.29,FALSE,66.5,FALSE,7.08,4.35,6.052,18.57,15.023,FALSE
3.9e+14,"CLEAR LK A MOORING OA-09 NR CLEARLAKE OAKS CA",2021-03-31,12:22:55,"OAKS","OA-09",39.005822,-122.685253,11.194,349.2,728.6,7.54,FALSE,68.8,FALSE,6.9,5.06,5.049,18.4,15.508,TRUE
3.9e+14,"CLEAR LK A MOORING OA-09 NR CLEARLAKE OAKS CA",2021-03-31,12:23:45,"OAKS","OA-09",39.005822,-122.685253,11.2,349.8,728.6,7.65,FALSE,69.8,FALSE,6.8,5.59,5.489,18.29,16.025,FALSE
3.9e+14,"CLEAR LK A MOORING OA-04 NR CLEARLAKE OAKS CA",2021-03-31,13:37:41,"OAKS","OA-04",39.012694,-122.698986,13.314,343.7,728,10.64,FALSE,101.8,FALSE,8.36,0.94,0.355,17.08,0.52,FALSE
3.9e+14,"CLEAR LK A MOORING OA-04 NR CLEARLAKE OAKS CA",2021-03-31,13:38:26,"OAKS","OA-04",39.012694,-122.698986,13.09,343.4,728,10.67,FALSE,101.5,FALSE,8.36,1.02,0.568,17.19,1.026,FALSE
3.9e+14,"CLEAR LK A MOORING OA-04 NR CLEARLAKE OAKS CA",2021-03-31,13:39:45,"OAKS","OA-04",39.012694,-122.698986,12.917,343,728,10.68,FALSE,101.3,FALSE,8.36,1.07,0.779,17.4,1.505,FALSE
3.9e+14,"CLEAR LK A MOORING OA-04 NR CLEARLAKE OAKS CA",2021-03-31,13:40:54,"OAKS","OA-04",39.012694,-122.698986,12.763,343,727.8,10.7,FALSE,101.1,FALSE,8.36,1.23,0.922,17.42,2.024,FALSE
3.9e+14,"CLEAR LK A MOORING OA-04 NR CLEARLAKE OAKS CA",2021-03-31,13:42:22,"OAKS","OA-04",39.012694,-122.698986,12.654,343,727.9,10.69,FALSE,100.8,FALSE,8.36,1.1,0.946,17.62,2.494,TRUE
3.9e+14,"CLEAR LK A MOORING OA-04 NR CLEARLAKE OAKS CA",2021-03-31,13:43:09,"OAKS","OA-04",39.012694,-122.698986,12.591,342.9,727.8,10.69,FALSE,100.6,FALSE,8.35,1.44,1.107,17.58,3.025,FALSE
3.9e+14,"CLEAR LK A MOORING OA-04 NR CLEARLAKE OAKS CA",2021-03-31,13:46:10,"OAKS","OA-04",39.012694,-122.698986,12.574,343.2,727.8,10.66,FALSE,100.3,FALSE,8.34,1.13,1.124,17.62,3.508,FALSE
3.9e+14,"CLEAR LK A MOORING OA-04 NR CLEARLAKE OAKS CA",2021-03-31,13:46:57,"OAKS","OA-04",39.012694,-122.698986,12.544,343.2,728,10.63,FALSE,99.9,FALSE,8.33,1.32,1.367,17.69,4.005,FALSE
3.9e+14,"CLEAR LK A MOORING OA-04 NR CLEARLAKE OAKS CA",2021-03-31,13:48:00,"OAKS","OA-04",39.012694,-122.698986,12.494,343.4,727.8,10.57,FALSE,99.2,FALSE,8.32,1.06,1.266,17.77,4.453,FALSE
3.9e+14,"CLEAR LK A MOORING OA-04 NR CLEARLAKE OAKS CA",2021-03-31,13:49:29,"OAKS","OA-04",39.012694,-122.698986,12.474,343.4,727.9,10.54,FALSE,99,FALSE,8.32,1.38,1.611,17.73,5.015,FALSE
3.9e+14,"CLEAR LK A MOORING OA-04 NR CLEARLAKE OAKS CA",2021-03-31,13:50:41,"OAKS","OA-04",39.012694,-122.698986,12.456,343.3,727.8,10.53,FALSE,98.9,FALSE,8.32,1.36,1.303,17.72,5.523,FALSE
3.9e+14,"CLEAR LK A MOORING OA-04 NR CLEARLAKE OAKS CA",2021-03-31,13:51:03,"OAKS","OA-04",39.012694,-122.698986,12.437,343.4,727.8,10.53,FALSE,98.8,FALSE,8.32,1.2,1.487,17.65,6.035,FALSE
3.9e+14,"CLEAR LK A MOORING OA-04 NR CLEARLAKE OAKS CA",2021-03-31,13:52:06,"OAKS","OA-04",39.012694,-122.698986,12.416,343.2,727.8,10.52,FALSE,98.7,FALSE,8.32,1.22,1.498,17.78,6.502,FALSE
3.9e+14,"CLEAR LK A MOORING OA-04 NR CLEARLAKE OAKS CA",2021-03-31,13:53:11,"OAKS","OA-04",39.012694,-122.698986,12.388,343.4,727.8,10.52,FALSE,98.5,FALSE,8.32,1.41,1.449,17.82,7.028,FALSE
3.9e+14,"CLEAR LK A MOORING OA-04 NR CLEARLAKE OAKS CA",2021-03-31,13:54:00,"OAKS","OA-04",39.012694,-122.698986,12.368,343.2,727.7,10.51,FALSE,98.5,FALSE,8.32,1.23,1.327,17.91,7.504,FALSE
3.9e+14,"CLEAR LK A MOORING OA-04 NR CLEARLAKE OAKS CA",2021-03-31,13:54:53,"OAKS","OA-04",39.012694,-122.698986,12.321,343.4,727.7,10.49,FALSE,98.1,FALSE,8.31,1.54,1.419,17.91,8.003,FALSE
3.9e+14,"CLEAR LK A MOORING OA-04 NR CLEARLAKE OAKS CA",2021-03-31,13:55:36,"OAKS","OA-04",39.012694,-122.698986,12.296,343.1,727.8,10.52,FALSE,98.3,FALSE,8.33,0.97,1.975,17.98,8.508,FALSE
3.9e+14,"CLEAR LK A MOORING OA-04 NR CLEARLAKE OAKS CA",2021-03-31,13:56:40,"OAKS","OA-04",39.012694,-122.698986,12.273,343.2,727.8,10.49,FALSE,98.1,FALSE,8.33,1.17,1.818,18.03,9.039,FALSE
3.9e+14,"CLEAR LK A MOORING OA-04 NR CLEARLAKE OAKS CA",2021-03-31,13:57:16,"OAKS","OA-04",39.012694,-122.698986,12.216,343.5,727.7,10.26,FALSE,95.7,FALSE,8.3,1.17,2.268,18.09,9.54,FALSE
3.9e+14,"CLEAR LK A MOORING OA-04 NR CLEARLAKE OAKS CA",2021-03-31,14:00:26,"OAKS","OA-04",39.012694,-122.698986,11.798,345.6,727.8,9.17,FALSE,84.8,FALSE,8.17,1.54,2.889,18.72,10.008,FALSE
3.9e+14,"CLEAR LK A MOORING OA-04 NR CLEARLAKE OAKS CA",2021-03-31,14:01:29,"OAKS","OA-04",39.012694,-122.698986,11.286,347.2,727.7,8.59,FALSE,78.5,FALSE,8.03,2,3.742,19.16,10.493,TRUE
3.9e+14,"CLEAR LK A MOORING OA-04 NR CLEARLAKE OAKS CA",2021-03-31,14:02:38,"OAKS","OA-04",39.012694,-122.698986,11.081,346.1,727.7,7.91,FALSE,71.9,FALSE,7.89,3.28,4.994,19.23,11.011,FALSE
3.9e+14,"CLEAR LK A MOORING OA-10 NR CLEARLAKE OAKS CA",2021-04-22,10:20:54,"OAKS","OA-10",39.005078,-122.677356,18.222,350.6,722.5,9.86,FALSE,104.8,FALSE,8.32,1.29,0.512,15,0.504,FALSE
3.9e+14,"CLEAR LK A MOORING OA-10 NR CLEARLAKE OAKS CA",2021-04-22,10:21:35,"OAKS","OA-10",39.005078,-122.677356,17.622,349.9,722.5,9.7,FALSE,101.8,FALSE,8.27,1.51,0.706,15.45,1.022,FALSE
3.9e+14,"CLEAR LK A MOORING OA-10 NR CLEARLAKE OAKS CA",2021-04-22,10:22:39,"OAKS","OA-10",39.005078,-122.677356,17.497,349.9,722.6,9.45,FALSE,98.9,FALSE,8.26,2.03,1.206,15.44,1.512,FALSE
3.9e+14,"CLEAR LK A MOORING OA-10 NR CLEARLAKE OAKS CA",2021-04-22,10:23:38,"OAKS","OA-10",39.005078,-122.677356,17.456,349.9,722.5,9.43,FALSE,98.6,FALSE,8.27,1.31,1.318,15.54,2.016,FALSE
3.9e+14,"CLEAR LK A MOORING OA-10 NR CLEARLAKE OAKS CA",2021-04-22,10:24:38,"OAKS","OA-10",39.005078,-122.677356,17.397,349.9,722.5,9.41,FALSE,98.3,FALSE,8.28,1.31,1.374,15.5,2.526,TRUE
3.9e+14,"CLEAR LK A MOORING OA-10 NR CLEARLAKE OAKS CA",2021-04-22,10:25:28,"OAKS","OA-10",39.005078,-122.677356,17.324,349.7,722.6,9.35,FALSE,97.5,FALSE,8.28,1.24,0.959,15.55,3.059,FALSE
3.9e+14,"CLEAR LK A MOORING OA-10 NR CLEARLAKE OAKS CA",2021-04-22,10:27:27,"OAKS","OA-10",39.005078,-122.677356,17.164,349.9,722.6,9.24,FALSE,96.1,FALSE,8.28,1.47,1.173,15.6,4.076,FALSE
3.9e+14,"CLEAR LK A MOORING OA-10 NR CLEARLAKE OAKS CA",2021-04-22,10:28:11,"OAKS","OA-10",39.005078,-122.677356,17.103,349.8,722.5,9.19,FALSE,95.4,FALSE,8.27,1.28,1.138,15.68,4.489,FALSE
3.9e+14,"CLEAR LK A MOORING OA-10 NR CLEARLAKE OAKS CA",2021-04-22,10:29:37,"OAKS","OA-10",39.005078,-122.677356,16.992,349.9,722.6,9.11,FALSE,94.3,FALSE,8.23,1.49,1.352,15.75,5.034,FALSE
3.9e+14,"CLEAR LK A MOORING OA-10 NR CLEARLAKE OAKS CA",2021-04-22,10:30:41,"OAKS","OA-10",39.005078,-122.677356,16.978,349.7,722.6,9.11,FALSE,94.3,FALSE,8.24,1.76,1.376,15.77,5.489,FALSE
3.9e+14,"CLEAR LK A MOORING OA-10 NR CLEARLAKE OAKS CA",2021-04-22,10:31:35,"OAKS","OA-10",39.005078,-122.677356,16.927,349.9,722.6,9.1,FALSE,94.1,FALSE,8.24,1.31,1.477,15.9,6.035,FALSE
3.9e+14,"CLEAR LK A MOORING OA-10 NR CLEARLAKE OAKS CA",2021-04-22,10:32:39,"OAKS","OA-10",39.005078,-122.677356,16.828,349.7,722.6,9.1,FALSE,93.9,FALSE,8.25,1.31,1.649,15.91,6.578,FALSE
3.9e+14,"CLEAR LK A MOORING OA-10 NR CLEARLAKE OAKS CA",2021-04-22,10:33:20,"OAKS","OA-10",39.005078,-122.677356,16.815,349.9,722.6,9.01,FALSE,93,FALSE,8.22,1.28,1.855,16.07,7.062,FALSE
3.9e+14,"CLEAR LK A MOORING OA-10 NR CLEARLAKE OAKS CA",2021-04-22,10:33:47,"OAKS","OA-10",39.005078,-122.677356,16.808,349.9,722.5,8.97,FALSE,92.5,FALSE,8.21,1.55,1.768,15.83,7.396,TRUE
3.9e+14,"CLEAR LK A MOORING OA-10 NR CLEARLAKE OAKS CA",2021-04-22,10:36:34,"OAKS","OA-10",39.005078,-122.677356,16.799,350.2,722.6,8.81,FALSE,90.8,FALSE,8.17,1.84,1.949,16.05,7.643,FALSE
3.9e+14,"CLEAR LK A MOORING OA-10 NR CLEARLAKE OAKS CA",2021-04-22,10:39:50,"OAKS","OA-10",39.005078,-122.677356,17.273,349.7,722.5,9.36,FALSE,97.4,FALSE,8.29,1.17,0.962,15.61,3.502,FALSE
3.9e+14,"CLEAR LK A MOORING OA-09 NR CLEARLAKE OAKS CA",2021-04-22,11:34:08,"OAKS","OA-09",39.005822,-122.685253,18.581,350.4,722.2,9.5,FALSE,101.6,FALSE,8.31,0.83,0.433,14.75,0.518,FALSE
3.9e+14,"CLEAR LK A MOORING OA-09 NR CLEARLAKE OAKS CA",2021-04-22,11:34:44,"OAKS","OA-09",39.005822,-122.685253,17.547,350.3,722,9.43,FALSE,98.7,FALSE,8.29,1.92,1.102,15.45,1.017,FALSE
3.9e+14,"CLEAR LK A MOORING OA-09 NR CLEARLAKE OAKS CA",2021-04-22,11:35:58,"OAKS","OA-09",39.005822,-122.685253,17.309,349.9,722.1,9.45,FALSE,98.5,FALSE,8.29,1.33,1.233,15.5,1.506,FALSE
3.9e+14,"CLEAR LK A MOORING OA-09 NR CLEARLAKE OAKS CA",2021-04-22,11:36:54,"OAKS","OA-09",39.005822,-122.685253,17.337,349.8,722.1,9.45,FALSE,98.6,FALSE,8.29,1.07,0.952,15.63,2.078,FALSE
3.9e+14,"CLEAR LK A MOORING OA-09 NR CLEARLAKE OAKS CA",2021-04-22,11:37:22,"OAKS","OA-09",39.005822,-122.685253,17.156,349.7,722,9.38,FALSE,97.4,FALSE,8.28,1.38,1.182,15.67,2.515,TRUE
3.9e+14,"CLEAR LK A MOORING OA-09 NR CLEARLAKE OAKS CA",2021-04-22,11:37:58,"OAKS","OA-09",39.005822,-122.685253,17.164,349.5,722.1,9.38,FALSE,97.5,FALSE,8.28,1.1,1.17,15.68,3.037,FALSE
3.9e+14,"CLEAR LK A MOORING OA-09 NR CLEARLAKE OAKS CA",2021-04-22,11:38:43,"OAKS","OA-09",39.005822,-122.685253,17.098,349.7,722,9.34,FALSE,96.9,FALSE,8.28,1.46,1.403,15.87,3.524,FALSE
3.9e+14,"CLEAR LK A MOORING OA-09 NR CLEARLAKE OAKS CA",2021-04-22,11:39:45,"OAKS","OA-09",39.005822,-122.685253,16.959,349.4,722,9.24,FALSE,95.6,FALSE,8.27,1.61,1.644,15.69,4.053,FALSE
3.9e+14,"CLEAR LK A MOORING OA-09 NR CLEARLAKE OAKS CA",2021-04-22,11:40:16,"OAKS","OA-09",39.005822,-122.685253,16.907,349.2,722,9.23,FALSE,95.4,FALSE,8.27,1.69,1.462,15.78,4.513,FALSE
3.9e+14,"CLEAR LK A MOORING OA-09 NR CLEARLAKE OAKS CA",2021-04-22,11:40:54,"OAKS","OA-09",39.005822,-122.685253,16.915,349.2,722,9.22,FALSE,95.4,FALSE,8.28,1.27,1.526,15.7,5.078,FALSE
3.9e+14,"CLEAR LK A MOORING OA-09 NR CLEARLAKE OAKS CA",2021-04-22,11:41:23,"OAKS","OA-09",39.005822,-122.685253,16.856,349.3,722,9.2,FALSE,95,FALSE,8.28,2.41,1.795,15.82,5.518,FALSE
3.9e+14,"CLEAR LK A MOORING OA-09 NR CLEARLAKE OAKS CA",2021-04-22,11:42:40,"OAKS","OA-09",39.005822,-122.685253,16.785,349.1,722,9.17,FALSE,94.6,FALSE,8.29,1.89,1.493,15.55,6.045,FALSE
3.9e+14,"CLEAR LK A MOORING OA-09 NR CLEARLAKE OAKS CA",2021-04-22,11:43:54,"OAKS","OA-09",39.005822,-122.685253,16.781,349.1,722,9.17,FALSE,94.6,FALSE,8.29,1.99,1.271,15.87,6.049,FALSE
3.9e+14,"CLEAR LK A MOORING OA-09 NR CLEARLAKE OAKS CA",2021-04-22,11:44:23,"OAKS","OA-09",39.005822,-122.685253,16.712,348.9,722.1,9.17,FALSE,94.4,FALSE,8.29,1.08,1.423,15.78,6.503,FALSE
3.9e+14,"CLEAR LK A MOORING OA-09 NR CLEARLAKE OAKS CA",2021-04-22,11:45:03,"OAKS","OA-09",39.005822,-122.685253,16.601,350,722.1,8.99,FALSE,92.3,FALSE,8.02,1.35,1.528,15.93,7.063,FALSE
3.9e+14,"CLEAR LK A MOORING OA-09 NR CLEARLAKE OAKS CA",2021-04-22,11:46:40,"OAKS","OA-09",39.005822,-122.685253,16.564,350.7,722.1,8.86,FALSE,91,FALSE,8.03,1.19,2.17,15.93,7.492,FALSE
3.9e+14,"CLEAR LK A MOORING OA-09 NR CLEARLAKE OAKS CA",2021-04-22,11:48:42,"OAKS","OA-09",39.005822,-122.685253,16.594,350,722,8.97,FALSE,92.1,FALSE,8.15,1.97,1.566,15.88,8.023,FALSE
3.9e+14,"CLEAR LK A MOORING OA-09 NR CLEARLAKE OAKS CA",2021-04-22,11:50:22,"OAKS","OA-09",39.005822,-122.685253,16.594,349.9,722,9.01,FALSE,92.6,FALSE,8.15,0.93,1.673,15.75,8.046,FALSE
3.9e+14,"CLEAR LK A MOORING OA-09 NR CLEARLAKE OAKS CA",2021-04-22,11:51:13,"OAKS","OA-09",39.005822,-122.685253,16.542,351.5,722,8.73,FALSE,89.6,FALSE,7.84,1.86,2.665,15.55,8.522,FALSE
3.9e+14,"CLEAR LK A MOORING OA-09 NR CLEARLAKE OAKS CA",2021-04-22,11:51:58,"OAKS","OA-09",39.005822,-122.685253,16.534,351.5,722,8.69,FALSE,89.1,FALSE,7.83,2.16,2.028,15.9,9.009,FALSE
3.9e+14,"CLEAR LK A MOORING OA-09 NR CLEARLAKE OAKS CA",2021-04-22,11:52:45,"OAKS","OA-09",39.005822,-122.685253,16.529,351.5,722,8.64,FALSE,88.6,FALSE,7.83,1.74,2.014,16.02,9.522,FALSE
3.9e+14,"CLEAR LK A MOORING OA-09 NR CLEARLAKE OAKS CA",2021-04-22,11:53:32,"OAKS","OA-09",39.005822,-122.685253,16.521,351.4,722,8.62,FALSE,88.3,FALSE,7.88,2.23,1.921,15.96,9.99,FALSE
3.9e+14,"CLEAR LK A MOORING OA-09 NR CLEARLAKE OAKS CA",2021-04-22,11:54:26,"OAKS","OA-09",39.005822,-122.685253,16.507,352,722,8.5,FALSE,87.1,FALSE,7.7,2.15,2.098,15.89,10.504,FALSE
3.9e+14,"CLEAR LK A MOORING OA-09 NR CLEARLAKE OAKS CA",2021-04-22,11:55:17,"OAKS","OA-09",39.005822,-122.685253,16.51,351.9,722.1,8.45,FALSE,86.6,FALSE,7.73,1.58,2.41,15.85,11.062,FALSE
3.9e+14,"CLEAR LK A MOORING OA-09 NR CLEARLAKE OAKS CA",2021-04-22,11:56:00,"OAKS","OA-09",39.005822,-122.685253,16.452,352.1,722,8.09,FALSE,82.8,FALSE,7.64,1.86,2.43,15.98,11.528,FALSE
3.9e+14,"CLEAR LK A MOORING OA-09 NR CLEARLAKE OAKS CA",2021-04-22,11:56:58,"OAKS","OA-09",39.005822,-122.685253,16.46,352.5,722,7.96,FALSE,81.5,FALSE,7.56,1.74,2.408,15.92,12.09,FALSE
3.9e+14,"CLEAR LK A MOORING OA-09 NR CLEARLAKE OAKS CA",2021-04-22,11:57:58,"OAKS","OA-09",39.005822,-122.685253,16.294,355.6,722,7.34,FALSE,74.9,FALSE,7,3.86,3.276,15.94,12.502,FALSE
3.9e+14,"CLEAR LK A MOORING OA-09 NR CLEARLAKE OAKS CA",2021-04-22,11:59:07,"OAKS","OA-09",39.005822,-122.685253,16.293,355.9,722,7.24,FALSE,73.9,FALSE,6.98,3.98,2.811,16.06,13.066,FALSE
3.9e+14,"CLEAR LK A MOORING OA-09 NR CLEARLAKE OAKS CA",2021-04-22,12:00:20,"OAKS","OA-09",39.005822,-122.685253,16.31,355.6,722,7.2,FALSE,73.5,FALSE,7.01,3.69,2.904,16.06,13.521,FALSE
3.9e+14,"CLEAR LK A MOORING OA-09 NR CLEARLAKE OAKS CA",2021-04-22,12:00:45,"OAKS","OA-09",39.005822,-122.685253,16.285,355.8,722,7.14,FALSE,72.9,FALSE,6.99,3.59,3.677,16.01,14.053,FALSE
3.9e+14,"CLEAR LK A MOORING OA-09 NR CLEARLAKE OAKS CA",2021-04-22,12:01:40,"OAKS","OA-09",39.005822,-122.685253,16.3,355.9,722,7.18,FALSE,73.2,FALSE,6.98,4.19,3.993,16.06,14.543,FALSE
3.9e+14,"CLEAR LK A MOORING OA-09 NR CLEARLAKE OAKS CA",2021-04-22,12:02:54,"OAKS","OA-09",39.005822,-122.685253,16.291,356,722.1,7.14,FALSE,72.9,FALSE,6.95,4,3.031,15.99,15.005,TRUE
3.9e+14,"CLEAR LK A MOORING OA-09 NR CLEARLAKE OAKS CA",2021-04-22,12:03:26,"OAKS","OA-09",39.005822,-122.685253,16.264,356.6,722,6.95,FALSE,70.9,FALSE,6.9,3.01,3.045,16.03,15.543,FALSE
3.9e+14,"CLEAR LK A MOORING OA-09 NR CLEARLAKE OAKS CA",2021-04-22,12:04:24,"OAKS","OA-09",39.005822,-122.685253,16.27,356.3,721.9,6.96,FALSE,71,FALSE,6.91,5.23,3.598,16.11,16.086,FALSE
3.9e+14,"CLEAR LK A MOORING OA-09 NR CLEARLAKE OAKS CA",2021-04-22,12:05:02,"OAKS","OA-09",39.005822,-122.685253,16.266,356.1,722,6.94,FALSE,70.8,FALSE,6.95,3.91,2.761,16.06,16.448,FALSE
3.9e+14,"CLEAR LK A MOORING OA-09 NR CLEARLAKE OAKS CA",2021-04-22,12:05:33,"OAKS","OA-09",39.005822,-122.685253,16.271,356.1,722,6.99,FALSE,71.3,FALSE,6.93,4.02,3.851,16.12,17.002,FALSE
3.9e+14,"CLEAR LK A MOORING OA-09 NR CLEARLAKE OAKS CA",2021-04-22,12:05:58,"OAKS","OA-09",39.005822,-122.685253,16.274,356.1,722,7,FALSE,71.4,FALSE,6.94,3.46,3.261,16.02,17.002,FALSE
3.9e+14,"CLEAR LK A MOORING OA-09 NR CLEARLAKE OAKS CA",2021-04-22,12:06:40,"OAKS","OA-09",39.005822,-122.685253,16.238,357.2,722,6.84,FALSE,69.7,FALSE,6.89,4.21,3.29,16.21,17.529,FALSE
3.9e+14,"CLEAR LK A MOORING OA-09 NR CLEARLAKE OAKS CA",2021-04-22,12:07:12,"OAKS","OA-09",39.005822,-122.685253,16.239,357.4,722,6.82,FALSE,69.6,FALSE,6.9,4.47,3.785,16.27,18.094,FALSE
3.9e+14,"CLEAR LK A MOORING OA-04 NR CLEARLAKE OAKS CA",2021-04-22,12:48:21,"OAKS","OA-04",39.012694,-122.698986,18.222,350.2,721.7,9.63,FALSE,102.3,FALSE,8.33,1.18,0.421,15.14,0.537,FALSE
3.9e+14,"CLEAR LK A MOORING OA-04 NR CLEARLAKE OAKS CA",2021-04-22,12:48:48,"OAKS","OA-04",39.012694,-122.698986,17.392,349.5,721.7,9.66,FALSE,100.9,FALSE,8.33,1.49,0.564,15.44,1.01,FALSE
3.9e+14,"CLEAR LK A MOORING OA-04 NR CLEARLAKE OAKS CA",2021-04-22,12:49:34,"OAKS","OA-04",39.012694,-122.698986,17.039,349.2,721.7,9.73,FALSE,100.8,FALSE,8.33,1.48,0.658,15.87,1.491,FALSE
3.9e+14,"CLEAR LK A MOORING OA-04 NR CLEARLAKE OAKS CA",2021-04-22,12:49:59,"OAKS","OA-04",39.012694,-122.698986,16.806,349.2,721.7,9.63,FALSE,99.3,FALSE,8.31,1.39,1.32,15.91,2.043,FALSE
3.9e+14,"CLEAR LK A MOORING OA-04 NR CLEARLAKE OAKS CA",2021-04-22,12:51:40,"OAKS","OA-04",39.012694,-122.698986,16.772,349.1,721.7,9.63,FALSE,99.3,FALSE,8.32,1.9,1.491,16.13,2.506,TRUE
3.9e+14,"CLEAR LK A MOORING OA-04 NR CLEARLAKE OAKS CA",2021-04-22,12:54:09,"OAKS","OA-04",39.012694,-122.698986,16.662,349.2,721.7,9.48,FALSE,97.4,FALSE,8.29,1.28,1.622,16.1,3.499,FALSE
3.9e+14,"CLEAR LK A MOORING OA-04 NR CLEARLAKE OAKS CA",2021-04-22,12:54:32,"OAKS","OA-04",39.012694,-122.698986,16.631,349.2,721.7,9.43,FALSE,96.9,FALSE,8.28,1.44,1.482,16.27,4.051,FALSE
3.9e+14,"CLEAR LK A MOORING OA-04 NR CLEARLAKE OAKS CA",2021-04-22,12:55:09,"OAKS","OA-04",39.012694,-122.698986,16.611,349.1,721.7,9.45,FALSE,97.1,FALSE,8.29,1.48,1.455,16.06,4.454,FALSE
3.9e+14,"CLEAR LK A MOORING OA-04 NR CLEARLAKE OAKS CA",2021-04-22,12:55:54,"OAKS","OA-04",39.012694,-122.698986,16.578,349.2,721.7,9.35,FALSE,96,FALSE,8.27,1.41,1.56,16.09,5.059,FALSE
3.9e+14,"CLEAR LK A MOORING OA-04 NR CLEARLAKE OAKS CA",2021-04-22,12:56:32,"OAKS","OA-04",39.012694,-122.698986,16.548,349.4,721.7,9.21,FALSE,94.5,FALSE,8.25,1.67,1.701,16.1,5.503,FALSE
3.9e+14,"CLEAR LK A MOORING OA-04 NR CLEARLAKE OAKS CA",2021-04-22,12:57:04,"OAKS","OA-04",39.012694,-122.698986,16.456,349.8,721.7,8.89,FALSE,91,FALSE,8.2,1.96,1.999,16.17,6.058,FALSE
3.9e+14,"CLEAR LK A MOORING OA-04 NR CLEARLAKE OAKS CA",2021-04-22,12:57:46,"OAKS","OA-04",39.012694,-122.698986,16.4,349.7,721.7,8.72,FALSE,89.2,FALSE,8.17,1.58,2.262,16.19,6.511,FALSE
3.9e+14,"CLEAR LK A MOORING OA-04 NR CLEARLAKE OAKS CA",2021-04-22,12:59:15,"OAKS","OA-04",39.012694,-122.698986,16.31,350.1,721.7,8.48,FALSE,86.5,FALSE,8.11,1.51,1.85,16.17,7.05,FALSE
3.9e+14,"CLEAR LK A MOORING OA-04 NR CLEARLAKE OAKS CA",2021-04-22,12:59:55,"OAKS","OA-04",39.012694,-122.698986,16.266,350.2,721.7,8.35,FALSE,85.2,FALSE,8.07,1.62,3.127,16.33,7.45,FALSE
3.9e+14,"CLEAR LK A MOORING OA-04 NR CLEARLAKE OAKS CA",2021-04-22,13:01:06,"OAKS","OA-04",39.012694,-122.698986,16.218,350.4,721.7,8.21,FALSE,83.7,FALSE,8.02,1.79,2.323,16.27,8.03,FALSE
3.9e+14,"CLEAR LK A MOORING OA-04 NR CLEARLAKE OAKS CA",2021-04-22,13:02:12,"OAKS","OA-04",39.012694,-122.698986,16.167,350.6,721.7,8,FALSE,81.4,FALSE,7.96,1.68,2.46,16.43,8.494,FALSE
3.9e+14,"CLEAR LK A MOORING OA-04 NR CLEARLAKE OAKS CA",2021-04-22,13:03:10,"OAKS","OA-04",39.012694,-122.698986,16.152,350.9,721.7,7.7,FALSE,78.3,FALSE,7.85,1.78,3.076,16.45,9.026,FALSE
3.9e+14,"CLEAR LK A MOORING OA-04 NR CLEARLAKE OAKS CA",2021-04-22,13:05:02,"OAKS","OA-04",39.012694,-122.698986,16.153,350.9,721.7,7.71,FALSE,78.5,FALSE,7.85,1.56,2.597,16.35,9.035,FALSE
3.9e+14,"CLEAR LK A MOORING OA-04 NR CLEARLAKE OAKS CA",2021-04-22,13:05:36,"OAKS","OA-04",39.012694,-122.698986,16.145,350.9,721.7,7.48,FALSE,76.1,FALSE,7.84,2.17,2.748,16.53,9.484,FALSE
3.9e+14,"CLEAR LK A MOORING OA-04 NR CLEARLAKE OAKS CA",2021-04-22,13:06:49,"OAKS","OA-04",39.012694,-122.698986,16.144,350.9,721.7,7.35,FALSE,74.8,FALSE,7.84,2.5,3.196,16.52,10.028,TRUE
3.9e+14,"CLEAR LK A MOORING OA-04 NR CLEARLAKE OAKS CA",2021-04-22,13:07:14,"OAKS","OA-04",39.012694,-122.698986,16.14,351,721.7,7.27,FALSE,74,FALSE,7.87,2.39,2.967,16.49,10.501,FALSE
3.9e+14,"CLEAR LK A MOORING OA-04 NR CLEARLAKE OAKS CA",2021-04-22,13:07:43,"OAKS","OA-04",39.012694,-122.698986,16.119,351.2,721.7,6.9,FALSE,70.1,FALSE,7.88,3.68,3.356,16.76,11.094,FALSE
3.9e+14,"CLEAR LK A MOORING OA-04 NR CLEARLAKE OAKS CA",2021-04-22,13:13:47,"OAKS","OA-04",39.012694,-122.698986,16.661,349.1,721.7,9.16,FALSE,94.2,FALSE,8.3,2.43,1.556,16.1,3.014,FALSE
3.9e+14,"CLEAR LK A MOORING OA-10 NR CLEARLAKE OAKS CA",2021-05-18,10:45:53,"OAKS","OA-10",39.005078,-122.677356,20.968,359,727.7,8.32,FALSE,93.4,FALSE,8.28,4.34,0.953,18.54,0.522,FALSE
3.9e+14,"CLEAR LK A MOORING OA-10 NR CLEARLAKE OAKS CA",2021-05-18,10:46:40,"OAKS","OA-10",39.005078,-122.677356,20.954,358.9,727.6,8.3,FALSE,93.1,FALSE,8.29,3.05,0.95,18.71,1.065,FALSE
3.9e+14,"CLEAR LK A MOORING OA-10 NR CLEARLAKE OAKS CA",2021-05-18,10:47:22,"OAKS","OA-10",39.005078,-122.677356,20.934,359,727.6,8.28,FALSE,92.8,FALSE,8.29,4.51,0.936,18.61,1.51,FALSE
3.9e+14,"CLEAR LK A MOORING OA-10 NR CLEARLAKE OAKS CA",2021-05-18,10:47:57,"OAKS","OA-10",39.005078,-122.677356,20.949,359,727.7,8.28,FALSE,92.9,FALSE,8.29,3.24,0.927,18.65,2.086,FALSE
3.9e+14,"CLEAR LK A MOORING OA-10 NR CLEARLAKE OAKS CA",2021-05-18,10:48:54,"OAKS","OA-10",39.005078,-122.677356,20.941,358.9,727.5,8.28,FALSE,92.8,FALSE,8.31,6.83,1.003,18.72,2.521,TRUE
3.9e+14,"CLEAR LK A MOORING OA-10 NR CLEARLAKE OAKS CA",2021-05-18,10:49:43,"OAKS","OA-10",39.005078,-122.677356,20.941,359.1,727.6,8.27,FALSE,92.7,FALSE,8.33,4.14,0.951,18.69,3.106,FALSE
3.9e+14,"CLEAR LK A MOORING OA-10 NR CLEARLAKE OAKS CA",2021-05-18,10:50:34,"OAKS","OA-10",39.005078,-122.677356,20.915,359.1,727.6,8.25,FALSE,92.4,FALSE,8.35,4.29,1.115,18.69,3.503,FALSE
3.9e+14,"CLEAR LK A MOORING OA-10 NR CLEARLAKE OAKS CA",2021-05-18,10:51:09,"OAKS","OA-10",39.005078,-122.677356,20.906,359.2,727.6,8.22,FALSE,92.1,FALSE,8.37,7.05,0.893,18.58,4.035,FALSE
3.9e+14,"CLEAR LK A MOORING OA-10 NR CLEARLAKE OAKS CA",2021-05-18,10:51:59,"OAKS","OA-10",39.005078,-122.677356,20.915,359.1,727.5,8.23,FALSE,92.2,FALSE,8.39,5.96,1.035,18.63,4.481,FALSE
3.9e+14,"CLEAR LK A MOORING OA-10 NR CLEARLAKE OAKS CA",2021-05-18,10:54:00,"OAKS","OA-10",39.005078,-122.677356,20.93,359.2,727.5,8.23,FALSE,92.3,FALSE,8.41,3.31,1.114,18.7,5.011,FALSE
3.9e+14,"CLEAR LK A MOORING OA-10 NR CLEARLAKE OAKS CA",2021-05-18,10:55:46,"OAKS","OA-10",39.005078,-122.677356,20.931,358.9,727.4,8.22,FALSE,92.2,FALSE,8.42,3.08,1.016,18.73,5.446,FALSE
3.9e+14,"CLEAR LK A MOORING OA-10 NR CLEARLAKE OAKS CA",2021-05-18,10:56:18,"OAKS","OA-10",39.005078,-122.677356,20.925,359.1,727.5,8.2,FALSE,92,FALSE,8.41,3.61,0.887,18.59,6.019,FALSE
3.9e+14,"CLEAR LK A MOORING OA-10 NR CLEARLAKE OAKS CA",2021-05-18,10:57:35,"OAKS","OA-10",39.005078,-122.677356,20.926,359.1,727.5,8.17,FALSE,91.6,FALSE,8.41,3.76,0.776,18.73,7.082,TRUE
3.9e+14,"CLEAR LK A MOORING OA-10 NR CLEARLAKE OAKS CA",2021-05-18,10:59:35,"OAKS","OA-10",39.005078,-122.677356,20.912,359.4,727.3,8.1,FALSE,90.8,FALSE,8.42,3.62,0.856,18.71,7.197,FALSE
3.9e+14,"CLEAR LK A MOORING OA-10 NR CLEARLAKE OAKS CA",2021-05-18,11:01:50,"OAKS","OA-10",39.005078,-122.677356,20.902,359.3,727.6,8.2,FALSE,91.9,FALSE,8.42,5.33,0.865,18.68,6.489,FALSE
3.9e+14,"CLEAR LK A MOORING OA-09 NR CLEARLAKE OAKS CA",2021-05-18,12:26:46,"OAKS","OA-09",39.005822,-122.685253,20.545,360.9,726.9,7.81,FALSE,86.9,FALSE,8.02,4.09,0.79,18.35,15.045,FALSE
3.9e+14,"CLEAR LK A MOORING OA-09 NR CLEARLAKE OAKS CA",2021-05-18,12:33:39,"OAKS","OA-09",39.005822,-122.685253,20.622,360,727,8.08,FALSE,90.1,FALSE,8.3,1.96,0.751,18.54,0.48,FALSE
3.9e+14,"CLEAR LK A MOORING OA-09 NR CLEARLAKE OAKS CA",2021-05-18,12:34:00,"OAKS","OA-09",39.005822,-122.685253,20.619,360,727,8.07,FALSE,90,FALSE,8.3,1.94,0.719,18.49,1.009,FALSE
3.9e+14,"CLEAR LK A MOORING OA-09 NR CLEARLAKE OAKS CA",2021-05-18,12:34:55,"OAKS","OA-09",39.005822,-122.685253,20.612,359.9,726.9,8.07,FALSE,90,FALSE,8.3,2.4,0.967,18.66,1.533,FALSE
3.9e+14,"CLEAR LK A MOORING OA-09 NR CLEARLAKE OAKS CA",2021-05-18,12:35:22,"OAKS","OA-09",39.005822,-122.685253,20.617,360,726.9,8.08,FALSE,90.1,FALSE,8.3,2.76,0.772,18.61,2.037,FALSE
3.9e+14,"CLEAR LK A MOORING OA-09 NR CLEARLAKE OAKS CA",2021-05-18,12:35:47,"OAKS","OA-09",39.005822,-122.685253,20.622,360,726.9,8.07,FALSE,89.9,FALSE,8.3,1.75,0.81,18.45,2.488,TRUE
3.9e+14,"CLEAR LK A MOORING OA-09 NR CLEARLAKE OAKS CA",2021-05-18,12:36:25,"OAKS","OA-09",39.005822,-122.685253,20.629,360,726.9,8.07,FALSE,90,FALSE,8.3,2.47,0.791,18.4,2.777,FALSE
3.9e+14,"CLEAR LK A MOORING OA-09 NR CLEARLAKE OAKS CA",2021-05-18,12:37:01,"OAKS","OA-09",39.005822,-122.685253,20.622,360,727,8.07,FALSE,89.9,FALSE,8.29,2.3,0.891,18.6,3.571,FALSE
3.9e+14,"CLEAR LK A MOORING OA-09 NR CLEARLAKE OAKS CA",2021-05-18,12:37:23,"OAKS","OA-09",39.005822,-122.685253,20.62,360.1,727,8.08,FALSE,90,FALSE,8.3,2.67,0.736,18.6,4.129,FALSE
3.9e+14,"CLEAR LK A MOORING OA-09 NR CLEARLAKE OAKS CA",2021-05-18,12:38:02,"OAKS","OA-09",39.005822,-122.685253,20.624,359.9,726.9,8.09,FALSE,90.1,FALSE,8.3,1.8,0.79,18.45,4.513,FALSE
3.9e+14,"CLEAR LK A MOORING OA-09 NR CLEARLAKE OAKS CA",2021-05-18,12:38:25,"OAKS","OA-09",39.005822,-122.685253,20.616,360.1,726.8,8.06,FALSE,89.8,FALSE,8.3,1.99,0.806,18.6,5.037,FALSE
3.9e+14,"CLEAR LK A MOORING OA-09 NR CLEARLAKE OAKS CA",2021-05-18,12:38:56,"OAKS","OA-09",39.005822,-122.685253,20.629,359.9,727,8.07,FALSE,90,FALSE,8.3,1.83,0.714,18.51,5.493,FALSE
3.9e+14,"CLEAR LK A MOORING OA-09 NR CLEARLAKE OAKS CA",2021-05-18,12:39:16,"OAKS","OA-09",39.005822,-122.685253,20.62,359.9,727,8.08,FALSE,90.1,FALSE,8.31,2.62,0.737,18.57,5.819,FALSE
3.9e+14,"CLEAR LK A MOORING OA-09 NR CLEARLAKE OAKS CA",2021-05-18,12:39:50,"OAKS","OA-09",39.005822,-122.685253,20.639,359.9,727,8.15,FALSE,90.8,FALSE,8.31,1.96,0.881,18.66,6.444,FALSE
3.9e+14,"CLEAR LK A MOORING OA-09 NR CLEARLAKE OAKS CA",2021-05-18,12:40:25,"OAKS","OA-09",39.005822,-122.685253,20.638,359.9,726.9,8.13,FALSE,90.6,FALSE,8.32,2.1,0.861,18.48,7.101,FALSE
3.9e+14,"CLEAR LK A MOORING OA-09 NR CLEARLAKE OAKS CA",2021-05-18,12:41:02,"OAKS","OA-09",39.005822,-122.685253,20.671,359.4,726.8,8.19,FALSE,91.4,FALSE,8.35,1.91,0.688,18.64,7.449,FALSE
3.9e+14,"CLEAR LK A MOORING OA-09 NR CLEARLAKE OAKS CA",2021-05-18,12:41:34,"OAKS","OA-09",39.005822,-122.685253,20.639,359.9,726.8,8.14,FALSE,90.7,FALSE,8.32,1.92,0.876,18.66,8.099,FALSE
3.9e+14,"CLEAR LK A MOORING OA-09 NR CLEARLAKE OAKS CA",2021-05-18,12:42:10,"OAKS","OA-09",39.005822,-122.685253,20.647,359.5,726.8,8.16,FALSE,91,FALSE,8.34,1.85,0.931,18.54,8.541,FALSE
3.9e+14,"CLEAR LK A MOORING OA-09 NR CLEARLAKE OAKS CA",2021-05-18,12:42:49,"OAKS","OA-09",39.005822,-122.685253,20.636,359.5,726.9,8.15,FALSE,90.9,FALSE,8.33,3.05,0.769,18.65,9.115,FALSE
3.9e+14,"CLEAR LK A MOORING OA-09 NR CLEARLAKE OAKS CA",2021-05-18,12:43:16,"OAKS","OA-09",39.005822,-122.685253,20.623,360,726.9,8.11,FALSE,90.4,FALSE,8.3,2.37,0.776,18.66,9.463,FALSE
3.9e+14,"CLEAR LK A MOORING OA-09 NR CLEARLAKE OAKS CA",2021-05-18,12:44:11,"OAKS","OA-09",39.005822,-122.685253,20.629,359.6,726.8,8.15,FALSE,90.8,FALSE,8.34,2.11,0.815,18.72,10.033,FALSE
3.9e+14,"CLEAR LK A MOORING OA-09 NR CLEARLAKE OAKS CA",2021-05-18,12:45:23,"OAKS","OA-09",39.005822,-122.685253,20.574,359.9,726.9,8.06,FALSE,89.7,FALSE,8.32,1.87,0.892,18.65,10.623,FALSE
3.9e+14,"CLEAR LK A MOORING OA-09 NR CLEARLAKE OAKS CA",2021-05-18,12:46:04,"OAKS","OA-09",39.005822,-122.685253,20.552,360,727,8,FALSE,89.1,FALSE,8.32,2.25,0.856,18.66,10.985,FALSE
3.9e+14,"CLEAR LK A MOORING OA-09 NR CLEARLAKE OAKS CA",2021-05-18,12:46:44,"OAKS","OA-09",39.005822,-122.685253,20.539,359.8,727,7.97,FALSE,88.6,FALSE,8.31,1.93,0.793,18.72,11.56,FALSE
3.9e+14,"CLEAR LK A MOORING OA-09 NR CLEARLAKE OAKS CA",2021-05-18,12:47:23,"OAKS","OA-09",39.005822,-122.685253,20.526,360.1,726.7,7.9,FALSE,87.9,FALSE,8.29,2.07,0.844,18.78,12.005,FALSE
3.9e+14,"CLEAR LK A MOORING OA-09 NR CLEARLAKE OAKS CA",2021-05-18,13:08:04,"OAKS","OA-09",39.005822,-122.685253,20.581,365.1,726.7,7.83,FALSE,87.2,FALSE,7.94,3.65,1.285,18.26,12.649,FALSE
3.9e+14,"CLEAR LK A MOORING OA-09 NR CLEARLAKE OAKS CA",2021-05-18,13:10:11,"OAKS","OA-09",39.005822,-122.685253,20.587,362.7,726.7,7.85,FALSE,87.4,FALSE,8.09,2.85,0.8,18.44,12.013,FALSE
3.9e+14,"CLEAR LK A MOORING OA-09 NR CLEARLAKE OAKS CA",2021-05-18,13:16:26,"OAKS","OA-09",39.005822,-122.685253,20.593,362.6,726.7,7.93,FALSE,88.3,FALSE,8.15,5.95,0.938,18.21,12.506,FALSE
3.9e+14,"CLEAR LK A MOORING OA-09 NR CLEARLAKE OAKS CA",2021-05-18,13:21:05,"OAKS","OA-09",39.005822,-122.685253,20.568,360.6,726.6,7.91,FALSE,88.1,FALSE,8.22,3.35,0.887,18.6,13.24,FALSE
3.9e+14,"CLEAR LK A MOORING OA-09 NR CLEARLAKE OAKS CA",2021-05-18,13:21:10,"OAKS","OA-09",39.005822,-122.685253,20.572,360.5,726.6,7.91,FALSE,88.1,FALSE,8.25,2.76,0.858,18.6,13.617,FALSE
3.9e+14,"CLEAR LK A MOORING OA-04 NR CLEARLAKE OAKS CA",2021-05-18,13:49:43,"OAKS","OA-04",39.012694,-122.698986,20.79,360.7,726.5,7.9,FALSE,88.4,FALSE,8.27,1.62,0.698,18.42,1.033,FALSE
3.9e+14,"CLEAR LK A MOORING OA-04 NR CLEARLAKE OAKS CA",2021-05-18,13:50:36,"OAKS","OA-04",39.012694,-122.698986,20.791,360.8,726.4,7.9,FALSE,88.4,FALSE,8.24,1.65,0.618,18.49,1.532,FALSE
3.9e+14,"CLEAR LK A MOORING OA-04 NR CLEARLAKE OAKS CA",2021-05-18,13:51:03,"OAKS","OA-04",39.012694,-122.698986,20.771,361.1,726.4,7.87,FALSE,88,FALSE,8.21,1.76,0.677,18.56,2.033,FALSE
3.9e+14,"CLEAR LK A MOORING OA-04 NR CLEARLAKE OAKS CA",2021-05-18,13:51:49,"OAKS","OA-04",39.012694,-122.698986,20.815,360.9,726.4,7.87,FALSE,88,FALSE,8.21,2.16,0.729,18.54,2.572,TRUE
3.9e+14,"CLEAR LK A MOORING OA-04 NR CLEARLAKE OAKS CA",2021-05-18,13:52:27,"OAKS","OA-04",39.012694,-122.698986,20.803,361,726.4,7.85,FALSE,87.8,FALSE,8.21,2.8,0.758,18.56,2.982,FALSE
3.9e+14,"CLEAR LK A MOORING OA-04 NR CLEARLAKE OAKS CA",2021-05-18,13:53:07,"OAKS","OA-04",39.012694,-122.698986,20.795,360.9,726.4,7.78,FALSE,87,FALSE,8.21,2.71,0.663,18.69,3.463,FALSE
3.9e+14,"CLEAR LK A MOORING OA-04 NR CLEARLAKE OAKS CA",2021-05-18,13:54:00,"OAKS","OA-04",39.012694,-122.698986,20.733,361.4,726.4,7.59,FALSE,84.8,FALSE,8.17,3.49,1.069,18.75,4.038,FALSE
3.9e+14,"CLEAR LK A MOORING OA-04 NR CLEARLAKE OAKS CA",2021-05-18,13:54:35,"OAKS","OA-04",39.012694,-122.698986,20.715,361.4,726.4,7.5,FALSE,83.7,FALSE,8.15,3.38,0.888,18.73,4.492,FALSE
3.9e+14,"CLEAR LK A MOORING OA-04 NR CLEARLAKE OAKS CA",2021-05-18,13:55:06,"OAKS","OA-04",39.012694,-122.698986,20.683,361.4,726.4,7.47,FALSE,83.4,FALSE,8.15,3.4,0.917,18.69,5.071,FALSE
3.9e+14,"CLEAR LK A MOORING OA-04 NR CLEARLAKE OAKS CA",2021-05-18,13:55:50,"OAKS","OA-04",39.012694,-122.698986,20.656,361.4,726.4,7.48,FALSE,83.4,FALSE,8.15,3.63,0.739,18.63,5.387,FALSE
3.9e+14,"CLEAR LK A MOORING OA-04 NR CLEARLAKE OAKS CA",2021-05-18,13:56:21,"OAKS","OA-04",39.012694,-122.698986,20.595,361.3,726.4,7.55,FALSE,84.1,FALSE,8.16,2.81,0.678,18.67,5.997,FALSE
3.9e+14,"CLEAR LK A MOORING OA-04 NR CLEARLAKE OAKS CA",2021-05-18,13:56:58,"OAKS","OA-04",39.012694,-122.698986,20.544,361,726.4,7.62,FALSE,84.8,FALSE,8.2,2.27,0.634,18.62,6.485,FALSE
3.9e+14,"CLEAR LK A MOORING OA-04 NR CLEARLAKE OAKS CA",2021-05-18,13:57:38,"OAKS","OA-04",39.012694,-122.698986,20.541,361.1,726.4,7.62,FALSE,84.8,FALSE,8.21,4.51,0.783,18.6,7.09,FALSE
3.9e+14,"CLEAR LK A MOORING OA-04 NR CLEARLAKE OAKS CA",2021-05-18,13:58:18,"OAKS","OA-04",39.012694,-122.698986,20.491,360.6,726.4,7.76,FALSE,86.3,FALSE,8.25,2.04,0.703,18.59,7.466,FALSE
3.9e+14,"CLEAR LK A MOORING OA-04 NR CLEARLAKE OAKS CA",2021-05-18,13:59:02,"OAKS","OA-04",39.012694,-122.698986,20.461,360.4,726.4,7.81,FALSE,86.8,FALSE,8.27,1.73,0.788,18.61,8.038,FALSE
3.9e+14,"CLEAR LK A MOORING OA-04 NR CLEARLAKE OAKS CA",2021-05-18,13:59:49,"OAKS","OA-04",39.012694,-122.698986,20.406,360.1,726.4,7.83,FALSE,86.9,FALSE,8.29,1.53,0.565,18.57,8.512,FALSE
3.9e+14,"CLEAR LK A MOORING OA-04 NR CLEARLAKE OAKS CA",2021-05-18,14:00:37,"OAKS","OA-04",39.012694,-122.698986,20.384,360.2,726.4,7.81,FALSE,86.7,FALSE,8.29,2.14,0.83,18.63,8.915,FALSE
3.9e+14,"CLEAR LK A MOORING OA-04 NR CLEARLAKE OAKS CA",2021-05-18,14:01:18,"OAKS","OA-04",39.012694,-122.698986,20.336,360.3,726.3,7.78,FALSE,86.2,FALSE,8.29,1.68,0.719,18.64,9.496,FALSE
3.9e+14,"CLEAR LK A MOORING OA-04 NR CLEARLAKE OAKS CA",2021-05-18,14:01:48,"OAKS","OA-04",39.012694,-122.698986,20.31,360.1,726.4,7.74,FALSE,85.7,FALSE,8.29,1.69,0.898,18.43,10.02,TRUE
3.9e+14,"CLEAR LK A MOORING OA-04 NR CLEARLAKE OAKS CA",2021-05-18,14:04:51,"OAKS","OA-04",39.012694,-122.698986,20.285,360.3,726.3,7.66,FALSE,84.8,FALSE,8.29,1.87,0.726,18.59,10.53,FALSE
3.9e+14,"CLEAR LK A MOORING OA-04 NR CLEARLAKE OAKS CA",2021-05-18,14:09:04,"OAKS","OA-04",39.012694,-122.698986,20.927,360.7,726.3,7.97,FALSE,89.4,FALSE,8.23,2.3,0.578,18.53,0.51,FALSE
3.9e+14,"CLEAR LK A MOORING OA-09 NR CLEARLAKE OAKS CA",2021-05-18,15:06:09,"OAKS","OA-09",39.005822,-122.685253,20.769,359.9,725.9,8.15,FALSE,91.1,FALSE,8.32,4.19,0.807,18.48,14.081,FALSE
3.9e+14,"CLEAR LK A MOORING OA-09 NR CLEARLAKE OAKS CA",2021-05-18,15:06:27,"OAKS","OA-09",39.005822,-122.685253,20.788,359.4,725.9,8.22,FALSE,91.9,FALSE,8.35,3.33,0.938,18.51,14.542,FALSE
3.9e+14,"CLEAR LK A MOORING OA-09 NR CLEARLAKE OAKS CA",2021-05-18,15:06:45,"OAKS","OA-09",39.005822,-122.685253,20.756,359.7,725.8,8.14,FALSE,90.9,FALSE,8.33,1.81,1.312,18.63,15.06,TRUE
3.9e+14,"CLEAR LK A MOORING OA-09 NR CLEARLAKE OAKS CA",2021-05-18,15:07:03,"OAKS","OA-09",39.005822,-122.685253,20.693,360.5,725.9,7.99,FALSE,89.2,FALSE,8.27,2.54,1.02,18.33,15.555,FALSE
3.9e+14,"CLEAR LK A MOORING OA-09 NR CLEARLAKE OAKS CA",2021-05-18,15:07:23,"OAKS","OA-09",39.005822,-122.685253,20.653,361,725.9,7.73,FALSE,86.2,FALSE,8.18,5.16,0.935,18.22,15.799,FALSE
3.9e+14,"CLEAR LK A MOORING OA-09 NR CLEARLAKE OAKS CA",2021-05-18,15:12:44,"OAKS","OA-09",39.005822,-122.685253,20.638,362.6,725.8,7.83,FALSE,87.3,FALSE,7.89,3.73,1.012,17.98,15.988,FALSE
3.9e+14,"CLEAR LK A MOORING OA-09 NR CLEARLAKE OAKS CA",2021-05-18,15:12:57,"OAKS","OA-09",39.005822,-122.685253,20.623,363.1,725.8,7.78,FALSE,86.7,FALSE,7.78,3.79,1.217,17.8,16.44,FALSE
3.9e+14,"CLEAR LK A MOORING OA-09 NR CLEARLAKE OAKS CA",2021-05-18,15:13:14,"OAKS","OA-09",39.005822,-122.685253,20.679,360.5,725.8,7.85,FALSE,87.6,FALSE,8.23,1.98,0.804,18.46,16.96,FALSE
3.9e+14,"CLEAR LK A MOORING OA-10 NR CLEARLAKE OAKS CA",2021-06-02,11:29:11,"OAKS","OA-10",39.005078,-122.677356,24.822,360.2,723.2,12.49,FALSE,150.7,FALSE,8.77,3.29,0.599,18.19,0.526,FALSE
3.9e+14,"CLEAR LK A MOORING OA-10 NR CLEARLAKE OAKS CA",2021-06-02,11:29:56,"OAKS","OA-10",39.005078,-122.677356,24.4,360.7,723.1,12.09,FALSE,144.8,FALSE,8.74,1.41,0.695,18.52,1.008,FALSE
3.9e+14,"CLEAR LK A MOORING OA-10 NR CLEARLAKE OAKS CA",2021-06-02,11:31:44,"OAKS","OA-10",39.005078,-122.677356,24.234,360.8,723.1,11.89,FALSE,142,FALSE,8.72,1.03,0.808,18.37,1.502,FALSE
3.9e+14,"CLEAR LK A MOORING OA-10 NR CLEARLAKE OAKS CA",2021-06-02,11:32:30,"OAKS","OA-10",39.005078,-122.677356,24.023,361.1,723.1,11.62,FALSE,138.2,FALSE,8.69,0.96,0.691,18.24,2,FALSE
3.9e+14,"CLEAR LK A MOORING OA-10 NR CLEARLAKE OAKS CA",2021-06-02,11:33:50,"OAKS","OA-10",39.005078,-122.677356,23.779,361.3,723.1,11.31,FALSE,133.9,FALSE,8.67,0.68,0.675,18.23,2.506,TRUE
3.9e+14,"CLEAR LK A MOORING OA-10 NR CLEARLAKE OAKS CA",2021-06-02,11:34:34,"OAKS","OA-10",39.005078,-122.677356,23.54,362,723.1,10.88,FALSE,128.2,FALSE,8.62,2.55,0.512,17.96,2.979,FALSE
3.9e+14,"CLEAR LK A MOORING OA-10 NR CLEARLAKE OAKS CA",2021-06-02,11:36:12,"OAKS","OA-10",39.005078,-122.677356,22.994,363.6,723.2,10.23,FALSE,119.4,FALSE,8.54,1.45,0.498,19.02,3.515,FALSE
3.9e+14,"CLEAR LK A MOORING OA-10 NR CLEARLAKE OAKS CA",2021-06-02,11:37:38,"OAKS","OA-10",39.005078,-122.677356,21.896,364.1,723.1,9.03,FALSE,103.2,FALSE,8.39,1.69,0.599,18.94,4.042,FALSE
3.9e+14,"CLEAR LK A MOORING OA-10 NR CLEARLAKE OAKS CA",2021-06-02,11:38:42,"OAKS","OA-10",39.005078,-122.677356,21.798,365,723.1,8.59,FALSE,97.9,FALSE,8.33,1.1,0.473,19.46,4.513,FALSE
3.9e+14,"CLEAR LK A MOORING OA-10 NR CLEARLAKE OAKS CA",2021-06-02,11:39:32,"OAKS","OA-10",39.005078,-122.677356,21.663,366.4,723.1,8.01,FALSE,91.1,FALSE,8.24,1.4,0.382,20.01,4.999,FALSE
3.9e+14,"CLEAR LK A MOORING OA-10 NR CLEARLAKE OAKS CA",2021-06-02,11:40:33,"OAKS","OA-10",39.005078,-122.677356,21.361,366.1,723.1,7.68,FALSE,86.8,FALSE,8.21,0.63,0.467,19.79,5.509,FALSE
3.9e+14,"CLEAR LK A MOORING OA-10 NR CLEARLAKE OAKS CA",2021-06-02,11:41:14,"OAKS","OA-10",39.005078,-122.677356,21.209,366,723.1,7.55,FALSE,85.1,FALSE,8.19,0.83,0.466,19.74,5.989,FALSE
3.9e+14,"CLEAR LK A MOORING OA-10 NR CLEARLAKE OAKS CA",2021-06-02,11:42:01,"OAKS","OA-10",39.005078,-122.677356,20.993,367.4,723,6.87,FALSE,77.1,FALSE,8.09,0.81,0.351,19.72,6.507,FALSE
3.9e+14,"CLEAR LK A MOORING OA-10 NR CLEARLAKE OAKS CA",2021-06-02,11:43:44,"OAKS","OA-10",39.005078,-122.677356,20.336,374,723.1,3.71,FALSE,41.2,FALSE,7.71,0.77,0.528,20.69,7.081,TRUE
3.9e+14,"CLEAR LK A MOORING OA-10 NR CLEARLAKE OAKS CA",2021-06-02,11:45:13,"OAKS","OA-10",39.005078,-122.677356,20.01,377.7,723.1,2.11,FALSE,23.3,FALSE,7.57,1.09,0.432,21.35,7.495,FALSE
3.9e+14,"CLEAR LK A MOORING OA-10 NR CLEARLAKE OAKS CA",2021-06-02,11:47:34,"OAKS","OA-10",39.005078,-122.677356,20.007,377.5,723.1,2.01,FALSE,22.1,FALSE,7.57,1.12,0.476,21.14,7.661,FALSE
3.9e+14,"CLEAR LK A MOORING OA-10 NR CLEARLAKE OAKS CA",2021-06-02,11:49:25,"OAKS","OA-10",39.005078,-122.677356,19.986,377.8,723,1.9,FALSE,21,FALSE,7.56,1.74,0.552,21.38,7.711,FALSE
3.9e+14,"CLEAR LK A MOORING OA-09 NR CLEARLAKE OAKS CA",2021-06-02,12:56:58,"OAKS","OA-09",39.005822,-122.685253,24.965,359.9,722.5,12.52,FALSE,151.5,FALSE,8.78,5.93,0.638,16.73,0.526,FALSE
3.9e+14,"CLEAR LK A MOORING OA-09 NR CLEARLAKE OAKS CA",2021-06-02,12:57:54,"OAKS","OA-09",39.005822,-122.685253,24.794,359.9,722.4,12.62,FALSE,152.2,FALSE,8.78,1.87,0.701,16.85,0.992,FALSE
3.9e+14,"CLEAR LK A MOORING OA-09 NR CLEARLAKE OAKS CA",2021-06-02,12:58:47,"OAKS","OA-09",39.005822,-122.685253,24.512,360.1,722.5,12.4,FALSE,148.8,FALSE,8.77,5.21,0.681,17.38,1.51,FALSE
3.9e+14,"CLEAR LK A MOORING OA-09 NR CLEARLAKE OAKS CA",2021-06-02,13:00:09,"OAKS","OA-09",39.005822,-122.685253,24.003,360.9,722.3,11.79,FALSE,140.2,FALSE,8.7,2.36,0.999,18.24,2.023,FALSE
3.9e+14,"CLEAR LK A MOORING OA-09 NR CLEARLAKE OAKS CA",2021-06-02,13:01:19,"OAKS","OA-09",39.005822,-122.685253,23.609,361.9,722.4,11.11,FALSE,131.1,FALSE,8.64,1.07,0.559,19.32,2.51,TRUE
3.9e+14,"CLEAR LK A MOORING OA-09 NR CLEARLAKE OAKS CA",2021-06-02,13:03:01,"OAKS","OA-09",39.005822,-122.685253,23.325,362.2,722.5,10.62,FALSE,124.6,FALSE,8.6,0.52,0.541,18.42,3.017,FALSE
3.9e+14,"CLEAR LK A MOORING OA-09 NR CLEARLAKE OAKS CA",2021-06-02,13:04:21,"OAKS","OA-09",39.005822,-122.685253,23.015,362.8,722.3,10.13,FALSE,118.3,FALSE,8.57,0.78,0.748,17.87,3.494,FALSE
3.9e+14,"CLEAR LK A MOORING OA-09 NR CLEARLAKE OAKS CA",2021-06-02,13:04:54,"OAKS","OA-09",39.005822,-122.685253,22.552,363.1,722.5,9.84,FALSE,113.9,FALSE,8.52,0.56,0.624,17.9,4.042,FALSE
3.9e+14,"CLEAR LK A MOORING OA-09 NR CLEARLAKE OAKS CA",2021-06-02,13:06:00,"OAKS","OA-09",39.005822,-122.685253,22.063,363.3,722.4,9.65,FALSE,110.6,FALSE,8.49,0.62,0.907,18.54,4.522,FALSE
3.9e+14,"CLEAR LK A MOORING OA-09 NR CLEARLAKE OAKS CA",2021-06-02,13:09:59,"OAKS","OA-09",39.005822,-122.685253,21.937,362.9,722.4,9.58,FALSE,109.5,FALSE,8.48,0.57,0.509,18.72,5.073,FALSE
3.9e+14,"CLEAR LK A MOORING OA-09 NR CLEARLAKE OAKS CA",2021-06-02,13:10:34,"OAKS","OA-09",39.005822,-122.685253,21.878,363,722.4,9.51,FALSE,108.6,FALSE,8.47,0.63,0.604,18.73,5.501,FALSE
3.9e+14,"CLEAR LK A MOORING OA-09 NR CLEARLAKE OAKS CA",2021-06-02,13:11:19,"OAKS","OA-09",39.005822,-122.685253,21.452,364.2,722.4,8.67,FALSE,98.2,FALSE,8.36,0.58,0.736,18.95,5.984,FALSE
3.9e+14,"CLEAR LK A MOORING OA-09 NR CLEARLAKE OAKS CA",2021-06-02,13:12:42,"OAKS","OA-09",39.005822,-122.685253,20.895,365.7,722.3,7.62,FALSE,85.4,FALSE,8.17,0.58,0.439,19.38,6.494,FALSE
3.9e+14,"CLEAR LK A MOORING OA-09 NR CLEARLAKE OAKS CA",2021-06-02,13:13:53,"OAKS","OA-09",39.005822,-122.685253,20.855,365.1,722.4,7.64,FALSE,85.5,FALSE,8.21,0.49,0.64,19.36,7,FALSE
3.9e+14,"CLEAR LK A MOORING OA-09 NR CLEARLAKE OAKS CA",2021-06-02,13:15:51,"OAKS","OA-09",39.005822,-122.685253,20.679,365.2,722.3,7.46,FALSE,83.3,FALSE,8.17,0.68,0.573,19.31,7.484,FALSE
3.9e+14,"CLEAR LK A MOORING OA-09 NR CLEARLAKE OAKS CA",2021-06-02,13:16:28,"OAKS","OA-09",39.005822,-122.685253,20.177,369.8,722.4,5.18,FALSE,57.3,FALSE,7.82,0.71,0.321,19.88,8.028,FALSE
3.9e+14,"CLEAR LK A MOORING OA-09 NR CLEARLAKE OAKS CA",2021-06-02,13:17:27,"OAKS","OA-09",39.005822,-122.685253,19.744,368.1,722.3,5.3,FALSE,58,FALSE,7.81,0.49,0.482,19.8,8.542,FALSE
3.9e+14,"CLEAR LK A MOORING OA-09 NR CLEARLAKE OAKS CA",2021-06-02,13:18:22,"OAKS","OA-09",39.005822,-122.685253,19.608,367.3,722.2,5.18,FALSE,56.6,FALSE,7.83,0.81,0.39,19.8,9.032,FALSE
3.9e+14,"CLEAR LK A MOORING OA-09 NR CLEARLAKE OAKS CA",2021-06-02,13:19:44,"OAKS","OA-09",39.005822,-122.685253,19.462,369.3,722.2,4.07,FALSE,44.3,FALSE,7.51,0.65,0.249,20.17,9.505,FALSE
3.9e+14,"CLEAR LK A MOORING OA-09 NR CLEARLAKE OAKS CA",2021-06-02,13:20:41,"OAKS","OA-09",39.005822,-122.685253,19.382,370.6,722.4,3,FALSE,32.6,FALSE,7.31,0.62,0.479,20.41,10.017,FALSE
3.9e+14,"CLEAR LK A MOORING OA-09 NR CLEARLAKE OAKS CA",2021-06-02,13:22:25,"OAKS","OA-09",39.005822,-122.685253,19.36,370.6,722.2,3.01,FALSE,32.7,FALSE,7.34,0.64,0.399,20.38,10.542,FALSE
3.9e+14,"CLEAR LK A MOORING OA-09 NR CLEARLAKE OAKS CA",2021-06-02,13:26:18,"OAKS","OA-09",39.005822,-122.685253,19.339,370.2,722.2,3.15,FALSE,34.3,FALSE,7.4,0.62,0.293,20.47,11.003,FALSE
3.9e+14,"CLEAR LK A MOORING OA-09 NR CLEARLAKE OAKS CA",2021-06-02,13:26:54,"OAKS","OA-09",39.005822,-122.685253,19.33,370.4,722.2,3.13,FALSE,34,FALSE,7.42,0.77,0.423,20.54,11.496,FALSE
3.9e+14,"CLEAR LK A MOORING OA-09 NR CLEARLAKE OAKS CA",2021-06-02,13:27:36,"OAKS","OA-09",39.005822,-122.685253,19.298,370.2,722.2,3.11,FALSE,33.7,FALSE,7.51,0.72,0.378,20.61,12.093,FALSE
3.9e+14,"CLEAR LK A MOORING OA-09 NR CLEARLAKE OAKS CA",2021-06-02,13:28:15,"OAKS","OA-09",39.005822,-122.685253,19.289,370.6,722.2,3.07,FALSE,33.3,FALSE,7.46,1.2,0.405,20.62,12.499,FALSE
3.9e+14,"CLEAR LK A MOORING OA-09 NR CLEARLAKE OAKS CA",2021-06-02,13:28:50,"OAKS","OA-09",39.005822,-122.685253,19.283,371.3,722.2,2.89,FALSE,31.4,FALSE,7.38,1.88,0.488,20.81,12.992,FALSE
3.9e+14,"CLEAR LK A MOORING OA-09 NR CLEARLAKE OAKS CA",2021-06-02,13:29:29,"OAKS","OA-09",39.005822,-122.685253,19.283,371.4,722.2,2.87,FALSE,31.2,FALSE,7.35,1.36,0.348,20.67,13.502,FALSE
3.9e+14,"CLEAR LK A MOORING OA-09 NR CLEARLAKE OAKS CA",2021-06-02,13:30:15,"OAKS","OA-09",39.005822,-122.685253,19.289,370.4,722.2,3.02,FALSE,32.7,FALSE,7.48,1.09,0.508,20.73,14.008,FALSE
3.9e+14,"CLEAR LK A MOORING OA-09 NR CLEARLAKE OAKS CA",2021-06-02,13:31:02,"OAKS","OA-09",39.005822,-122.685253,19.288,370.5,722.2,3.01,FALSE,32.7,FALSE,7.48,1.01,0.346,20.7,14.499,FALSE
3.9e+14,"CLEAR LK A MOORING OA-09 NR CLEARLAKE OAKS CA",2021-06-02,13:31:32,"OAKS","OA-09",39.005822,-122.685253,19.287,370.9,722.2,2.96,FALSE,32.1,FALSE,7.42,1.17,0.328,20.66,15.013,FALSE
3.9e+14,"CLEAR LK A MOORING OA-09 NR CLEARLAKE OAKS CA",2021-06-02,13:32:44,"OAKS","OA-09",39.005822,-122.685253,19.285,371.4,722.2,2.81,FALSE,30.5,FALSE,7.33,1.02,0.532,20.68,15.49,FALSE
3.9e+14,"CLEAR LK A MOORING OA-09 NR CLEARLAKE OAKS CA",2021-06-02,13:33:47,"OAKS","OA-09",39.005822,-122.685253,19.283,371.3,722.1,2.82,FALSE,30.6,FALSE,7.37,1.35,0.388,20.65,16,TRUE
3.9e+14,"CLEAR LK A MOORING OA-09 NR CLEARLAKE OAKS CA",2021-06-02,13:34:43,"OAKS","OA-09",39.005822,-122.685253,19.272,371.3,722.2,2.57,FALSE,27.9,FALSE,7.39,1.05,0.413,20.82,16.554,FALSE
3.9e+14,"CLEAR LK A MOORING OA-09 NR CLEARLAKE OAKS CA",2021-06-02,13:35:53,"OAKS","OA-09",39.005822,-122.685253,19.267,371.4,722.2,2.47,FALSE,26.7,FALSE,7.37,1.49,0.577,20.76,17.056,FALSE
3.9e+14,"CLEAR LK A MOORING OA-09 NR CLEARLAKE OAKS CA",2021-06-02,13:36:31,"OAKS","OA-09",39.005822,-122.685253,19.267,371.6,722.2,2.5,FALSE,27.1,FALSE,7.37,1.92,0.551,20.72,17.337,FALSE
3.9e+14,"CLEAR LK A MOORING OA-04 NR CLEARLAKE OAKS CA",2021-06-02,14:38:26,"OAKS","OA-04",39.012694,-122.698986,24.848,360.3,721.9,13.87,FALSE,167.7,FALSE,8.82,4.04,0.773,16.73,0.466,FALSE
3.9e+14,"CLEAR LK A MOORING OA-04 NR CLEARLAKE OAKS CA",2021-06-02,14:39:45,"OAKS","OA-04",39.012694,-122.698986,23.859,360.9,721.9,11.93,FALSE,141.5,FALSE,8.71,0.76,0.788,17.29,1.053,FALSE
3.9e+14,"CLEAR LK A MOORING OA-04 NR CLEARLAKE OAKS CA",2021-06-02,14:40:30,"OAKS","OA-04",39.012694,-122.698986,23.229,361.4,721.9,11.44,FALSE,134,FALSE,8.66,0.64,0.984,17.88,1.515,FALSE
3.9e+14,"CLEAR LK A MOORING OA-04 NR CLEARLAKE OAKS CA",2021-06-02,14:40:53,"OAKS","OA-04",39.012694,-122.698986,23.03,361.1,721.9,11.54,FALSE,134.7,FALSE,8.67,1.19,0.827,17.89,2.005,FALSE
3.9e+14,"CLEAR LK A MOORING OA-04 NR CLEARLAKE OAKS CA",2021-06-02,14:42:49,"OAKS","OA-04",39.012694,-122.698986,22.985,361,722,11.47,FALSE,133.8,FALSE,8.66,2.41,1.107,17.88,2.502,TRUE
3.9e+14,"CLEAR LK A MOORING OA-04 NR CLEARLAKE OAKS CA",2021-06-02,14:43:33,"OAKS","OA-04",39.012694,-122.698986,22.879,361.9,721.9,10.91,FALSE,127,FALSE,8.61,0.86,0.813,17.91,3.056,FALSE
3.9e+14,"CLEAR LK A MOORING OA-04 NR CLEARLAKE OAKS CA",2021-06-02,14:45:35,"OAKS","OA-04",39.012694,-122.698986,22.813,361.7,721.9,10.83,FALSE,126,FALSE,8.61,0.89,1.31,18.08,3.458,FALSE
3.9e+14,"CLEAR LK A MOORING OA-04 NR CLEARLAKE OAKS CA",2021-06-02,14:47:27,"OAKS","OA-04",39.012694,-122.698986,22.745,362.1,721.9,10.63,FALSE,123.5,FALSE,8.59,1.02,0.705,18.03,3.976,FALSE
3.9e+14,"CLEAR LK A MOORING OA-04 NR CLEARLAKE OAKS CA",2021-06-02,14:50:53,"OAKS","OA-04",39.012694,-122.698986,22.703,362.3,721.9,10.45,FALSE,121.3,FALSE,8.58,3.75,0.918,18.02,4.507,FALSE
3.9e+14,"CLEAR LK A MOORING OA-04 NR CLEARLAKE OAKS CA",2021-06-02,14:51:50,"OAKS","OA-04",39.012694,-122.698986,21.822,363.5,721.9,9.43,FALSE,107.6,FALSE,8.47,0.89,0.773,19.03,5.067,FALSE
3.9e+14,"CLEAR LK A MOORING OA-04 NR CLEARLAKE OAKS CA",2021-06-02,14:52:39,"OAKS","OA-04",39.012694,-122.698986,21.642,363.5,721.9,9.22,FALSE,104.8,FALSE,8.44,1.54,0.734,19.08,5.486,FALSE
3.9e+14,"CLEAR LK A MOORING OA-04 NR CLEARLAKE OAKS CA",2021-06-02,14:53:48,"OAKS","OA-04",39.012694,-122.698986,21.349,363.7,721.8,8.92,FALSE,100.9,FALSE,8.4,1.18,0.553,19.11,6.013,FALSE
3.9e+14,"CLEAR LK A MOORING OA-04 NR CLEARLAKE OAKS CA",2021-06-02,14:55:13,"OAKS","OA-04",39.012694,-122.698986,21.039,364.7,721.7,8.15,FALSE,91.6,FALSE,8.3,0.71,0.604,19.36,6.511,FALSE
3.9e+14,"CLEAR LK A MOORING OA-04 NR CLEARLAKE OAKS CA",2021-06-02,14:55:51,"OAKS","OA-04",39.012694,-122.698986,20.705,365.6,721.8,7.41,FALSE,82.7,FALSE,8.18,0.75,0.659,19.36,7.051,FALSE
3.9e+14,"CLEAR LK A MOORING OA-04 NR CLEARLAKE OAKS CA",2021-06-02,14:57:25,"OAKS","OA-04",39.012694,-122.698986,20.654,365.7,721.9,7.31,FALSE,81.5,FALSE,8.16,0.76,0.447,19.43,7.5,FALSE
3.9e+14,"CLEAR LK A MOORING OA-04 NR CLEARLAKE OAKS CA",2021-06-02,14:58:16,"OAKS","OA-04",39.012694,-122.698986,20.357,367,721.8,6.37,FALSE,70.6,FALSE,8.02,0.69,0.462,19.65,8.049,FALSE
3.9e+14,"CLEAR LK A MOORING OA-04 NR CLEARLAKE OAKS CA",2021-06-02,14:58:55,"OAKS","OA-04",39.012694,-122.698986,20.141,367.6,721.8,5.98,FALSE,66,FALSE,7.91,0.71,0.334,19.69,8.499,FALSE
3.9e+14,"CLEAR LK A MOORING OA-04 NR CLEARLAKE OAKS CA",2021-06-02,14:59:55,"OAKS","OA-04",39.012694,-122.698986,19.761,369.7,721.8,4.34,FALSE,47.5,FALSE,7.64,0.91,0.388,20.16,9.004,FALSE
3.9e+14,"CLEAR LK A MOORING OA-04 NR CLEARLAKE OAKS CA",2021-06-02,15:01:27,"OAKS","OA-04",39.012694,-122.698986,19.356,371.3,721.9,2.45,FALSE,26.6,FALSE,7.45,0.9,0.403,20.92,9.495,FALSE
3.9e+14,"CLEAR LK A MOORING OA-04 NR CLEARLAKE OAKS CA",2021-06-02,15:02:39,"OAKS","OA-04",39.012694,-122.698986,19.276,371.1,721.7,2.33,FALSE,25.3,FALSE,7.52,1.18,0.424,21.04,10.007,TRUE
3.9e+14,"CLEAR LK A MOORING OA-04 NR CLEARLAKE OAKS CA",2021-06-02,15:03:26,"OAKS","OA-04",39.012694,-122.698986,19.234,371.4,721.9,2.22,FALSE,24.1,FALSE,7.55,1.41,0.445,21.2,10.495,FALSE
3.9e+14,"CLEAR LK A MOORING OA-04 NR CLEARLAKE OAKS CA",2021-06-02,15:07:29,"OAKS","OA-04",39.012694,-122.698986,19.237,371.1,721.7,2.17,FALSE,23.6,FALSE,7.56,1.37,0.434,21.07,10.578,FALSE
3.9e+14,"CLEAR LK A MOORING OA-04 NR CLEARLAKE OAKS CA",2021-06-02,15:07:42,"OAKS","OA-04",39.012694,-122.698986,19.234,371.4,721.8,2.15,FALSE,23.3,FALSE,7.55,1.54,0.658,21.14,10.759,FALSE
3.9e+14,"CLEAR LK A MOORING OA-10 NR CLEARLAKE OAKS CA",2021-06-22,11:53:28,"OAKS","OA-10",39.005078,-122.677356,25.453,358.9,723.4,13.85,FALSE,169.2,FALSE,9.02,13,2.314,17.97,0.502,FALSE
3.9e+14,"CLEAR LK A MOORING OA-10 NR CLEARLAKE OAKS CA",2021-06-22,11:55:40,"OAKS","OA-10",39.005078,-122.677356,25.314,358.8,723.3,14.17,FALSE,172.6,FALSE,9.02,49.02,3.486,18.61,1.056,FALSE
3.9e+14,"CLEAR LK A MOORING OA-10 NR CLEARLAKE OAKS CA",2021-06-22,12:01:56,"OAKS","OA-10",39.005078,-122.677356,24.711,359.6,723.1,13.37,FALSE,161.1,FALSE,8.97,12,5.248,19.72,1.568,FALSE
3.9e+14,"CLEAR LK A MOORING OA-10 NR CLEARLAKE OAKS CA",2021-06-22,12:03:02,"OAKS","OA-10",39.005078,-122.677356,24.674,359.9,723.1,12.72,FALSE,153.1,FALSE,8.97,10.6,3.779,20.19,2.101,FALSE
3.9e+14,"CLEAR LK A MOORING OA-10 NR CLEARLAKE OAKS CA",2021-06-22,12:05:15,"OAKS","OA-10",39.005078,-122.677356,24.655,360,723.1,12.43,FALSE,149.6,FALSE,8.97,8.27,2.826,20.47,2.51,TRUE
3.9e+14,"CLEAR LK A MOORING OA-10 NR CLEARLAKE OAKS CA",2021-06-22,12:06:22,"OAKS","OA-10",39.005078,-122.677356,24.564,360.8,723.1,11.99,FALSE,144.1,FALSE,8.95,8.95,3.761,20.59,3.045,FALSE
3.9e+14,"CLEAR LK A MOORING OA-10 NR CLEARLAKE OAKS CA",2021-06-22,12:07:24,"OAKS","OA-10",39.005078,-122.677356,24.434,361.8,723.3,11.45,FALSE,137.2,FALSE,8.91,11.78,3.099,20.61,3.514,FALSE
3.9e+14,"CLEAR LK A MOORING OA-10 NR CLEARLAKE OAKS CA",2021-06-22,12:08:55,"OAKS","OA-10",39.005078,-122.677356,24.368,363.4,723.2,10.68,FALSE,127.9,FALSE,8.86,5.43,3.401,20.89,4.003,FALSE
3.9e+14,"CLEAR LK A MOORING OA-10 NR CLEARLAKE OAKS CA",2021-06-22,12:11:11,"OAKS","OA-10",39.005078,-122.677356,24.19,363.7,723.3,10.49,FALSE,125.1,FALSE,8.85,7.47,2.957,20.98,4.527,FALSE
3.9e+14,"CLEAR LK A MOORING OA-10 NR CLEARLAKE OAKS CA",2021-06-22,12:12:15,"OAKS","OA-10",39.005078,-122.677356,24.058,364.3,723.2,10.08,FALSE,120,FALSE,8.82,6.42,2.605,21.16,5.011,FALSE
3.9e+14,"CLEAR LK A MOORING OA-10 NR CLEARLAKE OAKS CA",2021-06-22,12:13:47,"OAKS","OA-10",39.005078,-122.677356,23.759,365.6,723.3,9.26,FALSE,109.6,FALSE,8.74,2.93,2.04,21.24,5.553,FALSE
3.9e+14,"CLEAR LK A MOORING OA-10 NR CLEARLAKE OAKS CA",2021-06-22,12:14:55,"OAKS","OA-10",39.005078,-122.677356,21.226,378.1,723.3,3.53,FALSE,39.8,FALSE,7.66,1.44,0.891,21.28,6.033,TRUE
3.9e+14,"CLEAR LK A MOORING OA-10 NR CLEARLAKE OAKS CA",2021-06-22,12:15:55,"OAKS","OA-10",39.005078,-122.677356,20.846,378.1,723.2,3.24,FALSE,36.3,FALSE,7.6,1.21,0.538,21.13,6.528,FALSE
3.9e+14,"CLEAR LK A MOORING OA-10 NR CLEARLAKE OAKS CA",2021-06-22,12:16:59,"OAKS","OA-10",39.005078,-122.677356,20.676,377.8,723.1,2.79,FALSE,31.1,FALSE,7.53,1.13,0.784,21.37,6.717,FALSE
3.9e+14,"CLEAR LK A MOORING OA-10 NR CLEARLAKE OAKS CA",2021-06-22,12:17:46,"OAKS","OA-10",39.005078,-122.677356,20.649,377.8,723.2,2.75,FALSE,30.7,FALSE,7.51,1.41,0.873,21.42,6.819,FALSE
3.9e+14,"CLEAR LK A MOORING OA-10 NR CLEARLAKE OAKS CA",2021-06-22,12:18:26,"OAKS","OA-10",39.005078,-122.677356,20.633,378.2,723.1,2.22,FALSE,24.8,FALSE,7.49,1.63,0.706,21.35,6.973,FALSE
3.9e+14,"CLEAR LK A MOORING OA-10 NR CLEARLAKE OAKS CA",2021-06-22,12:19:05,"OAKS","OA-10",39.005078,-122.677356,20.594,378.6,723.1,1.93,FALSE,21.5,FALSE,7.45,1.36,1.002,21.47,7.366,FALSE
3.9e+14,"CLEAR LK A MOORING OA-09 NR CLEARLAKE OAKS CA",2021-06-22,13:27:46,"OAKS","OA-09",39.005822,-122.685253,25.211,358.3,723.1,14.4,FALSE,175.2,FALSE,9.04,13.02,1.78,18.93,0.506,FALSE
3.9e+14,"CLEAR LK A MOORING OA-09 NR CLEARLAKE OAKS CA",2021-06-22,13:29:04,"OAKS","OA-09",39.005822,-122.685253,25.111,358.4,723.1,14.29,FALSE,173.5,FALSE,9.05,11.72,2.988,19.2,1.022,FALSE
3.9e+14,"CLEAR LK A MOORING OA-09 NR CLEARLAKE OAKS CA",2021-06-22,13:31:00,"OAKS","OA-09",39.005822,-122.685253,24.954,359.7,723.1,13.52,FALSE,163.7,FALSE,8.99,15.58,3.135,19.33,1.556,FALSE
3.9e+14,"CLEAR LK A MOORING OA-09 NR CLEARLAKE OAKS CA",2021-06-22,13:32:15,"OAKS","OA-09",39.005822,-122.685253,24.656,361.9,723.1,11.93,FALSE,143.6,FALSE,8.92,9.9,2.427,19.94,2.001,FALSE
3.9e+14,"CLEAR LK A MOORING OA-09 NR CLEARLAKE OAKS CA",2021-06-22,13:33:44,"OAKS","OA-09",39.005822,-122.685253,24.439,363.4,723.1,10.78,FALSE,129.2,FALSE,8.87,6.39,2.755,21.01,2.48,TRUE
3.9e+14,"CLEAR LK A MOORING OA-09 NR CLEARLAKE OAKS CA",2021-06-22,13:35:26,"OAKS","OA-09",39.005822,-122.685253,24.377,363.7,723.1,10.25,FALSE,122.7,FALSE,8.86,5.53,2.271,21.66,3.069,FALSE
3.9e+14,"CLEAR LK A MOORING OA-09 NR CLEARLAKE OAKS CA",2021-06-22,13:37:12,"OAKS","OA-09",39.005822,-122.685253,24.216,365.4,723,10.18,FALSE,121.5,FALSE,8.77,6.82,3.01,20.77,3.522,FALSE
3.9e+14,"CLEAR LK A MOORING OA-09 NR CLEARLAKE OAKS CA",2021-06-22,13:39:05,"OAKS","OA-09",39.005822,-122.685253,24.178,365.5,723,10.17,FALSE,121.3,FALSE,8.77,4.86,2.947,20.8,4.022,FALSE
3.9e+14,"CLEAR LK A MOORING OA-09 NR CLEARLAKE OAKS CA",2021-06-22,13:39:50,"OAKS","OA-09",39.005822,-122.685253,24.158,365.6,723.1,10.1,FALSE,120.5,FALSE,8.76,3.55,2.683,20.84,4.498,FALSE
3.9e+14,"CLEAR LK A MOORING OA-09 NR CLEARLAKE OAKS CA",2021-06-22,13:40:19,"OAKS","OA-09",39.005822,-122.685253,24.036,365.9,723,9.89,FALSE,117.6,FALSE,8.75,1.82,2.705,21.05,5.097,FALSE
3.9e+14,"CLEAR LK A MOORING OA-09 NR CLEARLAKE OAKS CA",2021-06-22,13:41:36,"OAKS","OA-09",39.005822,-122.685253,22.342,374.5,723,6.38,FALSE,73.5,FALSE,8.2,1.11,3.786,21.1,5.487,FALSE
3.9e+14,"CLEAR LK A MOORING OA-09 NR CLEARLAKE OAKS CA",2021-06-22,13:43:49,"OAKS","OA-09",39.005822,-122.685253,21.865,375.2,723,5.51,FALSE,62.9,FALSE,8.03,1.04,1.487,21.23,6.006,FALSE
3.9e+14,"CLEAR LK A MOORING OA-09 NR CLEARLAKE OAKS CA",2021-06-22,13:45:14,"OAKS","OA-09",39.005822,-122.685253,21.117,377.2,723,4.13,FALSE,46.5,FALSE,7.53,1.19,1.787,21.1,6.506,FALSE
3.9e+14,"CLEAR LK A MOORING OA-09 NR CLEARLAKE OAKS CA",2021-06-22,13:46:11,"OAKS","OA-09",39.005822,-122.685253,21.023,377.1,723,4.17,FALSE,46.8,FALSE,7.61,1.2,1.011,21.09,7.075,FALSE
3.9e+14,"CLEAR LK A MOORING OA-09 NR CLEARLAKE OAKS CA",2021-06-22,13:47:21,"OAKS","OA-09",39.005822,-122.685253,20.852,378.3,723,3.4,FALSE,38,FALSE,7.29,2.91,0.634,21.07,7.494,FALSE
3.9e+14,"CLEAR LK A MOORING OA-09 NR CLEARLAKE OAKS CA",2021-06-22,13:48:11,"OAKS","OA-09",39.005822,-122.685253,20.619,379.3,723,2.75,FALSE,30.6,FALSE,7.16,1.6,0.712,21.19,8.036,FALSE
3.9e+14,"CLEAR LK A MOORING OA-09 NR CLEARLAKE OAKS CA",2021-06-22,13:50:30,"OAKS","OA-09",39.005822,-122.685253,20.5,379.6,723,2.37,FALSE,26.3,FALSE,7.12,1.57,0.967,21.31,8.504,FALSE
3.9e+14,"CLEAR LK A MOORING OA-09 NR CLEARLAKE OAKS CA",2021-06-22,13:51:28,"OAKS","OA-09",39.005822,-122.685253,20.455,379.7,723,2.22,FALSE,24.7,FALSE,7.08,1.97,0.819,21.23,8.998,FALSE
3.9e+14,"CLEAR LK A MOORING OA-09 NR CLEARLAKE OAKS CA",2021-06-22,13:52:08,"OAKS","OA-09",39.005822,-122.685253,20.422,379.3,723,2.14,FALSE,23.8,FALSE,7.13,2.09,0.873,21.38,9.513,FALSE
3.9e+14,"CLEAR LK A MOORING OA-09 NR CLEARLAKE OAKS CA",2021-06-22,13:52:58,"OAKS","OA-09",39.005822,-122.685253,20.4,378.4,722.9,2.12,FALSE,23.5,FALSE,7.2,1.78,0.931,21.34,10.027,FALSE
3.9e+14,"CLEAR LK A MOORING OA-09 NR CLEARLAKE OAKS CA",2021-06-22,13:54:46,"OAKS","OA-09",39.005822,-122.685253,20.395,379.1,722.9,2.07,FALSE,23,FALSE,7.14,1.93,0.802,21.31,10.545,FALSE
3.9e+14,"CLEAR LK A MOORING OA-09 NR CLEARLAKE OAKS CA",2021-06-22,13:56:05,"OAKS","OA-09",39.005822,-122.685253,20.386,378.4,722.9,2.07,FALSE,23,FALSE,7.23,1.37,0.53,21.5,11.01,FALSE
3.9e+14,"CLEAR LK A MOORING OA-09 NR CLEARLAKE OAKS CA",2021-06-22,13:57:27,"OAKS","OA-09",39.005822,-122.685253,20.379,378.3,723,2.06,FALSE,22.8,FALSE,7.25,1.5,0.612,21.52,11.487,FALSE
3.9e+14,"CLEAR LK A MOORING OA-09 NR CLEARLAKE OAKS CA",2021-06-22,13:58:32,"OAKS","OA-09",39.005822,-122.685253,20.381,378.9,723,2.05,FALSE,22.7,FALSE,7.18,1.75,1.026,21.42,12.089,FALSE
3.9e+14,"CLEAR LK A MOORING OA-09 NR CLEARLAKE OAKS CA",2021-06-22,14:01:57,"OAKS","OA-09",39.005822,-122.685253,20.371,377.8,722.8,2.04,FALSE,22.6,FALSE,7.26,1.43,0.662,21.58,12.52,FALSE
3.9e+14,"CLEAR LK A MOORING OA-09 NR CLEARLAKE OAKS CA",2021-06-22,14:02:29,"OAKS","OA-09",39.005822,-122.685253,20.362,377.8,722.8,2.05,FALSE,22.8,FALSE,7.27,1.55,1.069,21.55,13.069,FALSE
3.9e+14,"CLEAR LK A MOORING OA-09 NR CLEARLAKE OAKS CA",2021-06-22,14:03:05,"OAKS","OA-09",39.005822,-122.685253,20.363,378,722.9,2.05,FALSE,22.7,FALSE,7.27,1.14,0.653,21.51,13.509,FALSE
3.9e+14,"CLEAR LK A MOORING OA-09 NR CLEARLAKE OAKS CA",2021-06-22,14:03:45,"OAKS","OA-09",39.005822,-122.685253,20.349,377.7,722.9,2.04,FALSE,22.7,FALSE,7.29,2.12,1.299,21.65,13.997,FALSE
3.9e+14,"CLEAR LK A MOORING OA-09 NR CLEARLAKE OAKS CA",2021-06-22,14:04:59,"OAKS","OA-09",39.005822,-122.685253,20.346,377.7,722.8,2.02,FALSE,22.4,FALSE,7.29,1.76,0.679,21.54,14.504,FALSE
3.9e+14,"CLEAR LK A MOORING OA-09 NR CLEARLAKE OAKS CA",2021-06-22,14:05:47,"OAKS","OA-09",39.005822,-122.685253,20.346,377.8,723,2.02,FALSE,22.4,FALSE,7.3,1.71,0.646,21.5,15.017,FALSE
3.9e+14,"CLEAR LK A MOORING OA-09 NR CLEARLAKE OAKS CA",2021-06-22,14:07:00,"OAKS","OA-09",39.005822,-122.685253,20.338,378.8,722.8,1.88,FALSE,20.9,FALSE,7.19,2.04,0.54,21.54,15.512,FALSE
3.9e+14,"CLEAR LK A MOORING OA-09 NR CLEARLAKE OAKS CA",2021-06-22,14:08:02,"OAKS","OA-09",39.005822,-122.685253,20.328,378.9,722.8,1.74,FALSE,19.3,FALSE,7.13,2.59,0.649,21.43,16.06,TRUE
3.9e+14,"CLEAR LK A MOORING OA-09 NR CLEARLAKE OAKS CA",2021-06-22,14:08:43,"OAKS","OA-09",39.005822,-122.685253,20.327,378.7,722.9,1.72,FALSE,19,FALSE,7.12,2.27,0.673,21.42,16.347,FALSE
3.9e+14,"CLEAR LK A MOORING OA-09 NR CLEARLAKE OAKS CA",2021-06-22,14:12:10,"OAKS","OA-09",39.005822,-122.685253,20.339,378.6,722.9,1.89,FALSE,21,FALSE,7.2,1.85,0.912,21.54,16.555,FALSE
3.9e+14,"CLEAR LK A MOORING OA-09 NR CLEARLAKE OAKS CA",2021-06-22,14:15:35,"OAKS","OA-09",39.005822,-122.685253,20.328,379,722.8,1.73,FALSE,19.1,FALSE,7.1,2.64,0.944,21.35,17.093,FALSE
3.9e+14,"CLEAR LK A MOORING OA-04 NR CLEARLAKE OAKS CA",2021-06-22,14:57:39,"OAKS","OA-04",39.012694,-122.698986,25.636,356.7,722.8,15.96,FALSE,195.6,FALSE,9.06,16.33,2.587,17.93,0.512,FALSE
3.9e+14,"CLEAR LK A MOORING OA-04 NR CLEARLAKE OAKS CA",2021-06-22,14:58:55,"OAKS","OA-04",39.012694,-122.698986,25.529,357.2,722.8,15.75,FALSE,192.7,FALSE,9.06,5.65,3.829,18.08,1.068,FALSE
3.9e+14,"CLEAR LK A MOORING OA-04 NR CLEARLAKE OAKS CA",2021-06-22,15:00:38,"OAKS","OA-04",39.012694,-122.698986,25.378,358,722.8,15.25,FALSE,185.9,FALSE,9.04,7.19,3.223,18.39,1.508,FALSE
3.9e+14,"CLEAR LK A MOORING OA-04 NR CLEARLAKE OAKS CA",2021-06-22,15:02:02,"OAKS","OA-04",39.012694,-122.698986,25.004,360.4,722.7,13.68,FALSE,165.8,FALSE,8.96,12.12,3.311,19.32,2.044,FALSE
3.9e+14,"CLEAR LK A MOORING OA-04 NR CLEARLAKE OAKS CA",2021-06-22,15:03:03,"OAKS","OA-04",39.012694,-122.698986,24.553,363.2,722.6,11.6,FALSE,139.3,FALSE,8.87,3.22,2.819,20.05,2.5,TRUE
3.9e+14,"CLEAR LK A MOORING OA-04 NR CLEARLAKE OAKS CA",2021-06-22,15:03:57,"OAKS","OA-04",39.012694,-122.698986,24.423,363.9,722.6,11,FALSE,131.9,FALSE,8.84,8.89,3.309,20.62,3,FALSE
3.9e+14,"CLEAR LK A MOORING OA-04 NR CLEARLAKE OAKS CA",2021-06-22,15:04:41,"OAKS","OA-04",39.012694,-122.698986,24.355,364.4,722.8,10.77,FALSE,128.9,FALSE,8.82,4.45,3.917,20.57,3.514,FALSE
3.9e+14,"CLEAR LK A MOORING OA-04 NR CLEARLAKE OAKS CA",2021-06-22,15:05:28,"OAKS","OA-04",39.012694,-122.698986,24.094,365.4,722.7,10.19,FALSE,121.3,FALSE,8.77,5.35,3.092,20.95,4.077,FALSE
3.9e+14,"CLEAR LK A MOORING OA-04 NR CLEARLAKE OAKS CA",2021-06-22,15:06:38,"OAKS","OA-04",39.012694,-122.698986,23.74,366.1,722.6,9.85,FALSE,116.6,FALSE,8.72,2.26,2.762,20.95,4.538,FALSE
3.9e+14,"CLEAR LK A MOORING OA-04 NR CLEARLAKE OAKS CA",2021-06-22,15:07:25,"OAKS","OA-04",39.012694,-122.698986,23.546,366.9,722.7,9.53,FALSE,112.4,FALSE,8.68,1.44,2.119,21.07,5.085,FALSE
3.9e+14,"CLEAR LK A MOORING OA-04 NR CLEARLAKE OAKS CA",2021-06-22,15:08:49,"OAKS","OA-04",39.012694,-122.698986,23.321,368.3,722.7,8.75,FALSE,102.7,FALSE,8.61,1.57,1.696,21.27,5.497,FALSE
3.9e+14,"CLEAR LK A MOORING OA-04 NR CLEARLAKE OAKS CA",2021-06-22,15:09:45,"OAKS","OA-04",39.012694,-122.698986,23.297,368.8,722.6,8.58,FALSE,100.6,FALSE,8.56,1.49,1.502,21.29,6.008,FALSE
3.9e+14,"CLEAR LK A MOORING OA-04 NR CLEARLAKE OAKS CA",2021-06-22,15:10:46,"OAKS","OA-04",39.012694,-122.698986,23.288,368.9,722.6,8.52,FALSE,99.9,FALSE,8.56,1.53,1.763,21.25,6.495,FALSE
3.9e+14,"CLEAR LK A MOORING OA-04 NR CLEARLAKE OAKS CA",2021-06-22,15:14:34,"OAKS","OA-04",39.012694,-122.698986,23.278,369.5,722.6,8.23,FALSE,96.5,FALSE,8.54,2.3,1.722,21.43,7.003,FALSE
3.9e+14,"CLEAR LK A MOORING OA-04 NR CLEARLAKE OAKS CA",2021-06-22,15:16:25,"OAKS","OA-04",39.012694,-122.698986,22.31,372.5,722.6,6.63,FALSE,76.3,FALSE,8.27,1.29,1.597,21.72,7.491,FALSE
3.9e+14,"CLEAR LK A MOORING OA-04 NR CLEARLAKE OAKS CA",2021-06-22,15:18:25,"OAKS","OA-04",39.012694,-122.698986,21.714,374.3,722.6,5.39,FALSE,61.4,FALSE,8.05,1.13,0.848,21.63,8.011,FALSE
3.9e+14,"CLEAR LK A MOORING OA-04 NR CLEARLAKE OAKS CA",2021-06-22,15:20:06,"OAKS","OA-04",39.012694,-122.698986,20.683,378.8,722.6,2.53,FALSE,28.2,FALSE,7.62,1.34,0.959,22.11,8.553,FALSE
3.9e+14,"CLEAR LK A MOORING OA-04 NR CLEARLAKE OAKS CA",2021-06-22,15:21:19,"OAKS","OA-04",39.012694,-122.698986,20.442,378.2,722.7,1.98,FALSE,22,FALSE,7.52,1.78,0.584,22.01,9.084,FALSE
3.9e+14,"CLEAR LK A MOORING OA-04 NR CLEARLAKE OAKS CA",2021-06-22,15:22:59,"OAKS","OA-04",39.012694,-122.698986,20.422,378.1,722.7,1.96,FALSE,21.7,FALSE,7.53,1.52,0.861,21.86,9.503,FALSE
3.9e+14,"CLEAR LK A MOORING OA-04 NR CLEARLAKE OAKS CA",2021-06-22,15:24:26,"OAKS","OA-04",39.012694,-122.698986,20.415,378,722.6,1.93,FALSE,21.4,FALSE,7.52,1.64,0.884,21.82,10.077,TRUE
3.9e+14,"CLEAR LK A MOORING OA-04 NR CLEARLAKE OAKS CA",2021-06-22,15:26:50,"OAKS","OA-04",39.012694,-122.698986,20.407,378.2,722.5,1.86,FALSE,20.6,FALSE,7.51,2.1,0.681,21.97,10.518,FALSE
3.91e+14,"CLEAR LK A MOORING UA-08 NR NICE CA",2021-06-23,09:38:55,"UPPER","UA-08",39.093994,-122.846986,24.291,367.3,723.8,9.42,FALSE,112.7,FALSE,8.64,1.11,0.828,16.93,0.506,FALSE
3.91e+14,"CLEAR LK A MOORING UA-08 NR NICE CA",2021-06-23,09:40:19,"UPPER","UA-08",39.093994,-122.846986,24.22,367.4,723.8,9.37,FALSE,111.9,FALSE,8.65,1.13,0.909,17.26,1.011,FALSE
3.91e+14,"CLEAR LK A MOORING UA-08 NR NICE CA",2021-06-23,09:41:52,"UPPER","UA-08",39.093994,-122.846986,24.205,367.3,723.7,9.39,FALSE,112,FALSE,8.63,1.23,0.665,17.25,1.524,FALSE
3.91e+14,"CLEAR LK A MOORING UA-08 NR NICE CA",2021-06-23,09:43:27,"UPPER","UA-08",39.093994,-122.846986,24.177,367.3,723.7,9.36,FALSE,111.7,FALSE,8.66,1.17,0.82,17.29,2.056,FALSE
3.91e+14,"CLEAR LK A MOORING UA-08 NR NICE CA",2021-06-23,09:46:15,"UPPER","UA-08",39.093994,-122.846986,24.154,367.2,723.8,9.35,FALSE,111.5,FALSE,8.66,1.32,0.806,17.45,2.509,TRUE
3.91e+14,"CLEAR LK A MOORING UA-08 NR NICE CA",2021-06-23,09:47:14,"UPPER","UA-08",39.093994,-122.846986,24.101,367.2,723.7,9.3,FALSE,110.8,FALSE,8.65,1.27,0.912,17.54,3.069,FALSE
3.91e+14,"CLEAR LK A MOORING UA-08 NR NICE CA",2021-06-23,09:49:07,"UPPER","UA-08",39.093994,-122.846986,23.563,368.6,723.7,8.37,FALSE,98.7,FALSE,8.52,1.47,0.875,18.47,3.517,FALSE
3.91e+14,"CLEAR LK A MOORING UA-08 NR NICE CA",2021-06-23,09:50:41,"UPPER","UA-08",39.093994,-122.846986,21.661,371.6,723.7,5.38,FALSE,61.2,FALSE,8.06,2.47,1.961,20.19,3.991,FALSE
3.91e+14,"CLEAR LK A MOORING UA-08 NR NICE CA",2021-06-23,09:52:20,"UPPER","UA-08",39.093994,-122.846986,21.262,373.6,723.7,3.78,FALSE,42.7,FALSE,7.86,3.04,1.792,20.72,4.498,FALSE
3.91e+14,"CLEAR LK A MOORING UA-08 NR NICE CA",2021-06-23,09:54:21,"UPPER","UA-08",39.093994,-122.846986,21.214,374.5,723.7,3.4,FALSE,38.3,FALSE,7.82,2.79,2.049,20.94,5.085,FALSE
3.91e+14,"CLEAR LK A MOORING UA-08 NR NICE CA",2021-06-23,09:57:09,"UPPER","UA-08",39.093994,-122.846986,21.193,374.6,723.7,3.2,FALSE,36.1,FALSE,7.81,3.19,1.619,21.15,5.498,TRUE
3.91e+14,"CLEAR LK A MOORING UA-08 NR NICE CA",2021-06-23,09:59:33,"UPPER","UA-08",39.093994,-122.846986,21.071,377.6,723.7,1.77,FALSE,19.9,FALSE,7.67,4.09,2.162,22.11,6.084,FALSE
3.91e+14,"CLEAR LK A MOORING UA-08 NR NICE CA",2021-06-23,10:02:56,"UPPER","UA-08",39.093994,-122.846986,21.026,379.7,723.7,1.23,FALSE,13.8,FALSE,7.64,4.24,1.622,22.65,6.375,FALSE
3.9e+14,"CLEAR LK A MOORING UA-06 NR LUCERNE CA",2021-06-23,11:07:55,"UPPER","UA-06",39.060994,-122.816986,24.435,364.9,723.7,11.35,FALSE,136.1,FALSE,8.82,1.69,0.668,18.13,0.5,FALSE
3.9e+14,"CLEAR LK A MOORING UA-06 NR LUCERNE CA",2021-06-23,11:08:47,"UPPER","UA-06",39.060994,-122.816986,24.141,364.4,723.7,11.45,FALSE,136.5,FALSE,8.82,2.06,0.857,18.54,1.058,FALSE
3.9e+14,"CLEAR LK A MOORING UA-06 NR LUCERNE CA",2021-06-23,11:09:51,"UPPER","UA-06",39.060994,-122.816986,23.938,364.7,723.7,11.19,FALSE,132.9,FALSE,8.8,1.4,0.837,18.71,1.487,FALSE
3.9e+14,"CLEAR LK A MOORING UA-06 NR LUCERNE CA",2021-06-23,11:10:59,"UPPER","UA-06",39.060994,-122.816986,23.756,364.9,723.6,10.8,FALSE,127.8,FALSE,8.76,0.91,1.251,18.98,2.034,FALSE
3.9e+14,"CLEAR LK A MOORING UA-06 NR LUCERNE CA",2021-06-23,11:12:22,"UPPER","UA-06",39.060994,-122.816986,23.494,365.3,723.6,10.69,FALSE,125.9,FALSE,8.75,1.16,1.012,19.2,2.454,TRUE
3.9e+14,"CLEAR LK A MOORING UA-06 NR LUCERNE CA",2021-06-23,11:13:14,"UPPER","UA-06",39.060994,-122.816986,23.253,367.5,723.6,9.74,FALSE,114.2,FALSE,8.65,4.18,1.053,19.61,3.1,FALSE
3.9e+14,"CLEAR LK A MOORING UA-06 NR LUCERNE CA",2021-06-23,11:14:23,"UPPER","UA-06",39.060994,-122.816986,23.213,367.8,723.6,9.48,FALSE,111.1,FALSE,8.63,1.37,1.121,19.78,3.453,FALSE
3.9e+14,"CLEAR LK A MOORING UA-06 NR LUCERNE CA",2021-06-23,11:15:37,"UPPER","UA-06",39.060994,-122.816986,23.142,368.2,723.6,9.3,FALSE,108.8,FALSE,8.61,1.67,1.328,19.84,4.041,FALSE
3.9e+14,"CLEAR LK A MOORING UA-06 NR LUCERNE CA",2021-06-23,11:16:29,"UPPER","UA-06",39.060994,-122.816986,23.099,368.5,723.7,9.04,FALSE,105.7,FALSE,8.59,1.68,1.205,19.9,4.496,FALSE
3.9e+14,"CLEAR LK A MOORING UA-06 NR LUCERNE CA",2021-06-23,11:17:22,"UPPER","UA-06",39.060994,-122.816986,23.073,368.6,723.7,8.9,FALSE,104,FALSE,8.58,1.96,1.059,19.95,5.029,FALSE
3.9e+14,"CLEAR LK A MOORING UA-06 NR LUCERNE CA",2021-06-23,11:19:02,"UPPER","UA-06",39.060994,-122.816986,23.053,368.9,723.6,8.77,FALSE,102.5,FALSE,8.56,1.4,1.43,19.9,5.51,FALSE
3.9e+14,"CLEAR LK A MOORING UA-06 NR LUCERNE CA",2021-06-23,11:20:15,"UPPER","UA-06",39.060994,-122.816986,23.003,369.2,723.7,8.54,FALSE,99.6,FALSE,8.54,1.49,1.16,19.94,6.033,FALSE
3.9e+14,"CLEAR LK A MOORING UA-06 NR LUCERNE CA",2021-06-23,11:21:23,"UPPER","UA-06",39.060994,-122.816986,21.065,378.6,723.7,3.01,FALSE,33.9,FALSE,7.7,1.61,1.089,22.88,6.506,FALSE
3.9e+14,"CLEAR LK A MOORING UA-06 NR LUCERNE CA",2021-06-23,11:23:35,"UPPER","UA-06",39.060994,-122.816986,20.638,379.7,723.7,1.62,FALSE,18.1,FALSE,7.65,1.37,1.298,23.41,7.001,TRUE
3.9e+14,"CLEAR LK A MOORING UA-06 NR LUCERNE CA",2021-06-23,11:25:13,"UPPER","UA-06",39.060994,-122.816986,20.577,380.2,723.6,1.44,FALSE,16,FALSE,7.65,2.33,1.435,23.61,7.505,FALSE
3.9e+14,"CLEAR LK A MOORING UA-06 NR LUCERNE CA",2021-06-23,11:26:51,"UPPER","UA-06",39.060994,-122.816986,20.554,381,723.7,1.27,FALSE,14.1,FALSE,7.64,2.1,0.998,23.66,8.006,FALSE
3.9e+14,"CLEAR LK A MOORING UA-06 NR LUCERNE CA",2021-06-23,11:27:48,"UPPER","UA-06",39.060994,-122.816986,20.55,381.2,723.7,1.23,FALSE,13.7,FALSE,7.63,2.13,1.585,23.7,8.2,FALSE
3.9e+14,"CLEAR LK A MOORING UA-01 NR SODA BAY CA",2021-06-23,12:20:44,"UPPER","UA-01",39.023994,-122.787986,25.329,364.2,723.5,11.46,FALSE,139.6,FALSE,8.89,2.64,0.652,17.12,0.564,FALSE
3.9e+14,"CLEAR LK A MOORING UA-01 NR SODA BAY CA",2021-06-23,12:22:23,"UPPER","UA-01",39.023994,-122.787986,25.296,364.2,723.4,11.74,FALSE,143,FALSE,8.9,1.64,0.693,17.19,1.026,FALSE
3.9e+14,"CLEAR LK A MOORING UA-01 NR SODA BAY CA",2021-06-23,12:24:30,"UPPER","UA-01",39.023994,-122.787986,25.236,364.4,723.5,11.83,FALSE,143.9,FALSE,8.89,2.96,0.716,17.33,1.498,FALSE
3.9e+14,"CLEAR LK A MOORING UA-01 NR SODA BAY CA",2021-06-23,12:31:49,"UPPER","UA-01",39.023994,-122.787986,24.878,364.7,723.5,11.84,FALSE,143.1,FALSE,8.87,5.79,1.079,18.86,2.103,FALSE
3.9e+14,"CLEAR LK A MOORING UA-01 NR SODA BAY CA",2021-06-23,12:32:24,"UPPER","UA-01",39.023994,-122.787986,24.601,364.9,723.4,11.87,FALSE,142.7,FALSE,8.87,1.21,0.946,19.64,2.521,TRUE
3.9e+14,"CLEAR LK A MOORING UA-01 NR SODA BAY CA",2021-06-23,12:33:03,"UPPER","UA-01",39.023994,-122.787986,24.491,365.8,723.5,11.22,FALSE,134.7,FALSE,8.83,1.49,0.985,19.67,3.096,FALSE
3.9e+14,"CLEAR LK A MOORING UA-01 NR SODA BAY CA",2021-06-23,12:33:45,"UPPER","UA-01",39.023994,-122.787986,24.193,368.4,723.4,10.35,FALSE,123.4,FALSE,8.73,2.12,0.823,20.86,3.52,FALSE
3.9e+14,"CLEAR LK A MOORING UA-01 NR SODA BAY CA",2021-06-23,12:34:34,"UPPER","UA-01",39.023994,-122.787986,23.812,376.3,723.5,8.95,FALSE,106,FALSE,8.44,1.39,1.131,23.92,4.045,FALSE
3.9e+14,"CLEAR LK A MOORING UA-01 NR SODA BAY CA",2021-06-23,12:35:30,"UPPER","UA-01",39.023994,-122.787986,23.588,380.8,723.4,8.11,FALSE,95.7,FALSE,8.18,1.56,1.054,25.13,4.513,FALSE
3.9e+14,"CLEAR LK A MOORING UA-01 NR SODA BAY CA",2021-06-23,12:36:28,"UPPER","UA-01",39.023994,-122.787986,22.351,376.8,723.5,4.95,FALSE,57.2,FALSE,8.08,1.33,1.359,23.06,4.985,FALSE
3.9e+14,"CLEAR LK A MOORING UA-01 NR SODA BAY CA",2021-06-23,12:37:38,"UPPER","UA-01",39.023994,-122.787986,20.722,379,723.5,2.3,FALSE,25.6,FALSE,7.74,1.26,0.933,23.16,5.579,FALSE
3.9e+14,"CLEAR LK A MOORING UA-01 NR SODA BAY CA",2021-06-23,12:39:11,"UPPER","UA-01",39.023994,-122.787986,20.593,380.7,723.5,1.57,FALSE,17.4,FALSE,7.69,1.45,0.8,23.79,6.015,TRUE
3.9e+14,"CLEAR LK A MOORING UA-01 NR SODA BAY CA",2021-06-23,12:40:30,"UPPER","UA-01",39.023994,-122.787986,20.448,382.6,723.6,1.14,FALSE,12.7,FALSE,7.68,1.71,0.983,24.02,6.512,FALSE
3.9e+14,"CLEAR LK A MOORING UA-01 NR SODA BAY CA",2021-06-23,12:42:08,"UPPER","UA-01",39.023994,-122.787986,20.434,383,723.5,1.06,FALSE,11.7,FALSE,7.67,1.67,0.746,24.06,6.978,FALSE
3.86e+14,"CLEAR LK A MOORING LA-12 NR CLEARLAKE PARK CA",2021-06-24,08:47:11,"LOWER","LA-12",38.961425,-122.672636,22.983,370.7,726,10.62,FALSE,123.9,FALSE,8.7,11.91,3.126,20.78,0.523,FALSE
3.86e+14,"CLEAR LK A MOORING LA-12 NR CLEARLAKE PARK CA",2021-06-24,08:48:16,"LOWER","LA-12",38.961425,-122.672636,22.946,371,726,10.6,FALSE,123.5,FALSE,8.69,42.16,2.432,20.84,1,FALSE
3.86e+14,"CLEAR LK A MOORING LA-12 NR CLEARLAKE PARK CA",2021-06-24,08:49:30,"LOWER","LA-12",38.961425,-122.672636,22.926,371.2,726,10.45,FALSE,121.8,FALSE,8.68,8.16,3.704,21.08,1.51,FALSE
3.86e+14,"CLEAR LK A MOORING LA-12 NR CLEARLAKE PARK CA",2021-06-24,08:50:33,"LOWER","LA-12",38.961425,-122.672636,22.924,371.4,726,10.32,FALSE,120.3,FALSE,8.67,9.02,1.914,21.04,2.045,FALSE
3.86e+14,"CLEAR LK A MOORING LA-12 NR CLEARLAKE PARK CA",2021-06-24,08:51:33,"LOWER","LA-12",38.961425,-122.672636,22.914,371.7,726,10.22,FALSE,119.1,FALSE,8.67,7.2,3.642,21.01,2.515,TRUE
3.86e+14,"CLEAR LK A MOORING LA-12 NR CLEARLAKE PARK CA",2021-06-24,08:52:48,"LOWER","LA-12",38.961425,-122.672636,22.904,371.8,726.1,10.17,FALSE,118.4,FALSE,8.66,4.52,3.101,21.06,3.075,FALSE
3.86e+14,"CLEAR LK A MOORING LA-12 NR CLEARLAKE PARK CA",2021-06-24,08:55:01,"LOWER","LA-12",38.961425,-122.672636,22.902,371.8,726,10.14,FALSE,118.1,FALSE,8.66,5.6,2.59,20.95,3.506,FALSE
3.86e+14,"CLEAR LK A MOORING LA-12 NR CLEARLAKE PARK CA",2021-06-24,08:56:56,"LOWER","LA-12",38.961425,-122.672636,22.873,373.1,726,9.5,FALSE,110.6,FALSE,8.57,5.82,3.643,21.55,4.059,FALSE
3.86e+14,"CLEAR LK A MOORING LA-12 NR CLEARLAKE PARK CA",2021-06-24,08:58:05,"LOWER","LA-12",38.961425,-122.672636,22.53,376.9,726.1,7.43,FALSE,86,FALSE,8.28,2.46,3.614,22.28,4.494,FALSE
3.86e+14,"CLEAR LK A MOORING LA-12 NR CLEARLAKE PARK CA",2021-06-24,08:59:21,"LOWER","LA-12",38.961425,-122.672636,21.44,381.4,726,4.1,FALSE,46.5,FALSE,7.59,1.41,1.691,23.3,5.048,FALSE
3.86e+14,"CLEAR LK A MOORING LA-12 NR CLEARLAKE PARK CA",2021-06-24,09:02:10,"LOWER","LA-12",38.961425,-122.672636,21.236,382.4,726.1,3.07,FALSE,34.6,FALSE,7.49,1.14,1.416,23.75,5.507,FALSE
3.86e+14,"CLEAR LK A MOORING LA-12 NR CLEARLAKE PARK CA",2021-06-24,09:02:50,"LOWER","LA-12",38.961425,-122.672636,21.137,383.9,726.1,2.36,FALSE,26.5,FALSE,7.39,1.51,0.784,23.93,6.039,FALSE
3.86e+14,"CLEAR LK A MOORING LA-12 NR CLEARLAKE PARK CA",2021-06-24,09:03:33,"LOWER","LA-12",38.961425,-122.672636,20.995,383.5,726.1,2.14,FALSE,24.1,FALSE,7.53,2.3,1.592,23.86,6.512,FALSE
3.86e+14,"CLEAR LK A MOORING LA-12 NR CLEARLAKE PARK CA",2021-06-24,09:04:09,"LOWER","LA-12",38.961425,-122.672636,20.988,384,726.1,1.74,FALSE,19.5,FALSE,7.44,1.49,2.267,23.85,7.043,FALSE
3.86e+14,"CLEAR LK A MOORING LA-12 NR CLEARLAKE PARK CA",2021-06-24,09:05:40,"LOWER","LA-12",38.961425,-122.672636,20.959,384.6,726.1,1.52,FALSE,17,FALSE,7.41,1.64,1.597,23.95,7.5,TRUE
3.86e+14,"CLEAR LK A MOORING LA-12 NR CLEARLAKE PARK CA",2021-06-24,09:10:23,"LOWER","LA-12",38.961425,-122.672636,20.897,382.9,726.1,1.75,FALSE,19.7,FALSE,7.48,1.48,1.12,23.67,8.03,FALSE
3.86e+14,"CLEAR LK A MOORING LA-12 NR CLEARLAKE PARK CA",2021-06-24,09:13:55,"LOWER","LA-12",38.961425,-122.672636,20.771,382.2,726,1.39,FALSE,15.6,FALSE,7.52,2.96,1.323,23.58,8.317,FALSE
3.86e+14,"CLEAR LK A MOORING LA-12 NR CLEARLAKE PARK CA",2021-06-24,09:15:12,"LOWER","LA-12",38.961425,-122.672636,20.725,383.6,726.1,1.08,FALSE,12.1,FALSE,7.51,2.61,1.525,23.32,8.382,FALSE
3.86e+14,"CLEAR LK A MOORING LA-12 NR CLEARLAKE PARK CA",2021-06-24,09:17:01,"LOWER","LA-12",38.961425,-122.672636,20.712,384,726.1,0.89,FALSE,9.9,FALSE,7.5,3.91,2.136,23.33,8.447,FALSE
3.86e+14,"CLEAR LK A MOORING LA-03 NR CLEARLAKE PARK CA",2021-06-24,10:00:45,"LOWER","LA-03",38.982994,-122.716986,24.666,359.1,726.1,14.62,FALSE,175.9,FALSE,9.08,69.68,3.017,20.24,0.507,FALSE
3.86e+14,"CLEAR LK A MOORING LA-03 NR CLEARLAKE PARK CA",2021-06-24,10:01:51,"LOWER","LA-03",38.982994,-122.716986,24.489,360.5,726.2,13.35,FALSE,160.2,FALSE,9.03,10.17,3.244,20.5,1.065,FALSE
3.86e+14,"CLEAR LK A MOORING LA-03 NR CLEARLAKE PARK CA",2021-06-24,10:02:59,"LOWER","LA-03",38.982994,-122.716986,24.444,361.6,726.1,12.71,FALSE,152.3,FALSE,9,7.21,3.421,20.89,1.507,FALSE
3.86e+14,"CLEAR LK A MOORING LA-03 NR CLEARLAKE PARK CA",2021-06-24,10:03:41,"LOWER","LA-03",38.982994,-122.716986,24.42,362.1,726.1,12.34,FALSE,147.9,FALSE,8.99,9.69,2.947,20.69,2.056,FALSE
3.86e+14,"CLEAR LK A MOORING LA-03 NR CLEARLAKE PARK CA",2021-06-24,10:04:57,"LOWER","LA-03",38.982994,-122.716986,24.412,362.3,726.1,12.21,FALSE,146.3,FALSE,8.99,9.32,2.669,20.94,2.51,TRUE
3.86e+14,"CLEAR LK A MOORING LA-03 NR CLEARLAKE PARK CA",2021-06-24,10:06:11,"LOWER","LA-03",38.982994,-122.716986,24.388,362.9,726.1,11.92,FALSE,142.7,FALSE,8.97,9.16,2.309,21.35,3.099,FALSE
3.86e+14,"CLEAR LK A MOORING LA-03 NR CLEARLAKE PARK CA",2021-06-24,10:07:03,"LOWER","LA-03",38.982994,-122.716986,24.184,365.8,726.2,11.02,FALSE,131.5,FALSE,8.87,8.14,4.434,21.52,3.518,FALSE
3.86e+14,"CLEAR LK A MOORING LA-03 NR CLEARLAKE PARK CA",2021-06-24,10:07:57,"LOWER","LA-03",38.982994,-122.716986,24.175,366,726.1,10.99,FALSE,131.1,FALSE,8.86,4.86,3.511,21.53,3.998,FALSE
3.86e+14,"CLEAR LK A MOORING LA-03 NR CLEARLAKE PARK CA",2021-06-24,10:08:44,"LOWER","LA-03",38.982994,-122.716986,24.141,366.6,726.1,10.91,FALSE,130,FALSE,8.83,3,3.462,21.54,4.518,FALSE
3.86e+14,"CLEAR LK A MOORING LA-03 NR CLEARLAKE PARK CA",2021-06-24,10:09:34,"LOWER","LA-03",38.982994,-122.716986,23.672,370.1,726.1,9.08,FALSE,107.3,FALSE,8.66,2.82,2.704,22.19,5.069,FALSE
3.86e+14,"CLEAR LK A MOORING LA-03 NR CLEARLAKE PARK CA",2021-06-24,10:10:22,"LOWER","LA-03",38.982994,-122.716986,22.702,376.1,726.1,6.63,FALSE,76.9,FALSE,8.23,0.92,1.787,22.45,5.504,FALSE
3.86e+14,"CLEAR LK A MOORING LA-03 NR CLEARLAKE PARK CA",2021-06-24,10:11:51,"LOWER","LA-03",38.982994,-122.716986,21.743,379.6,726,4.87,FALSE,55.5,FALSE,7.78,1.6,1.078,22.78,6.004,FALSE
3.86e+14,"CLEAR LK A MOORING LA-03 NR CLEARLAKE PARK CA",2021-06-24,10:14:05,"LOWER","LA-03",38.982994,-122.716986,21.338,379.1,726.1,4.65,FALSE,52.6,FALSE,7.8,1.06,1.467,22.81,6.528,FALSE
3.86e+14,"CLEAR LK A MOORING LA-03 NR CLEARLAKE PARK CA",2021-06-24,10:15:23,"LOWER","LA-03",38.982994,-122.716986,21.118,382,726.1,3.48,FALSE,39.1,FALSE,7.61,1.62,0.998,22.99,7.059,FALSE
3.86e+14,"CLEAR LK A MOORING LA-03 NR CLEARLAKE PARK CA",2021-06-24,10:17:01,"LOWER","LA-03",38.982994,-122.716986,21.024,379,726.1,4.35,FALSE,48.8,FALSE,7.77,0.9,1.819,22.81,7.504,FALSE
3.86e+14,"CLEAR LK A MOORING LA-03 NR CLEARLAKE PARK CA",2021-06-24,10:17:56,"LOWER","LA-03",38.982994,-122.716986,20.889,378.9,726.1,3.98,FALSE,44.6,FALSE,7.74,0.82,0.773,22.84,8.09,FALSE
3.86e+14,"CLEAR LK A MOORING LA-03 NR CLEARLAKE PARK CA",2021-06-24,10:19:22,"LOWER","LA-03",38.982994,-122.716986,20.851,384.5,726.1,2.01,FALSE,22.5,FALSE,7.45,1.59,0.719,23.53,8.522,FALSE
3.86e+14,"CLEAR LK A MOORING LA-03 NR CLEARLAKE PARK CA",2021-06-24,10:20:28,"LOWER","LA-03",38.982994,-122.716986,20.763,383.6,726,1.88,FALSE,21,FALSE,7.49,1.63,1.099,23.5,9.019,FALSE
3.86e+14,"CLEAR LK A MOORING LA-03 NR CLEARLAKE PARK CA",2021-06-24,10:21:54,"LOWER","LA-03",38.982994,-122.716986,20.734,383.6,726.1,1.81,FALSE,20.2,FALSE,7.5,1.41,0.782,23.6,9.503,FALSE
3.86e+14,"CLEAR LK A MOORING LA-03 NR CLEARLAKE PARK CA",2021-06-24,10:23:49,"LOWER","LA-03",38.982994,-122.716986,20.71,382.6,726.1,2.26,FALSE,25.3,FALSE,7.56,1.6,1.324,23.41,10.05,FALSE
3.86e+14,"CLEAR LK A MOORING LA-03 NR CLEARLAKE PARK CA",2021-06-24,10:25:17,"LOWER","LA-03",38.982994,-122.716986,20.664,382.6,726,2.03,FALSE,22.6,FALSE,7.57,1.65,0.66,23.66,10.499,TRUE
3.86e+14,"CLEAR LK A MOORING LA-03 NR CLEARLAKE PARK CA",2021-06-24,10:27:41,"LOWER","LA-03",38.982994,-122.716986,20.549,385.1,726,1.14,FALSE,12.7,FALSE,7.56,1.84,0.575,24.01,11.061,FALSE
3.86e+14,"CLEAR LK A MOORING LA-03 NR CLEARLAKE PARK CA",2021-06-24,10:29:24,"LOWER","LA-03",38.982994,-122.716986,20.507,386.9,726,0.71,FALSE,7.9,FALSE,7.54,2.38,1.058,23.76,11.495,FALSE
3.86e+14,"CLEAR LK A MOORING LA-03 NR CLEARLAKE PARK CA",2021-06-24,10:30:20,"LOWER","LA-03",38.982994,-122.716986,20.505,386.8,726,0.68,FALSE,7.6,FALSE,7.55,2.93,1.294,23.68,11.641,FALSE
3.86e+14,"CLEAR LK A MOORING LA-03 NR CLEARLAKE PARK CA",2021-06-24,10:35:02,"LOWER","LA-03",38.982994,-122.716986,24.421,362.5,726,12.07,FALSE,144.6,FALSE,8.98,7.62,2.375,21.08,2.221,FALSE
3.9e+14,"CLEAR LK A MOORING LA-11 NR BUCKINGHAM PARK CA",2021-06-24,11:05:01,"LOWER","LA-11",39.001306,-122.736878,24.855,359.7,725.8,14.17,FALSE,171.1,FALSE,9.07,15.13,3.024,19.91,0.514,FALSE
3.9e+14,"CLEAR LK A MOORING LA-11 NR BUCKINGHAM PARK CA",2021-06-24,11:06:01,"LOWER","LA-11",39.001306,-122.736878,24.227,363.4,725.7,12.05,FALSE,143.9,FALSE,8.95,48.97,3.316,20.89,1.059,FALSE
3.9e+14,"CLEAR LK A MOORING LA-11 NR BUCKINGHAM PARK CA",2021-06-24,11:07:07,"LOWER","LA-11",39.001306,-122.736878,24.134,364.2,725.8,11.44,FALSE,136.4,FALSE,8.92,7.94,2.725,21.17,1.585,FALSE
3.9e+14,"CLEAR LK A MOORING LA-11 NR BUCKINGHAM PARK CA",2021-06-24,11:08:23,"LOWER","LA-11",39.001306,-122.736878,24.08,364.7,725.8,11.1,FALSE,132.2,FALSE,8.9,18.08,3.546,21.24,2.035,FALSE
3.9e+14,"CLEAR LK A MOORING LA-11 NR BUCKINGHAM PARK CA",2021-06-24,11:09:15,"LOWER","LA-11",39.001306,-122.736878,24.076,364.5,725.8,11.13,FALSE,132.5,FALSE,8.9,8.32,3.426,21.46,2.518,TRUE
3.9e+14,"CLEAR LK A MOORING LA-11 NR BUCKINGHAM PARK CA",2021-06-24,11:10:05,"LOWER","LA-11",39.001306,-122.736878,24.071,364.5,725.8,11.16,FALSE,132.8,FALSE,8.9,17.12,1.939,21.27,3.022,FALSE
3.9e+14,"CLEAR LK A MOORING LA-11 NR BUCKINGHAM PARK CA",2021-06-24,11:13:03,"LOWER","LA-11",39.001306,-122.736878,24.044,364.9,725.7,10.97,FALSE,130.5,FALSE,8.89,8.85,2.967,21.6,4.029,FALSE
3.9e+14,"CLEAR LK A MOORING LA-11 NR BUCKINGHAM PARK CA",2021-06-24,11:14:14,"LOWER","LA-11",39.001306,-122.736878,24.038,365,725.8,10.93,FALSE,130,FALSE,8.89,6.28,2.703,21.49,4.532,FALSE
3.9e+14,"CLEAR LK A MOORING LA-11 NR BUCKINGHAM PARK CA",2021-06-24,11:16:27,"LOWER","LA-11",39.001306,-122.736878,24.032,364.9,725.8,10.93,FALSE,130,FALSE,8.89,3.68,2.76,21.69,5.009,FALSE
3.9e+14,"CLEAR LK A MOORING LA-11 NR BUCKINGHAM PARK CA",2021-06-24,11:20:35,"LOWER","LA-11",39.001306,-122.736878,23.973,366.1,725.7,10.41,FALSE,123.7,FALSE,8.85,2.16,3.088,22.02,5.527,FALSE
3.9e+14,"CLEAR LK A MOORING LA-11 NR BUCKINGHAM PARK CA",2021-06-24,11:25:51,"LOWER","LA-11",39.001306,-122.736878,23.152,370.8,725.6,6.92,FALSE,81,FALSE,8.53,1.28,1.425,22.36,5.992,FALSE
3.9e+14,"CLEAR LK A MOORING LA-11 NR BUCKINGHAM PARK CA",2021-06-24,11:26:56,"LOWER","LA-11",39.001306,-122.736878,22.062,380.1,725.6,2.59,FALSE,29.7,FALSE,7.89,1.51,1.515,23.56,6.504,TRUE
3.9e+14,"CLEAR LK A MOORING LA-11 NR BUCKINGHAM PARK CA",2021-06-24,11:28:34,"LOWER","LA-11",39.001306,-122.736878,21.208,383.2,725.7,1.16,FALSE,13.1,FALSE,7.63,1.81,1.323,23.76,7.006,FALSE
3.9e+14,"CLEAR LK A MOORING LA-11 NR BUCKINGHAM PARK CA",2021-06-24,11:29:22,"LOWER","LA-11",39.001306,-122.736878,21.196,383.2,725.7,1.11,FALSE,12.6,FALSE,7.62,2.2,1.215,23.59,7.285,FALSE
3.9e+14,"CLEAR LK A MOORING OA-10 NR CLEARLAKE OAKS CA",2021-07-26,10:05:51,"OAKS","OA-10",39.005078,-122.677356,28.083,367.4,723.4,11.72,FALSE,150,FALSE,9.12,3.13,1.662,20.57,0.5,FALSE
3.9e+14,"CLEAR LK A MOORING OA-10 NR CLEARLAKE OAKS CA",2021-07-26,10:06:50,"OAKS","OA-10",39.005078,-122.677356,28.001,368,723.4,11.24,FALSE,143.7,FALSE,9.11,2.19,1.741,20.98,1,FALSE
3.9e+14,"CLEAR LK A MOORING OA-10 NR CLEARLAKE OAKS CA",2021-07-26,10:08:04,"OAKS","OA-10",39.005078,-122.677356,27.922,369.1,723.4,10.72,FALSE,136.9,FALSE,9.09,8.67,1.887,20.92,1.504,FALSE
3.9e+14,"CLEAR LK A MOORING OA-10 NR CLEARLAKE OAKS CA",2021-07-26,10:09:24,"OAKS","OA-10",39.005078,-122.677356,27.856,369.3,723.4,10.56,FALSE,134.6,FALSE,9.09,5.29,1.658,21.2,2,FALSE
3.9e+14,"CLEAR LK A MOORING OA-10 NR CLEARLAKE OAKS CA",2021-07-26,10:10:59,"OAKS","OA-10",39.005078,-122.677356,27.786,369.1,723.4,10.5,FALSE,133.8,FALSE,9.09,6.85,1.699,21.3,2.504,TRUE
3.9e+14,"CLEAR LK A MOORING OA-10 NR CLEARLAKE OAKS CA",2021-07-26,10:12:05,"OAKS","OA-10",39.005078,-122.677356,27.722,369,723.4,10.42,FALSE,132.6,FALSE,9.08,3.14,2.006,21.04,3.004,FALSE
3.9e+14,"CLEAR LK A MOORING OA-10 NR CLEARLAKE OAKS CA",2021-07-26,10:13:51,"OAKS","OA-10",39.005078,-122.677356,27.494,370.7,723.4,9.9,FALSE,125.4,FALSE,9.03,11.18,1.794,21.23,3.502,FALSE
3.9e+14,"CLEAR LK A MOORING OA-10 NR CLEARLAKE OAKS CA",2021-07-26,10:14:40,"OAKS","OA-10",39.005078,-122.677356,27.257,372.7,723.4,9.13,FALSE,115.2,FALSE,8.99,4.48,1.766,21.25,4.001,FALSE
3.9e+14,"CLEAR LK A MOORING OA-10 NR CLEARLAKE OAKS CA",2021-07-26,10:15:38,"OAKS","OA-10",39.005078,-122.677356,27.098,373.7,723.4,8.57,FALSE,107.9,FALSE,8.97,6.35,1.829,21.34,4.508,FALSE
3.9e+14,"CLEAR LK A MOORING OA-10 NR CLEARLAKE OAKS CA",2021-07-26,10:16:12,"OAKS","OA-10",39.005078,-122.677356,26.685,377.3,723.3,7.02,FALSE,87.7,FALSE,8.87,5.08,1.605,22.21,5.004,FALSE
3.9e+14,"CLEAR LK A MOORING OA-10 NR CLEARLAKE OAKS CA",2021-07-26,10:16:52,"OAKS","OA-10",39.005078,-122.677356,26.523,378.7,723.3,5.43,FALSE,67.6,FALSE,8.78,2.87,1.645,22.57,5.505,FALSE
3.9e+14,"CLEAR LK A MOORING OA-10 NR CLEARLAKE OAKS CA",2021-07-26,10:17:50,"OAKS","OA-10",39.005078,-122.677356,26.312,384.6,723.4,2.72,FALSE,33.7,FALSE,8.61,2.54,1.797,23.45,6.002,FALSE
3.9e+14,"CLEAR LK A MOORING OA-10 NR CLEARLAKE OAKS CA",2021-07-26,10:18:28,"OAKS","OA-10",39.005078,-122.677356,26.265,385.8,723.3,1.84,FALSE,22.8,FALSE,8.57,2.07,1.508,23.95,6.503,FALSE
3.9e+14,"CLEAR LK A MOORING OA-10 NR CLEARLAKE OAKS CA",2021-07-26,10:19:26,"OAKS","OA-10",39.005078,-122.677356,26.261,385.6,723.4,1.85,FALSE,22.9,FALSE,8.58,2.02,1.239,24.03,7.003,FALSE
3.9e+14,"CLEAR LK A MOORING OA-10 NR CLEARLAKE OAKS CA",2021-07-26,10:22:16,"OAKS","OA-10",39.005078,-122.677356,26.241,386,723.4,1.75,FALSE,21.6,FALSE,8.58,2.02,1.322,24.23,7.506,FALSE
3.9e+14,"CLEAR LK A MOORING OA-10 NR CLEARLAKE OAKS CA",2021-07-26,10:24:31,"OAKS","OA-10",39.005078,-122.677356,26.17,387.7,723.3,1.01,FALSE,12.4,FALSE,8.51,1.94,1.316,24.16,8.002,FALSE
3.9e+14,"CLEAR LK A MOORING OA-10 NR CLEARLAKE OAKS CA",2021-07-26,10:25:56,"OAKS","OA-10",39.005078,-122.677356,26.044,391.3,723.3,0.25,FALSE,3,FALSE,8.38,2.46,1.065,24.09,8.502,TRUE
3.9e+14,"CLEAR LK A MOORING OA-10 NR CLEARLAKE OAKS CA",2021-07-26,10:27:08,"OAKS","OA-10",39.005078,-122.677356,25.883,395.4,723.2,0.16,FALSE,2,FALSE,8.24,1.42,0.544,24.31,9.004,FALSE
3.9e+14,"CLEAR LK A MOORING OA-10 NR CLEARLAKE OAKS CA",2021-07-26,10:28:44,"OAKS","OA-10",39.005078,-122.677356,25.805,402.1,723.3,0.14,FALSE,1.7,FALSE,8.01,3.64,0.895,23.47,9.397,FALSE
3.9e+14,"CLEAR LK A MOORING OA-14-Z NR CLEARLAKE OAKS CA",2021-07-26,10:59:41,"OAKS","OA-14-Z",39.002372,-122.673878,28.158,371.8,723.1,10.8,FALSE,138.4,FALSE,9.08,5.57,1.821,20.64,0.506,FALSE
3.9e+14,"CLEAR LK A MOORING OA-14-Z NR CLEARLAKE OAKS CA",2021-07-26,11:04:59,"OAKS","OA-14-Z",39.002372,-122.673878,27.978,373.1,723.2,9.48,FALSE,121.2,FALSE,9.05,5.16,1.583,21.26,1.003,FALSE
3.9e+14,"CLEAR LK A MOORING OA-14-Z NR CLEARLAKE OAKS CA",2021-07-26,11:06:07,"OAKS","OA-14-Z",39.002372,-122.673878,27.487,372.7,723.1,8.94,FALSE,113.3,FALSE,9,2.2,1.489,21.94,1.501,FALSE
3.9e+14,"CLEAR LK A MOORING OA-14-Z NR CLEARLAKE OAKS CA",2021-07-26,11:06:49,"OAKS","OA-14-Z",39.002372,-122.673878,27.345,373.7,723.1,8.72,FALSE,110.2,FALSE,8.98,1.91,1.538,21.73,2.004,FALSE
3.9e+14,"CLEAR LK A MOORING OA-14-Z NR CLEARLAKE OAKS CA",2021-07-26,11:08:38,"OAKS","OA-14-Z",39.002372,-122.673878,27.243,374.3,723.1,8.12,FALSE,102.4,FALSE,8.95,5.53,1.64,21.89,2.504,TRUE
3.9e+14,"CLEAR LK A MOORING OA-14-Z NR CLEARLAKE OAKS CA",2021-07-26,11:09:57,"OAKS","OA-14-Z",39.002372,-122.673878,27.186,375.3,723.1,7.71,FALSE,97.2,FALSE,8.94,4.33,1.698,21.69,3.003,FALSE
3.9e+14,"CLEAR LK A MOORING OA-14-Z NR CLEARLAKE OAKS CA",2021-07-26,11:10:55,"OAKS","OA-14-Z",39.002372,-122.673878,27.071,378.4,723.2,6.21,FALSE,78.1,FALSE,8.84,3.66,1.761,22.48,3.503,FALSE
3.9e+14,"CLEAR LK A MOORING OA-14-Z NR CLEARLAKE OAKS CA",2021-07-26,11:11:37,"OAKS","OA-14-Z",39.002372,-122.673878,26.798,380.5,723.1,4.77,FALSE,59.8,FALSE,8.78,7.03,1.937,23.11,4.001,FALSE
3.9e+14,"CLEAR LK A MOORING OA-14-Z NR CLEARLAKE OAKS CA",2021-07-26,11:13:02,"OAKS","OA-14-Z",39.002372,-122.673878,26.624,383,723.1,3.66,FALSE,45.7,FALSE,8.71,4.4,1.704,23.25,4.501,FALSE
3.9e+14,"CLEAR LK A MOORING OA-14-Z NR CLEARLAKE OAKS CA",2021-07-26,11:14:56,"OAKS","OA-14-Z",39.002372,-122.673878,26.387,388.2,723.1,1.61,FALSE,20,FALSE,8.53,3.06,1.575,24.02,5.501,FALSE
3.9e+14,"CLEAR LK A MOORING OA-14-Z NR CLEARLAKE OAKS CA",2021-07-26,11:15:43,"OAKS","OA-14-Z",39.002372,-122.673878,26.31,391.8,723.1,0.98,FALSE,12.1,FALSE,8.42,3.34,1.411,24.05,6.003,FALSE
3.9e+14,"CLEAR LK A MOORING OA-14-Z NR CLEARLAKE OAKS CA",2021-07-26,11:16:13,"OAKS","OA-14-Z",39.002372,-122.673878,26.301,392.2,723.1,0.9,FALSE,11.2,FALSE,8.42,4.14,1.47,24.09,6.297,FALSE
3.9e+14,"CLEAR LK A MOORING OA-09 NR CLEARLAKE OAKS CA",2021-07-26,13:07:32,"OAKS","OA-09",39.005822,-122.685253,27.424,370.8,722.5,10.08,FALSE,127.6,FALSE,9.05,6.22,1.367,21.18,0.495,FALSE
3.9e+14,"CLEAR LK A MOORING OA-09 NR CLEARLAKE OAKS CA",2021-07-26,13:09:13,"OAKS","OA-09",39.005822,-122.685253,27.392,371.1,722.5,10,FALSE,126.5,FALSE,9.04,7.33,1.608,21.3,0.496,FALSE
3.9e+14,"CLEAR LK A MOORING OA-09 NR CLEARLAKE OAKS CA",2021-07-26,13:09:54,"OAKS","OA-09",39.005822,-122.685253,27.352,371.3,722.5,9.91,FALSE,125.3,FALSE,9.04,9.07,1.248,21.31,0.999,FALSE
3.9e+14,"CLEAR LK A MOORING OA-09 NR CLEARLAKE OAKS CA",2021-07-26,13:10:50,"OAKS","OA-09",39.005822,-122.685253,27.194,371.8,722.5,9.61,FALSE,121.2,FALSE,9.02,9.21,1.788,21.3,1.498,FALSE
3.9e+14,"CLEAR LK A MOORING OA-09 NR CLEARLAKE OAKS CA",2021-07-26,13:13:43,"OAKS","OA-09",39.005822,-122.685253,25.298,413.1,722.5,0.33,FALSE,4,FALSE,7.25,1.19,0.373,23.14,11.501,TRUE
3.9e+14,"CLEAR LK A MOORING OA-09 NR CLEARLAKE OAKS CA",2021-07-26,13:18:04,"OAKS","OA-09",39.005822,-122.685253,26.78,374.4,722.5,7.98,FALSE,99.8,FALSE,8.95,8.1,1.527,21.5,2.005,FALSE
3.9e+14,"CLEAR LK A MOORING OA-09 NR CLEARLAKE OAKS CA",2021-07-26,13:18:57,"OAKS","OA-09",39.005822,-122.685253,26.717,375,722.5,7.73,FALSE,96.5,FALSE,8.94,6.15,1.467,21.54,2.499,TRUE
3.9e+14,"CLEAR LK A MOORING OA-09 NR CLEARLAKE OAKS CA",2021-07-26,13:19:41,"OAKS","OA-09",39.005822,-122.685253,26.703,375.1,722.5,7.64,FALSE,95.5,FALSE,8.93,6.25,1.452,21.51,3.003,FALSE
3.9e+14,"CLEAR LK A MOORING OA-09 NR CLEARLAKE OAKS CA",2021-07-26,13:20:46,"OAKS","OA-09",39.005822,-122.685253,26.49,377.2,722.5,6.53,FALSE,81.3,FALSE,8.87,3.38,1.277,22.49,3.503,FALSE
3.9e+14,"CLEAR LK A MOORING OA-09 NR CLEARLAKE OAKS CA",2021-07-26,13:22:49,"OAKS","OA-09",39.005822,-122.685253,26.413,377.4,722.4,6.39,FALSE,79.4,FALSE,8.86,6.94,1.583,22.22,3.992,FALSE
3.9e+14,"CLEAR LK A MOORING OA-09 NR CLEARLAKE OAKS CA",2021-07-26,13:23:53,"OAKS","OA-09",39.005822,-122.685253,26.403,377.3,722.5,6.43,FALSE,79.8,FALSE,8.86,5.92,1.524,22.14,4.505,FALSE
3.9e+14,"CLEAR LK A MOORING OA-09 NR CLEARLAKE OAKS CA",2021-07-26,13:24:40,"OAKS","OA-09",39.005822,-122.685253,26.401,377.2,722.5,6.5,FALSE,80.7,FALSE,8.87,4.44,1.783,22.19,5.006,FALSE
3.9e+14,"CLEAR LK A MOORING OA-09 NR CLEARLAKE OAKS CA",2021-07-26,13:26:53,"OAKS","OA-09",39.005822,-122.685253,26.369,376.5,722.4,6.89,FALSE,85.5,FALSE,8.89,4.33,1.511,21.93,5.503,FALSE
3.9e+14,"CLEAR LK A MOORING OA-09 NR CLEARLAKE OAKS CA",2021-07-26,13:28:41,"OAKS","OA-09",39.005822,-122.685253,26.3,376.1,722.4,6.98,FALSE,86.6,FALSE,8.9,5.68,1.722,22.03,6.015,FALSE
3.9e+14,"CLEAR LK A MOORING OA-09 NR CLEARLAKE OAKS CA",2021-07-26,13:29:41,"OAKS","OA-09",39.005822,-122.685253,26.27,376.2,722.4,6.92,FALSE,85.8,FALSE,8.89,4.87,1.584,22.18,6.494,FALSE
3.9e+14,"CLEAR LK A MOORING OA-09 NR CLEARLAKE OAKS CA",2021-07-26,13:30:42,"OAKS","OA-09",39.005822,-122.685253,26.247,376.3,722.4,6.89,FALSE,85.4,FALSE,8.89,4.27,1.538,22.12,7.004,FALSE
3.9e+14,"CLEAR LK A MOORING OA-09 NR CLEARLAKE OAKS CA",2021-07-26,13:35:38,"OAKS","OA-09",39.005822,-122.685253,26.182,377.7,722.4,6.41,FALSE,79.4,FALSE,8.84,4.19,1.358,22.38,7.517,FALSE
3.9e+14,"CLEAR LK A MOORING OA-09 NR CLEARLAKE OAKS CA",2021-07-26,13:36:29,"OAKS","OA-09",39.005822,-122.685253,25.994,381.2,722.3,5.13,FALSE,63.3,FALSE,8.74,4.34,1.203,22.84,7.996,FALSE
3.9e+14,"CLEAR LK A MOORING OA-09 NR CLEARLAKE OAKS CA",2021-07-26,13:37:02,"OAKS","OA-09",39.005822,-122.685253,25.878,389.3,722.5,3.69,FALSE,45.4,FALSE,8.48,3.29,1.126,23.11,8.506,FALSE
3.9e+14,"CLEAR LK A MOORING OA-09 NR CLEARLAKE OAKS CA",2021-07-26,13:38:22,"OAKS","OA-09",39.005822,-122.685253,25.843,393.1,722.4,2.88,FALSE,35.4,FALSE,8.31,2.76,1.034,23.27,9.006,FALSE
3.9e+14,"CLEAR LK A MOORING OA-09 NR CLEARLAKE OAKS CA",2021-07-26,13:39:27,"OAKS","OA-09",39.005822,-122.685253,25.762,398.1,722.5,1.86,FALSE,22.9,FALSE,7.97,2.77,0.98,23.4,9.506,FALSE
3.9e+14,"CLEAR LK A MOORING OA-09 NR CLEARLAKE OAKS CA",2021-07-26,13:40:14,"OAKS","OA-09",39.005822,-122.685253,25.749,398,722.4,1.69,FALSE,20.8,FALSE,7.98,2.21,0.991,23.5,10.006,FALSE
3.9e+14,"CLEAR LK A MOORING OA-09 NR CLEARLAKE OAKS CA",2021-07-26,13:42:04,"OAKS","OA-09",39.005822,-122.685253,25.585,403.1,722.4,0.64,FALSE,7.8,FALSE,7.52,2.9,0.809,23.06,10.511,FALSE
3.9e+14,"CLEAR LK A MOORING OA-09 NR CLEARLAKE OAKS CA",2021-07-26,13:43:26,"OAKS","OA-09",39.005822,-122.685253,25.377,410.2,722.2,0.14,FALSE,1.7,FALSE,7.24,1.44,0.485,23.21,10.991,FALSE
3.9e+14,"CLEAR LK A MOORING OA-09 NR CLEARLAKE OAKS CA",2021-07-26,13:44:36,"OAKS","OA-09",39.005822,-122.685253,25.279,412.6,722.4,0.12,FALSE,1.4,FALSE,7.48,1.6,0.478,23.57,11.493,FALSE
3.9e+14,"CLEAR LK A MOORING OA-05-Z NR CLEARLAKE OAKS CA",2021-07-27,08:52:20,"OAKS","OA-05-Z",39.004222,-122.698683,26.296,378,726.6,6.91,FALSE,85.7,FALSE,8.61,4.77,1.282,21.4,0.503,FALSE
3.9e+14,"CLEAR LK A MOORING OA-05-Z NR CLEARLAKE OAKS CA",2021-07-27,08:53:17,"OAKS","OA-05-Z",39.004222,-122.698683,26.274,378.2,726.7,6.79,FALSE,84.2,FALSE,8.63,3.79,1.236,21.49,1.001,FALSE
3.9e+14,"CLEAR LK A MOORING OA-05-Z NR CLEARLAKE OAKS CA",2021-07-27,08:53:58,"OAKS","OA-05-Z",39.004222,-122.698683,26.261,378.1,726.7,6.64,FALSE,82.3,FALSE,8.65,4.45,1.366,21.47,1.505,FALSE
3.9e+14,"CLEAR LK A MOORING OA-05-Z NR CLEARLAKE OAKS CA",2021-07-27,08:57:02,"OAKS","OA-05-Z",39.004222,-122.698683,26.209,378.5,726.7,6.64,FALSE,82.2,FALSE,8.68,4.79,1.487,21.5,1.99,FALSE
3.9e+14,"CLEAR LK A MOORING OA-05-Z NR CLEARLAKE OAKS CA",2021-07-27,08:57:31,"OAKS","OA-05-Z",39.004222,-122.698683,26.162,378.7,726.7,6.51,FALSE,80.6,FALSE,8.68,4.49,1.433,21.61,2.507,TRUE
3.9e+14,"CLEAR LK A MOORING OA-05-Z NR CLEARLAKE OAKS CA",2021-07-27,08:58:05,"OAKS","OA-05-Z",39.004222,-122.698683,26.092,378.9,726.7,6.16,FALSE,76.1,FALSE,8.67,4.76,1.467,21.95,3.003,FALSE
3.9e+14,"CLEAR LK A MOORING OA-05-Z NR CLEARLAKE OAKS CA",2021-07-27,08:59:51,"OAKS","OA-05-Z",39.004222,-122.698683,26.085,378.8,726.7,6.13,FALSE,75.7,FALSE,8.69,3.65,1.548,21.88,3.504,FALSE
3.9e+14,"CLEAR LK A MOORING OA-05-Z NR CLEARLAKE OAKS CA",2021-07-27,09:00:48,"OAKS","OA-05-Z",39.004222,-122.698683,26.064,378.8,726.7,6.09,FALSE,75.2,FALSE,8.69,4.1,1.842,21.89,4.004,FALSE
3.9e+14,"CLEAR LK A MOORING OA-05-Z NR CLEARLAKE OAKS CA",2021-07-27,09:01:55,"OAKS","OA-05-Z",39.004222,-122.698683,26.022,379,726.7,6.02,FALSE,74.3,FALSE,8.68,7.23,1.652,21.9,4.501,FALSE
3.9e+14,"CLEAR LK A MOORING OA-05-Z NR CLEARLAKE OAKS CA",2021-07-27,09:03:16,"OAKS","OA-05-Z",39.004222,-122.698683,25.976,379.1,726.7,5.95,FALSE,73.3,FALSE,8.7,5.09,1.526,21.86,5.003,FALSE
3.9e+14,"CLEAR LK A MOORING OA-05-Z NR CLEARLAKE OAKS CA",2021-07-27,09:03:50,"OAKS","OA-05-Z",39.004222,-122.698683,25.961,379,726.7,5.99,FALSE,73.8,FALSE,8.7,8.63,1.638,21.97,5.507,FALSE
3.9e+14,"CLEAR LK A MOORING OA-05-Z NR CLEARLAKE OAKS CA",2021-07-27,09:04:53,"OAKS","OA-05-Z",39.004222,-122.698683,25.957,378.9,726.8,6,FALSE,74,FALSE,8.7,3.05,1.707,21.59,6.001,FALSE
3.9e+14,"CLEAR LK A MOORING OA-05-Z NR CLEARLAKE OAKS CA",2021-07-27,09:05:23,"OAKS","OA-05-Z",39.004222,-122.698683,25.952,378.8,726.7,6.01,FALSE,74,FALSE,8.7,5.61,2.009,21.91,6.502,FALSE
3.9e+14,"CLEAR LK A MOORING OA-05-Z NR CLEARLAKE OAKS CA",2021-07-27,09:05:48,"OAKS","OA-05-Z",39.004222,-122.698683,25.945,378.9,726.7,5.99,FALSE,73.8,FALSE,8.7,6.32,1.521,21.99,7.001,FALSE
3.9e+14,"CLEAR LK A MOORING OA-05-Z NR CLEARLAKE OAKS CA",2021-07-27,09:06:23,"OAKS","OA-05-Z",39.004222,-122.698683,25.931,379.1,726.8,5.92,FALSE,72.9,FALSE,8.69,3.15,1.479,21.97,7.5,FALSE
3.9e+14,"CLEAR LK A MOORING OA-05-Z NR CLEARLAKE OAKS CA",2021-07-27,09:06:56,"OAKS","OA-05-Z",39.004222,-122.698683,25.924,380.2,726.8,5.43,FALSE,66.9,FALSE,8.67,3.27,1.456,22.19,8.001,FALSE
3.9e+14,"CLEAR LK A MOORING OA-05-Z NR CLEARLAKE OAKS CA",2021-07-27,09:08:16,"OAKS","OA-05-Z",39.004222,-122.698683,25.922,380.8,726.7,5.2,FALSE,64,FALSE,8.67,6.66,1.349,22.29,8.499,FALSE
3.9e+14,"CLEAR LK A MOORING OA-05-Z NR CLEARLAKE OAKS CA",2021-07-27,09:09:20,"OAKS","OA-05-Z",39.004222,-122.698683,25.926,380.6,726.8,5.25,FALSE,64.6,FALSE,8.68,7.15,1.273,22.29,9.001,FALSE
3.9e+14,"CLEAR LK A MOORING OA-05-Z NR CLEARLAKE OAKS CA",2021-07-27,09:10:07,"OAKS","OA-05-Z",39.004222,-122.698683,25.9,381.8,726.7,4.81,FALSE,59.2,FALSE,8.62,4.42,1.226,22.5,9.496,FALSE
3.9e+14,"CLEAR LK A MOORING OA-05-Z NR CLEARLAKE OAKS CA",2021-07-27,09:10:47,"OAKS","OA-05-Z",39.004222,-122.698683,25.845,386.7,726.8,3.26,FALSE,40.1,FALSE,8.49,3.22,1.122,23.2,10.009,FALSE
3.9e+14,"CLEAR LK A MOORING OA-05-Z NR CLEARLAKE OAKS CA",2021-07-27,09:11:33,"OAKS","OA-05-Z",39.004222,-122.698683,25.806,389.3,726.8,2.31,FALSE,28.4,FALSE,8.39,3.05,1.244,23.73,10.5,FALSE
3.9e+14,"CLEAR LK A MOORING OA-05-Z NR CLEARLAKE OAKS CA",2021-07-27,09:12:17,"OAKS","OA-05-Z",39.004222,-122.698683,25.667,402.8,726.7,0.26,FALSE,3.2,FALSE,7.45,2.94,1.025,22.77,11.002,FALSE
3.9e+14,"CLEAR LK A MOORING OA-04 NR CLEARLAKE OAKS CA",2021-07-27,09:39:22,"OAKS","OA-04",39.012694,-122.698986,26.57,374.1,726.9,8.75,FALSE,109.1,FALSE,8.78,5.66,1.653,21.22,0.499,FALSE
3.9e+14,"CLEAR LK A MOORING OA-04 NR CLEARLAKE OAKS CA",2021-07-27,09:39:57,"OAKS","OA-04",39.012694,-122.698986,26.551,374.3,726.9,8.63,FALSE,107.5,FALSE,8.8,5.89,1.447,21.27,1.003,FALSE
3.9e+14,"CLEAR LK A MOORING OA-04 NR CLEARLAKE OAKS CA",2021-07-27,09:40:57,"OAKS","OA-04",39.012694,-122.698986,26.537,374.5,726.9,8.41,FALSE,104.8,FALSE,8.83,9.65,1.535,21.3,1.499,FALSE
3.9e+14,"CLEAR LK A MOORING OA-04 NR CLEARLAKE OAKS CA",2021-07-27,09:42:15,"OAKS","OA-04",39.012694,-122.698986,26.498,375.1,727,8.13,FALSE,101.2,FALSE,8.84,5.61,1.587,21.55,2.011,FALSE
3.9e+14,"CLEAR LK A MOORING OA-04 NR CLEARLAKE OAKS CA",2021-07-27,09:42:57,"OAKS","OA-04",39.012694,-122.698986,26.497,374.8,726.9,8.01,FALSE,99.7,FALSE,8.85,4.74,1.618,21.57,2.513,TRUE
3.9e+14,"CLEAR LK A MOORING OA-04 NR CLEARLAKE OAKS CA",2021-07-27,09:43:47,"OAKS","OA-04",39.012694,-122.698986,26.366,376.1,726.9,7.61,FALSE,94.5,FALSE,8.83,5.05,1.703,21.68,3.006,FALSE
3.9e+14,"CLEAR LK A MOORING OA-04 NR CLEARLAKE OAKS CA",2021-07-27,09:44:25,"OAKS","OA-04",39.012694,-122.698986,26.328,376.5,726.9,7.43,FALSE,92.2,FALSE,8.82,4.35,1.621,21.67,3.501,FALSE
3.9e+14,"CLEAR LK A MOORING OA-04 NR CLEARLAKE OAKS CA",2021-07-27,09:45:03,"OAKS","OA-04",39.012694,-122.698986,26.3,376.9,726.9,7.19,FALSE,89.2,FALSE,8.81,5.71,1.556,21.72,4.004,FALSE
3.9e+14,"CLEAR LK A MOORING OA-04 NR CLEARLAKE OAKS CA",2021-07-27,09:45:38,"OAKS","OA-04",39.012694,-122.698986,26.251,377.6,726.9,6.92,FALSE,85.7,FALSE,8.81,2.85,1.554,21.81,4.504,FALSE
3.9e+14,"CLEAR LK A MOORING OA-04 NR CLEARLAKE OAKS CA",2021-07-27,09:46:24,"OAKS","OA-04",39.012694,-122.698986,26.239,377.9,726.7,6.81,FALSE,84.3,FALSE,8.8,3.61,1.523,21.75,5.003,FALSE
3.9e+14,"CLEAR LK A MOORING OA-04 NR CLEARLAKE OAKS CA",2021-07-27,09:48:08,"OAKS","OA-04",39.012694,-122.698986,26.226,378,726.8,6.68,FALSE,82.7,FALSE,8.81,4.81,1.421,21.86,5.502,FALSE
3.9e+14,"CLEAR LK A MOORING OA-04 NR CLEARLAKE OAKS CA",2021-07-27,09:49:15,"OAKS","OA-04",39.012694,-122.698986,26.214,378.5,726.8,6.45,FALSE,79.9,FALSE,8.8,3.91,1.598,22,6.002,FALSE
3.9e+14,"CLEAR LK A MOORING OA-04 NR CLEARLAKE OAKS CA",2021-07-27,09:51:26,"OAKS","OA-04",39.012694,-122.698986,26.201,378.6,726.9,6.37,FALSE,78.9,FALSE,8.8,4.89,1.404,21.42,6.502,FALSE
3.9e+14,"CLEAR LK A MOORING OA-04 NR CLEARLAKE OAKS CA",2021-07-27,09:52:50,"OAKS","OA-04",39.012694,-122.698986,26.086,380.8,726.8,5.19,FALSE,64.1,FALSE,8.74,3.69,1.373,22.51,7,FALSE
3.9e+14,"CLEAR LK A MOORING OA-04 NR CLEARLAKE OAKS CA",2021-07-27,09:53:56,"OAKS","OA-04",39.012694,-122.698986,26.037,381.5,726.7,4.82,FALSE,59.5,FALSE,8.71,3.2,1.299,22.78,7.502,FALSE
3.9e+14,"CLEAR LK A MOORING OA-04 NR CLEARLAKE OAKS CA",2021-07-27,09:55:29,"OAKS","OA-04",39.012694,-122.698986,25.919,386.7,726.8,2.84,FALSE,35,FALSE,8.58,3.1,1.264,23.55,8.007,FALSE
3.9e+14,"CLEAR LK A MOORING OA-04 NR CLEARLAKE OAKS CA",2021-07-27,09:56:56,"OAKS","OA-04",39.012694,-122.698986,25.819,390.8,726.7,1.3,FALSE,16,FALSE,8.42,2.47,1.312,23.9,8.502,FALSE
3.9e+14,"CLEAR LK A MOORING OA-04 NR CLEARLAKE OAKS CA",2021-07-27,09:57:41,"OAKS","OA-04",39.012694,-122.698986,25.772,391.6,726.8,0.9,FALSE,11.1,FALSE,8.4,2.43,1.14,23.61,9.001,FALSE
3.9e+14,"CLEAR LK A MOORING OA-04 NR CLEARLAKE OAKS CA",2021-07-27,09:58:36,"OAKS","OA-04",39.012694,-122.698986,25.6,398,726.7,0.24,FALSE,3,FALSE,8.02,2.09,0.803,23.87,9.502,TRUE
3.9e+14,"CLEAR LK A MOORING OA-04 NR CLEARLAKE OAKS CA",2021-07-27,10:01:45,"OAKS","OA-04",39.012694,-122.698986,25.584,400.3,726.7,0.15,FALSE,1.8,FALSE,7.93,3.23,0.831,23.9,10.001,FALSE
3.9e+14,"CLEAR LK A MOORING OA-06-Z NR CLEARLAKE OAKS CA",2021-07-27,10:58:16,"OAKS","OA-06-Z",39.016742,-122.694469,26.982,371.2,727,9.95,FALSE,125,FALSE,8.99,4.57,1.742,21.04,0.499,FALSE
3.9e+14,"CLEAR LK A MOORING OA-06-Z NR CLEARLAKE OAKS CA",2021-07-27,10:59:26,"OAKS","OA-06-Z",39.016742,-122.694469,26.809,373.5,727.1,8.71,FALSE,109,FALSE,8.93,8.08,1.417,21.79,1.007,FALSE
3.9e+14,"CLEAR LK A MOORING OA-06-Z NR CLEARLAKE OAKS CA",2021-07-27,10:59:55,"OAKS","OA-06-Z",39.016742,-122.694469,26.777,373.8,727,8.28,FALSE,103.6,FALSE,8.94,4.87,1.407,21.65,1.502,FALSE
3.9e+14,"CLEAR LK A MOORING OA-06-Z NR CLEARLAKE OAKS CA",2021-07-27,11:00:33,"OAKS","OA-06-Z",39.016742,-122.694469,26.736,373.7,727,8,FALSE,100,FALSE,8.94,12.28,1.86,21.95,2.003,FALSE
3.9e+14,"CLEAR LK A MOORING OA-06-Z NR CLEARLAKE OAKS CA",2021-07-27,11:01:08,"OAKS","OA-06-Z",39.016742,-122.694469,26.695,373.7,727,7.78,FALSE,97.2,FALSE,8.94,6.66,1.667,21.92,2.5,TRUE
3.9e+14,"CLEAR LK A MOORING OA-06-Z NR CLEARLAKE OAKS CA",2021-07-27,11:01:40,"OAKS","OA-06-Z",39.016742,-122.694469,26.68,374,727,7.52,FALSE,93.9,FALSE,8.94,4.71,1.665,21.97,3,FALSE
3.9e+14,"CLEAR LK A MOORING OA-06-Z NR CLEARLAKE OAKS CA",2021-07-27,11:02:02,"OAKS","OA-06-Z",39.016742,-122.694469,26.657,374.3,727.1,7.37,FALSE,92.1,FALSE,8.94,12.96,1.89,21.95,3.499,FALSE
3.9e+14,"CLEAR LK A MOORING OA-06-Z NR CLEARLAKE OAKS CA",2021-07-27,11:02:31,"OAKS","OA-06-Z",39.016742,-122.694469,26.63,375.3,727,6.91,FALSE,86.2,FALSE,8.91,4.25,1.76,22.11,4.004,FALSE
3.9e+14,"CLEAR LK A MOORING OA-06-Z NR CLEARLAKE OAKS CA",2021-07-27,11:03:54,"OAKS","OA-06-Z",39.016742,-122.694469,26.59,375.9,727,6.83,FALSE,85.2,FALSE,8.9,3.91,2.119,22.31,4.501,FALSE
3.9e+14,"CLEAR LK A MOORING OA-06-Z NR CLEARLAKE OAKS CA",2021-07-27,11:05:59,"OAKS","OA-06-Z",39.016742,-122.694469,26.537,376.8,727.1,6.6,FALSE,82.2,FALSE,8.87,3.51,1.58,22.31,5.002,FALSE
3.9e+14,"CLEAR LK A MOORING OA-06-Z NR CLEARLAKE OAKS CA",2021-07-27,11:07:08,"OAKS","OA-06-Z",39.016742,-122.694469,26.516,376.8,727,6.6,FALSE,82.1,FALSE,8.87,4.29,1.598,22.34,5.498,FALSE
3.9e+14,"CLEAR LK A MOORING OA-06-Z NR CLEARLAKE OAKS CA",2021-07-27,11:08:27,"OAKS","OA-06-Z",39.016742,-122.694469,26.444,377.2,727.1,6.61,FALSE,82.2,FALSE,8.87,7.11,1.627,22.23,6.006,FALSE
3.9e+14,"CLEAR LK A MOORING OA-06-Z NR CLEARLAKE OAKS CA",2021-07-27,11:09:00,"OAKS","OA-06-Z",39.016742,-122.694469,26.397,377.1,727.1,6.82,FALSE,84.8,FALSE,8.86,6.28,1.698,21.78,6.501,FALSE
3.9e+14,"CLEAR LK A MOORING OA-06-Z NR CLEARLAKE OAKS CA",2021-07-27,11:10:11,"OAKS","OA-06-Z",39.016742,-122.694469,26.364,377,727,7.09,FALSE,88,FALSE,8.87,3.7,1.458,22,7.016,FALSE
3.9e+14,"CLEAR LK A MOORING OA-06-Z NR CLEARLAKE OAKS CA",2021-07-27,11:11:03,"OAKS","OA-06-Z",39.016742,-122.694469,26.303,376.9,727.1,7.13,FALSE,88.5,FALSE,8.87,2.8,1.429,21.67,7.504,FALSE
3.9e+14,"CLEAR LK A MOORING OA-06-Z NR CLEARLAKE OAKS CA",2021-07-27,11:11:56,"OAKS","OA-06-Z",39.016742,-122.694469,26.234,377.6,727.1,6.67,FALSE,82.6,FALSE,8.85,3.94,1.691,22.03,7.996,FALSE
3.9e+14,"CLEAR LK A MOORING OA-06-Z NR CLEARLAKE OAKS CA",2021-07-27,11:13:30,"OAKS","OA-06-Z",39.016742,-122.694469,26.158,379.6,727.1,6.03,FALSE,74.6,FALSE,8.79,5.37,1.179,22.12,8.505,FALSE
3.9e+14,"CLEAR LK A MOORING OA-06-Z NR CLEARLAKE OAKS CA",2021-07-27,11:14:37,"OAKS","OA-06-Z",39.016742,-122.694469,26.014,389.6,727.1,2.83,FALSE,34.9,FALSE,8.48,2.62,1.268,23.43,9.004,FALSE
3.9e+14,"CLEAR LK A MOORING OA-11-Z A CLEARLAKE OAKS CA",2021-07-27,13:11:21,"OAKS","OA-11-Z",39.011956,-122.672189,27.3,372.7,727,9.74,FALSE,123,FALSE,8.86,4.37,2.904,21.46,0.479,FALSE
3.9e+14,"CLEAR LK A MOORING OA-11-Z A CLEARLAKE OAKS CA",2021-07-27,13:11:55,"OAKS","OA-11-Z",39.011956,-122.672189,27.286,372.9,727,9.54,FALSE,120.4,FALSE,8.86,9.53,3.22,21.24,1.002,TRUE
3.9e+14,"CLEAR LK A MOORING OA-11-Z A CLEARLAKE OAKS CA",2021-07-27,13:12:30,"OAKS","OA-11-Z",39.011956,-122.672189,27.135,373.5,727,8.26,FALSE,104,FALSE,8.83,7.69,2.353,21.63,1.501,FALSE
3.9e+14,"CLEAR LK A MOORING OA-11-Z A CLEARLAKE OAKS CA",2021-07-27,13:13:12,"OAKS","OA-11-Z",39.011956,-122.672189,27.054,374.2,727,7.64,FALSE,96,FALSE,8.82,10.53,2.232,21.82,2.002,FALSE
3.9e+14,"CLEAR LK A MOORING OA-11-Z A CLEARLAKE OAKS CA",2021-07-27,13:14:37,"OAKS","OA-11-Z",39.011956,-122.672189,27.018,374.2,727.1,7.71,FALSE,96.9,FALSE,8.85,4.06,2.513,21.97,2.205,FALSE
3.9e+14,"CLEAR LK A MOORING OA-01-Z A GLENHAVEN CA",2021-07-28,13:06:14,"OAKS","OA-01-Z",39.016486,-122.729803,27.377,370.4,726.7,11.67,FALSE,147.5,FALSE,9.02,9.57,1.577,19.87,0.505,FALSE
3.9e+14,"CLEAR LK A MOORING OA-01-Z A GLENHAVEN CA",2021-07-28,13:07:17,"OAKS","OA-01-Z",39.016486,-122.729803,27.038,371.2,726.7,10.92,FALSE,137.3,FALSE,9,5.23,1.729,20.6,1.014,FALSE
3.9e+14,"CLEAR LK A MOORING OA-01-Z A GLENHAVEN CA",2021-07-28,13:10:57,"OAKS","OA-01-Z",39.016486,-122.729803,26.544,372.5,726.7,9.56,FALSE,119.1,FALSE,8.97,4.67,1.245,21.8,1.513,FALSE
3.9e+14,"CLEAR LK A MOORING OA-01-Z A GLENHAVEN CA",2021-07-28,13:11:43,"OAKS","OA-01-Z",39.016486,-122.729803,26.437,373.1,726.7,8.97,FALSE,111.5,FALSE,8.95,8.31,1.502,22.04,2.02,FALSE
3.9e+14,"CLEAR LK A MOORING OA-01-Z A GLENHAVEN CA",2021-07-28,13:13:03,"OAKS","OA-01-Z",39.016486,-122.729803,26.267,374.3,726.7,8.57,FALSE,106.2,FALSE,8.91,4.79,1.478,21.92,2.499,TRUE
3.9e+14,"CLEAR LK A MOORING OA-01-Z A GLENHAVEN CA",2021-07-28,13:14:06,"OAKS","OA-01-Z",39.016486,-122.729803,26.127,376.6,726.7,7.34,FALSE,90.8,FALSE,8.83,3.88,1.29,22.18,3.026,FALSE
3.9e+14,"CLEAR LK A MOORING OA-01-Z A GLENHAVEN CA",2021-07-28,13:16:45,"OAKS","OA-01-Z",39.016486,-122.729803,25.992,380.3,726.7,5.56,FALSE,68.6,FALSE,8.75,3.9,1.074,22.94,3.562,FALSE
3.9e+14,"CLEAR LK A MOORING OA-01-Z A GLENHAVEN CA",2021-07-28,13:17:55,"OAKS","OA-01-Z",39.016486,-122.729803,25.909,381.8,726.6,5.38,FALSE,66.2,FALSE,8.71,2.76,1.306,23.1,4.044,FALSE
3.9e+14,"CLEAR LK A MOORING OA-01-Z A GLENHAVEN CA",2021-07-28,13:18:55,"OAKS","OA-01-Z",39.016486,-122.729803,25.909,381.8,726.7,5.26,FALSE,64.8,FALSE,8.71,2.67,1.385,23.06,4.495,FALSE
3.9e+14,"CLEAR LK A MOORING OA-01-Z A GLENHAVEN CA",2021-07-28,13:20:54,"OAKS","OA-01-Z",39.016486,-122.729803,25.898,381.3,726.6,5.94,FALSE,73.1,FALSE,8.73,2.89,1.31,23.03,5.012,FALSE
3.9e+14,"CLEAR LK A MOORING OA-01-Z A GLENHAVEN CA",2021-07-28,13:22:27,"OAKS","OA-01-Z",39.016486,-122.729803,25.885,381.1,726.7,6.22,FALSE,76.6,FALSE,8.73,3.09,1.556,23.11,5.497,FALSE
3.9e+14,"CLEAR LK A MOORING OA-01-Z A GLENHAVEN CA",2021-07-28,13:24:35,"OAKS","OA-01-Z",39.016486,-122.729803,25.877,381.1,726.7,6.33,FALSE,77.9,FALSE,8.73,6.76,1.72,23.27,6.007,FALSE
3.9e+14,"CLEAR LK A MOORING OA-01-Z A GLENHAVEN CA",2021-07-28,13:25:32,"OAKS","OA-01-Z",39.016486,-122.729803,25.721,384,726.7,5.18,FALSE,63.6,FALSE,8.62,3.63,1.549,23.93,6.504,FALSE
3.9e+14,"CLEAR LK A MOORING OA-01-Z A GLENHAVEN CA",2021-07-28,13:27:17,"OAKS","OA-01-Z",39.016486,-122.729803,25.691,385.1,726.6,4.47,FALSE,54.9,FALSE,8.58,2.58,1.561,24.33,7.007,FALSE
3.9e+14,"CLEAR LK A MOORING OA-01-Z A GLENHAVEN CA",2021-07-28,13:28:48,"OAKS","OA-01-Z",39.016486,-122.729803,25.679,386.1,726.5,3.78,FALSE,46.3,FALSE,8.53,3.01,1.229,24.63,7.55,FALSE
3.9e+14,"CLEAR LK A MOORING OA-01-Z A GLENHAVEN CA",2021-07-28,13:29:22,"OAKS","OA-01-Z",39.016486,-122.729803,25.671,386.5,726.7,3.49,FALSE,42.8,FALSE,8.5,3.49,1.723,24.65,8.045,FALSE
3.9e+14,"CLEAR LK A MOORING OA-01-Z A GLENHAVEN CA",2021-07-28,13:30:36,"OAKS","OA-01-Z",39.016486,-122.729803,25.633,388.2,726.5,2.6,FALSE,31.8,FALSE,8.43,2.96,1.346,25.16,8.185,FALSE
3.9e+14,"CLEAR LK A MOORING OA-01-Z A GLENHAVEN CA",2021-07-28,13:31:09,"OAKS","OA-01-Z",39.016486,-122.729803,25.613,388.8,726.6,2.25,FALSE,27.6,FALSE,8.4,3.72,1.409,25.29,8.287,FALSE
3.9e+14,"CLEAR LK A MOORING OA-01-Z A GLENHAVEN CA",2021-07-28,13:31:36,"OAKS","OA-01-Z",39.016486,-122.729803,25.575,390.1,726.5,1.56,FALSE,19.1,FALSE,8.32,3,1.114,25.6,8.412,FALSE
3.9e+14,"CLEAR LK A MOORING OA-03-Z NR GLENHAVEN CA",2021-07-28,14:15:27,"OAKS","OA-03-Z",39.013011,-122.713133,27.059,372.8,726.3,9.95,FALSE,125.1,FALSE,9.01,4.87,1.578,20.85,0.52,FALSE
3.9e+14,"CLEAR LK A MOORING OA-03-Z NR GLENHAVEN CA",2021-07-28,14:16:13,"OAKS","OA-03-Z",39.013011,-122.713133,27.044,372.9,726.3,9.9,FALSE,124.5,FALSE,9,4.98,1.746,20.76,1.002,FALSE
3.9e+14,"CLEAR LK A MOORING OA-03-Z NR GLENHAVEN CA",2021-07-28,14:17:43,"OAKS","OA-03-Z",39.013011,-122.713133,26.983,372.8,726.3,9.9,FALSE,124.4,FALSE,9.01,6.45,1.737,21.1,1.507,FALSE
3.9e+14,"CLEAR LK A MOORING OA-03-Z NR GLENHAVEN CA",2021-07-28,14:18:31,"OAKS","OA-03-Z",39.013011,-122.713133,26.829,373.2,726.2,9.67,FALSE,121.1,FALSE,8.99,3.11,1.461,21.4,2.003,FALSE
3.9e+14,"CLEAR LK A MOORING OA-03-Z NR GLENHAVEN CA",2021-07-28,14:20:04,"OAKS","OA-03-Z",39.013011,-122.713133,26.59,373.8,726.2,9.34,FALSE,116.5,FALSE,8.98,4.06,1.365,21.67,2.495,TRUE
3.9e+14,"CLEAR LK A MOORING OA-03-Z NR GLENHAVEN CA",2021-07-28,14:23:44,"OAKS","OA-03-Z",39.013011,-122.713133,26.094,376.3,726.2,7.96,FALSE,98.4,FALSE,8.9,5.12,1.75,22.16,3.01,FALSE
3.9e+14,"CLEAR LK A MOORING OA-03-Z NR GLENHAVEN CA",2021-07-28,14:25:30,"OAKS","OA-03-Z",39.013011,-122.713133,26.046,377.1,726.2,7.52,FALSE,92.9,FALSE,8.88,3.6,1.441,22.06,3.504,FALSE
3.9e+14,"CLEAR LK A MOORING OA-03-Z NR GLENHAVEN CA",2021-07-28,14:26:54,"OAKS","OA-03-Z",39.013011,-122.713133,25.965,378.9,726.2,6.71,FALSE,82.7,FALSE,8.82,3.42,1.856,22,4.022,FALSE
3.9e+14,"CLEAR LK A MOORING OA-03-Z NR GLENHAVEN CA",2021-07-28,14:28:19,"OAKS","OA-03-Z",39.013011,-122.713133,25.952,379.5,726.2,6.46,FALSE,79.6,FALSE,8.8,2.58,1.423,22.16,4.507,FALSE
3.9e+14,"CLEAR LK A MOORING OA-03-Z NR GLENHAVEN CA",2021-07-28,14:29:50,"OAKS","OA-03-Z",39.013011,-122.713133,25.888,379.7,726.1,5.66,FALSE,69.7,FALSE,8.8,3.05,1.451,22.71,5.013,FALSE
3.9e+14,"CLEAR LK A MOORING OA-03-Z NR GLENHAVEN CA",2021-07-28,14:30:50,"OAKS","OA-03-Z",39.013011,-122.713133,25.759,382.8,726.1,4.8,FALSE,59,FALSE,8.69,2.86,1.296,22.96,5.52,FALSE
3.9e+14,"CLEAR LK A MOORING OA-03-Z NR GLENHAVEN CA",2021-07-28,14:31:59,"OAKS","OA-03-Z",39.013011,-122.713133,25.705,384.7,726.1,3.51,FALSE,43.1,FALSE,8.62,2.9,1.31,23.35,6.014,FALSE
3.9e+14,"CLEAR LK A MOORING OA-03-Z NR GLENHAVEN CA",2021-07-28,14:33:33,"OAKS","OA-03-Z",39.013011,-122.713133,25.703,383.9,726.1,3.8,FALSE,46.6,FALSE,8.66,2.62,1.382,23.2,6.476,FALSE
3.9e+14,"CLEAR LK A MOORING OA-03-Z NR GLENHAVEN CA",2021-07-28,14:35:53,"OAKS","OA-03-Z",39.013011,-122.713133,25.699,384.3,726,3.61,FALSE,44.3,FALSE,8.65,2.89,1.283,23.07,7.008,FALSE
3.9e+14,"CLEAR LK A MOORING OA-03-Z NR GLENHAVEN CA",2021-07-28,14:39:31,"OAKS","OA-03-Z",39.013011,-122.713133,25.694,383.6,726,3.92,FALSE,48.1,FALSE,8.68,3.51,1.924,23.04,7.493,FALSE
3.9e+14,"CLEAR LK A MOORING OA-03-Z NR GLENHAVEN CA",2021-07-28,14:41:28,"OAKS","OA-03-Z",39.013011,-122.713133,25.676,382.7,726.1,4.26,FALSE,52.2,FALSE,8.71,3.62,1.311,22.72,8.062,FALSE
3.9e+14,"CLEAR LK A MOORING OA-03-Z NR GLENHAVEN CA",2021-07-28,14:45:13,"OAKS","OA-03-Z",39.013011,-122.713133,25.644,386.4,726.1,2.6,FALSE,31.8,FALSE,8.57,2.95,1.588,23.78,8.52,FALSE
3.9e+14,"CLEAR LK A MOORING OA-03-Z NR GLENHAVEN CA",2021-07-28,14:46:35,"OAKS","OA-03-Z",39.013011,-122.713133,25.564,388.6,726,1.35,FALSE,16.5,FALSE,8.48,3.43,1.068,24.36,8.999,FALSE
3.9e+14,"CLEAR LK A MOORING OA-03-Z NR GLENHAVEN CA",2021-07-28,14:48:25,"OAKS","OA-03-Z",39.013011,-122.713133,25.515,390.5,726,0.64,FALSE,7.9,FALSE,8.41,2.53,0.903,24.41,9.51,FALSE
3.9e+14,"CLEAR LK A MOORING OA-03-Z NR GLENHAVEN CA",2021-07-28,14:50:27,"OAKS","OA-03-Z",39.013011,-122.713133,25.483,391.3,725.9,0.36,FALSE,4.3,FALSE,8.4,3.24,1.042,24.11,10.002,FALSE
3.9e+14,"CLEAR LK A MOORING OA-03-Z NR GLENHAVEN CA",2021-07-28,14:51:25,"OAKS","OA-03-Z",39.013011,-122.713133,25.451,392.4,725.9,0.15,FALSE,1.8,FALSE,8.37,2.36,0.865,24.52,10.22,FALSE
3.9e+14,"CLEAR LK A MOORING OA-03-Z NR GLENHAVEN CA",2021-07-28,14:52:35,"OAKS","OA-03-Z",39.013011,-122.713133,25.439,392.9,726,0.12,FALSE,1.4,FALSE,8.36,2.65,0.731,24.65,10.294,FALSE
3.9e+14,"CLEAR LK A MOORING OA-03-Z NR GLENHAVEN CA",2021-07-28,14:53:20,"OAKS","OA-03-Z",39.013011,-122.713133,25.435,393.2,725.9,0.11,FALSE,1.3,FALSE,8.35,2.49,0.845,24.77,10.523,FALSE
3.9e+14,"CLEAR LK A MOORING OA-03-Z NR GLENHAVEN CA",2021-07-28,14:54:01,"OAKS","OA-03-Z",39.013011,-122.713133,25.429,393.4,726,0.11,FALSE,1.3,FALSE,8.34,2.76,0.646,24.77,10.729,FALSE
3.9e+14,"CLEAR LK A MOORING OA-NA-02 A GLENHAVEN CA",2021-07-28,15:35:32,"OAKS","OA-NA-02",39.025614,-122.742617,27.665,374.2,725.7,11.28,FALSE,143.4,FALSE,9,12.35,1.699,18.89,0.505,FALSE
3.9e+14,"CLEAR LK A MOORING OA-NA-02 A GLENHAVEN CA",2021-07-28,15:36:42,"OAKS","OA-NA-02",39.025614,-122.742617,27.4,373.3,725.7,11.27,FALSE,142.6,FALSE,9.01,6.38,1.844,19.68,0.998,FALSE
3.9e+14,"CLEAR LK A MOORING OA-NA-02 A GLENHAVEN CA",2021-07-28,15:39:24,"OAKS","OA-NA-02",39.025614,-122.742617,26.74,374.1,725.7,9.73,FALSE,121.7,FALSE,8.98,5.17,1.808,20.9,1.52,FALSE
3.9e+14,"CLEAR LK A MOORING OA-NA-02 A GLENHAVEN CA",2021-07-28,15:40:37,"OAKS","OA-NA-02",39.025614,-122.742617,26.377,375.9,725.7,7.98,FALSE,99.1,FALSE,8.91,4.42,1.876,21.86,1.963,FALSE
3.9e+14,"CLEAR LK A MOORING OA-NA-02 A GLENHAVEN CA",2021-07-28,15:41:48,"OAKS","OA-NA-02",39.025614,-122.742617,26.339,376.1,725.8,7.82,FALSE,97,FALSE,8.91,4.9,1.475,21.86,2.496,TRUE
3.9e+14,"CLEAR LK A MOORING OA-NA-02 A GLENHAVEN CA",2021-07-28,15:42:59,"OAKS","OA-NA-02",39.025614,-122.742617,26.276,375.3,725.8,7.98,FALSE,99,FALSE,8.94,8.47,1.333,22.39,3.001,FALSE
3.9e+14,"CLEAR LK A MOORING OA-NA-02 A GLENHAVEN CA",2021-07-28,15:45:12,"OAKS","OA-NA-02",39.025614,-122.742617,26.255,375.3,725.6,8.05,FALSE,99.7,FALSE,8.93,3.48,1.637,22.18,3.503,FALSE
3.9e+14,"CLEAR LK A MOORING OA-NA-02 A GLENHAVEN CA",2021-07-28,15:46:41,"OAKS","OA-NA-02",39.025614,-122.742617,26.192,377.1,725.5,7.27,FALSE,90,FALSE,8.88,2.12,1.685,22.25,4.027,FALSE
3.9e+14,"CLEAR LK A MOORING OA-NA-02 A GLENHAVEN CA",2021-07-28,15:48:11,"OAKS","OA-NA-02",39.025614,-122.742617,26.145,377.9,725.8,6.76,FALSE,83.6,FALSE,8.85,2.58,1.829,21.86,4.501,FALSE
3.9e+14,"CLEAR LK A MOORING OA-NA-02 A GLENHAVEN CA",2021-07-28,15:49:23,"OAKS","OA-NA-02",39.025614,-122.742617,26.137,378.6,725.6,6.66,FALSE,82.3,FALSE,8.84,4.43,1.67,21.49,5.026,FALSE
3.9e+14,"CLEAR LK A MOORING OA-NA-02 A GLENHAVEN CA",2021-07-28,15:50:39,"OAKS","OA-NA-02",39.025614,-122.742617,26.125,378.8,725.6,6.62,FALSE,81.8,FALSE,8.84,3.07,1.926,21.13,5.499,FALSE
3.9e+14,"CLEAR LK A MOORING OA-NA-02 A GLENHAVEN CA",2021-07-28,15:54:38,"OAKS","OA-NA-02",39.025614,-122.742617,26.112,378.9,725.6,6.73,FALSE,83.2,FALSE,8.84,3.61,1.772,20.49,6.014,FALSE
3.9e+14,"CLEAR LK A MOORING OA-NA-02 A GLENHAVEN CA",2021-07-28,15:56:33,"OAKS","OA-NA-02",39.025614,-122.742617,25.95,380.1,725.5,6.35,FALSE,78.2,FALSE,8.8,3.79,1.591,20.68,6.509,FALSE
3.9e+14,"CLEAR LK A MOORING OA-NA-02 A GLENHAVEN CA",2021-07-28,15:57:23,"OAKS","OA-NA-02",39.025614,-122.742617,25.923,382.1,725.5,5.05,FALSE,62.2,FALSE,8.73,3.12,1.693,21.43,7.034,FALSE
3.9e+14,"CLEAR LK A MOORING OA-NA-02 A GLENHAVEN CA",2021-07-28,15:58:54,"OAKS","OA-NA-02",39.025614,-122.742617,25.886,385.3,725.6,3.39,FALSE,41.7,FALSE,8.64,3.41,1.053,22.54,7.511,FALSE
3.9e+14,"CLEAR LK A MOORING OA-NA-02 A GLENHAVEN CA",2021-07-28,16:00:33,"OAKS","OA-NA-02",39.025614,-122.742617,25.881,386.2,725.6,3.1,FALSE,38.1,FALSE,8.61,3.45,1.781,22.7,7.608,FALSE
3.86e+14,"CLEAR LK A MOORING LA-03 NR CLEARLAKE PARK CA",2021-07-29,10:53:38,"LOWER","LA-03",38.982994,-122.716986,26.98,376.2,725.2,10.9,FALSE,136.8,FALSE,8.87,7.61,1.098,21.26,0.503,FALSE
3.86e+14,"CLEAR LK A MOORING LA-03 NR CLEARLAKE PARK CA",2021-07-29,11:07:23,"LOWER","LA-03",38.982994,-122.716986,26.66,376.2,725,10.52,FALSE,131.3,FALSE,8.89,8.87,1.25,22.27,1.019,FALSE
3.86e+14,"CLEAR LK A MOORING LA-03 NR CLEARLAKE PARK CA",2021-07-29,11:08:22,"LOWER","LA-03",38.982994,-122.716986,26.425,377.4,725.1,9.39,FALSE,116.7,FALSE,8.85,6.45,1.263,23.25,1.497,FALSE
3.86e+14,"CLEAR LK A MOORING LA-03 NR CLEARLAKE PARK CA",2021-07-29,11:09:35,"LOWER","LA-03",38.982994,-122.716986,26.18,378.5,725,8.49,FALSE,105,FALSE,8.81,8.17,1.24,23.51,2.076,FALSE
3.86e+14,"CLEAR LK A MOORING LA-03 NR CLEARLAKE PARK CA",2021-07-29,11:11:06,"LOWER","LA-03",38.982994,-122.716986,26.155,378.8,725.1,8.26,FALSE,102.2,FALSE,8.8,8.27,1.235,23.52,2.496,TRUE
3.86e+14,"CLEAR LK A MOORING LA-03 NR CLEARLAKE PARK CA",2021-07-29,11:13:05,"LOWER","LA-03",38.982994,-122.716986,26.089,379.4,725.2,7.82,FALSE,96.7,FALSE,8.77,5.47,1.099,23.4,3.079,FALSE
3.86e+14,"CLEAR LK A MOORING LA-03 NR CLEARLAKE PARK CA",2021-07-29,11:13:48,"LOWER","LA-03",38.982994,-122.716986,26.042,379.5,724.9,7.7,FALSE,95.1,FALSE,8.77,3.8,1.413,23.61,3.505,FALSE
3.86e+14,"CLEAR LK A MOORING LA-03 NR CLEARLAKE PARK CA",2021-07-29,11:14:41,"LOWER","LA-03",38.982994,-122.716986,26.014,379.4,725,7.8,FALSE,96.2,FALSE,8.79,8.93,1.265,23.48,4.02,FALSE
3.86e+14,"CLEAR LK A MOORING LA-03 NR CLEARLAKE PARK CA",2021-07-29,11:16:49,"LOWER","LA-03",38.982994,-122.716986,25.963,380.8,724.9,6.97,FALSE,85.9,FALSE,8.74,3.63,1.209,23.95,4.502,FALSE
3.86e+14,"CLEAR LK A MOORING LA-03 NR CLEARLAKE PARK CA",2021-07-29,11:19:51,"LOWER","LA-03",38.982994,-122.716986,25.894,380.4,724.9,7.03,FALSE,86.5,FALSE,8.75,6.03,1.312,23.77,4.991,FALSE
3.86e+14,"CLEAR LK A MOORING LA-03 NR CLEARLAKE PARK CA",2021-07-29,11:21:01,"LOWER","LA-03",38.982994,-122.716986,25.861,380.8,724.9,6.75,FALSE,83.1,FALSE,8.73,4.55,1.169,23.66,5.502,FALSE
3.86e+14,"CLEAR LK A MOORING LA-03 NR CLEARLAKE PARK CA",2021-07-29,11:21:59,"LOWER","LA-03",38.982994,-122.716986,25.853,380.9,724.9,6.68,FALSE,82.2,FALSE,8.74,3.85,1.332,23.84,6.022,FALSE
3.86e+14,"CLEAR LK A MOORING LA-03 NR CLEARLAKE PARK CA",2021-07-29,11:22:45,"LOWER","LA-03",38.982994,-122.716986,25.844,381,724.9,6.59,FALSE,81.1,FALSE,8.73,7.29,1.283,23.77,6.516,FALSE
3.86e+14,"CLEAR LK A MOORING LA-03 NR CLEARLAKE PARK CA",2021-07-29,11:23:33,"LOWER","LA-03",38.982994,-122.716986,25.813,381.3,724.9,6.37,FALSE,78.4,FALSE,8.72,5.33,1.32,23.73,7.011,FALSE
3.86e+14,"CLEAR LK A MOORING LA-03 NR CLEARLAKE PARK CA",2021-07-29,11:25:11,"LOWER","LA-03",38.982994,-122.716986,25.788,381.8,724.9,6.15,FALSE,75.5,FALSE,8.7,4.46,1.333,23.5,7.518,FALSE
3.86e+14,"CLEAR LK A MOORING LA-03 NR CLEARLAKE PARK CA",2021-07-29,11:26:16,"LOWER","LA-03",38.982994,-122.716986,25.757,382.4,724.9,5.79,FALSE,71.1,FALSE,8.68,6,1.286,23.6,8.005,FALSE
3.86e+14,"CLEAR LK A MOORING LA-03 NR CLEARLAKE PARK CA",2021-07-29,11:28:31,"LOWER","LA-03",38.982994,-122.716986,25.729,383,724.9,5.48,FALSE,67.3,FALSE,8.67,3.63,1.316,23.81,8.51,FALSE
3.86e+14,"CLEAR LK A MOORING LA-03 NR CLEARLAKE PARK CA",2021-07-29,11:29:02,"LOWER","LA-03",38.982994,-122.716986,25.722,382.9,724.9,5.48,FALSE,67.3,FALSE,8.66,3.71,1.34,23.77,9.096,FALSE
3.86e+14,"CLEAR LK A MOORING LA-03 NR CLEARLAKE PARK CA",2021-07-29,11:30:11,"LOWER","LA-03",38.982994,-122.716986,25.71,383.1,724.9,5.31,FALSE,65.2,FALSE,8.66,3.11,1.093,23.83,9.511,FALSE
3.86e+14,"CLEAR LK A MOORING LA-03 NR CLEARLAKE PARK CA",2021-07-29,11:30:54,"LOWER","LA-03",38.982994,-122.716986,25.705,383.3,724.9,5.24,FALSE,64.2,FALSE,8.65,3.5,1.225,23.91,10.023,FALSE
3.86e+14,"CLEAR LK A MOORING LA-03 NR CLEARLAKE PARK CA",2021-07-29,11:34:42,"LOWER","LA-03",38.982994,-122.716986,25.378,394.9,724.9,0.39,FALSE,4.7,FALSE,8.24,3.75,1.009,25.03,11.213,FALSE
3.86e+14,"CLEAR LK A MOORING LA-03 NR CLEARLAKE PARK CA",2021-07-29,11:37:32,"LOWER","LA-03",38.982994,-122.716986,25.595,387.4,724.8,3.47,FALSE,42.5,FALSE,8.53,2.32,0.956,24.4,10.496,TRUE
3.86e+14,"CLEAR LK A MOORING LA-03 NR CLEARLAKE PARK CA",2021-07-29,11:41:05,"LOWER","LA-03",38.982994,-122.716986,25.471,392.7,724.7,1.09,FALSE,13.4,FALSE,8.33,3.36,1.059,24.89,10.744,FALSE
3.86e+14,"CLEAR LK A MOORING LA-03 NR CLEARLAKE PARK CA",2021-07-29,11:44:06,"LOWER","LA-03",38.982994,-122.716986,25.419,393.8,724.7,0.57,FALSE,7,FALSE,8.28,3.35,0.999,24.9,11.014,FALSE
3.86e+14,"CLEAR LK A MOORING LA-03 NR CLEARLAKE PARK CA",2021-07-29,11:46:02,"LOWER","LA-03",38.982994,-122.716986,25.382,394.9,724.7,0.32,FALSE,3.9,FALSE,8.23,3.52,0.978,25.12,11.121,FALSE
3.86e+14,"CLEAR LK A MOORING LA-03 NR CLEARLAKE PARK CA",2021-07-29,11:47:13,"LOWER","LA-03",38.982994,-122.716986,25.353,395.5,724.8,0.16,FALSE,2,FALSE,8.21,3.68,0.897,24.98,11.188,FALSE
3.86e+14,"CLEAR LK A MOORING LA-03 NR CLEARLAKE PARK CA",2021-07-29,11:48:53,"LOWER","LA-03",38.982994,-122.716986,25.265,401.5,724.6,0.15,FALSE,1.8,FALSE,7.89,32.21,3.509,20.26,11.782,FALSE
3.9e+14,"CLEAR LK A MOORING UA-06 NR LUCERNE CA",2021-07-29,12:43:17,"UPPER","UA-06",39.060994,-122.816986,27.593,374.4,724.4,11.54,FALSE,146.6,FALSE,9.01,5.34,2.148,16.64,0.499,FALSE
3.9e+14,"CLEAR LK A MOORING UA-06 NR LUCERNE CA",2021-07-29,12:44:54,"UPPER","UA-06",39.060994,-122.816986,26.783,374.1,724.3,11.24,FALSE,140.6,FALSE,9,4.54,2.412,17.69,1.024,FALSE
3.9e+14,"CLEAR LK A MOORING UA-06 NR LUCERNE CA",2021-07-29,12:47:11,"UPPER","UA-06",39.060994,-122.816986,26.491,376.9,724.3,9.27,FALSE,115.3,FALSE,8.91,5.38,1.774,18.93,1.504,FALSE
3.9e+14,"CLEAR LK A MOORING UA-06 NR LUCERNE CA",2021-07-29,12:48:34,"UPPER","UA-06",39.060994,-122.816986,26.3,378.9,724.3,7.63,FALSE,94.7,FALSE,8.85,5.14,1.356,19.39,2.098,FALSE
3.9e+14,"CLEAR LK A MOORING UA-06 NR LUCERNE CA",2021-07-29,12:49:58,"UPPER","UA-06",39.060994,-122.816986,26.245,379.4,724.3,7.27,FALSE,90.1,FALSE,8.83,4.35,1.381,19.45,2.497,TRUE
3.9e+14,"CLEAR LK A MOORING UA-06 NR LUCERNE CA",2021-07-29,12:52:21,"UPPER","UA-06",39.060994,-122.816986,26.21,379.7,724.4,6.99,FALSE,86.6,FALSE,8.82,3.23,1.302,19.43,3.064,FALSE
3.9e+14,"CLEAR LK A MOORING UA-06 NR LUCERNE CA",2021-07-29,12:53:19,"UPPER","UA-06",39.060994,-122.816986,26.1,380.7,724.4,6.11,FALSE,75.6,FALSE,8.79,4.43,1.252,19.96,3.512,FALSE
3.9e+14,"CLEAR LK A MOORING UA-06 NR LUCERNE CA",2021-07-29,12:54:49,"UPPER","UA-06",39.060994,-122.816986,26.047,380.8,724.4,5.96,FALSE,73.5,FALSE,8.78,3.31,1.488,20.04,3.987,FALSE
3.9e+14,"CLEAR LK A MOORING UA-06 NR LUCERNE CA",2021-07-29,12:57:08,"UPPER","UA-06",39.060994,-122.816986,26.034,380.9,724.4,5.84,FALSE,72.1,FALSE,8.78,3.4,1.389,20.12,4.501,FALSE
3.9e+14,"CLEAR LK A MOORING UA-06 NR LUCERNE CA",2021-07-29,12:59:06,"UPPER","UA-06",39.060994,-122.816986,25.99,380.7,724.4,5.96,FALSE,73.5,FALSE,8.79,2.98,1.359,20,5.004,FALSE
3.9e+14,"CLEAR LK A MOORING UA-06 NR LUCERNE CA",2021-07-29,13:01:15,"UPPER","UA-06",39.060994,-122.816986,25.795,382.6,724.5,5,FALSE,61.5,FALSE,8.73,3.61,1.38,20.59,5.55,FALSE
3.9e+14,"CLEAR LK A MOORING UA-06 NR LUCERNE CA",2021-07-29,13:03:27,"UPPER","UA-06",39.060994,-122.816986,25.295,390.2,724.3,1.26,FALSE,15.4,FALSE,8.51,2.93,1.457,22.68,6.064,FALSE
3.9e+14,"CLEAR LK A MOORING UA-06 NR LUCERNE CA",2021-07-29,13:05:35,"UPPER","UA-06",39.060994,-122.816986,25.262,389.6,724.4,1.43,FALSE,17.4,FALSE,8.52,3.02,1.412,22.64,6.519,FALSE
3.9e+14,"CLEAR LK A MOORING UA-06 NR LUCERNE CA",2021-07-29,13:06:16,"UPPER","UA-06",39.060994,-122.816986,24.901,395.2,724.3,0.29,FALSE,3.5,FALSE,8.33,2.71,1.111,23.77,7.021,TRUE
3.9e+14,"CLEAR LK A MOORING UA-06 NR LUCERNE CA",2021-07-29,13:11:42,"UPPER","UA-06",39.060994,-122.816986,22.591,421.6,724.3,0.1,FALSE,1.2,FALSE,7.4,0.98,0.284,28.41,7.504,FALSE
3.9e+14,"CLEAR LK A MOORING UA-06 NR LUCERNE CA",2021-07-29,13:12:36,"UPPER","UA-06",39.060994,-122.816986,22.134,425.5,724.3,0.1,FALSE,1.2,FALSE,7.34,1.05,0.347,28.4,7.63,FALSE
3.9e+14,"CLEAR LK A MOORING UA-06 NR LUCERNE CA",2021-07-29,13:14:10,"UPPER","UA-06",39.060994,-122.816986,22.117,425.6,724.3,0.09,TRUE,1.1,FALSE,7.34,0.94,0.304,28.33,7.702,FALSE
3.9e+14,"CLEAR LK A MOORING UA-06 NR LUCERNE CA",2021-07-29,13:16:58,"UPPER","UA-06",39.060994,-122.816986,22.11,425.7,724.2,0.09,TRUE,1,FALSE,7.34,1,0.327,28.49,7.82,FALSE
3.9e+14,"CLEAR LK A MOORING OA-04 NR CLEARLAKE OAKS CA",2022-06-07,12:37:23,"OAKS","OA-04",39.012694,-122.698986,20.661,398.6,724.2,7.67,FALSE,85.6,FALSE,8.05,1.22,0.49,23.61,0.524,FALSE
3.9e+14,"CLEAR LK A MOORING OA-04 NR CLEARLAKE OAKS CA",2022-06-07,12:38:20,"OAKS","OA-04",39.012694,-122.698986,20.611,398.6,724.2,7.68,FALSE,85.6,FALSE,8.06,1.61,0.83,23.89,1.066,FALSE
3.9e+14,"CLEAR LK A MOORING OA-04 NR CLEARLAKE OAKS CA",2022-06-07,12:40:31,"OAKS","OA-04",39.012694,-122.698986,20.574,398.6,724.3,7.68,FALSE,85.5,FALSE,8.08,1.05,0.78,23.69,1.552,FALSE
3.9e+14,"CLEAR LK A MOORING OA-04 NR CLEARLAKE OAKS CA",2022-06-07,12:41:43,"OAKS","OA-04",39.012694,-122.698986,20.481,398.3,724.3,7.69,FALSE,85.5,FALSE,8.09,1.37,0.82,24.09,2.079,FALSE
3.9e+14,"CLEAR LK A MOORING OA-04 NR CLEARLAKE OAKS CA",2022-06-07,12:42:32,"OAKS","OA-04",39.012694,-122.698986,20.15,398,724.3,7.73,FALSE,85.4,FALSE,8.1,1.59,1.31,24.41,2.554,TRUE
3.9e+14,"CLEAR LK A MOORING OA-04 NR CLEARLAKE OAKS CA",2022-06-07,12:46:30,"OAKS","OA-04",39.012694,-122.698986,19.848,398.3,724.3,7.19,FALSE,79,FALSE,8.04,1.33,1.17,24.57,3.068,FALSE
3.9e+14,"CLEAR LK A MOORING OA-04 NR CLEARLAKE OAKS CA",2022-06-07,12:47:58,"OAKS","OA-04",39.012694,-122.698986,19.814,398.5,724.3,7.06,FALSE,77.4,FALSE,8.05,1.47,1.67,24.68,3.51,FALSE
3.9e+14,"CLEAR LK A MOORING OA-04 NR CLEARLAKE OAKS CA",2022-06-07,12:49:44,"OAKS","OA-04",39.012694,-122.698986,19.779,398.7,724.2,6.94,FALSE,76,FALSE,8.04,1.49,1.3,24.86,3.997,FALSE
3.9e+14,"CLEAR LK A MOORING OA-04 NR CLEARLAKE OAKS CA",2022-06-07,12:51:33,"OAKS","OA-04",39.012694,-122.698986,19.744,398.7,724.2,6.82,FALSE,74.7,FALSE,8.03,1.88,1.13,24.74,4.469,FALSE
3.9e+14,"CLEAR LK A MOORING OA-04 NR CLEARLAKE OAKS CA",2022-06-07,12:52:46,"OAKS","OA-04",39.012694,-122.698986,19.717,398.7,724.2,6.72,FALSE,73.6,FALSE,8.03,1.38,0.73,24.89,5.021,FALSE
3.9e+14,"CLEAR LK A MOORING OA-04 NR CLEARLAKE OAKS CA",2022-06-07,12:53:35,"OAKS","OA-04",39.012694,-122.698986,19.695,398.8,724.2,6.65,FALSE,72.7,FALSE,8.02,1.5,1.28,24.89,5.505,FALSE
3.9e+14,"CLEAR LK A MOORING OA-04 NR CLEARLAKE OAKS CA",2022-06-07,12:54:22,"OAKS","OA-04",39.012694,-122.698986,19.646,399,724.2,6.55,FALSE,71.7,FALSE,8.01,2.33,0.93,24.75,6,FALSE
3.9e+14,"CLEAR LK A MOORING OA-04 NR CLEARLAKE OAKS CA",2022-06-07,12:56:21,"OAKS","OA-04",39.012694,-122.698986,19.631,398.8,724.2,6.49,FALSE,71,FALSE,8.01,1.24,0.72,24.83,6.528,FALSE
3.9e+14,"CLEAR LK A MOORING OA-04 NR CLEARLAKE OAKS CA",2022-06-07,12:57:25,"OAKS","OA-04",39.012694,-122.698986,19.627,398.8,724.2,6.46,FALSE,70.6,FALSE,8,2.14,0.57,24.92,7.02,FALSE
3.9e+14,"CLEAR LK A MOORING OA-04 NR CLEARLAKE OAKS CA",2022-06-07,12:58:41,"OAKS","OA-04",39.012694,-122.698986,19.62,398.9,724.1,6.45,FALSE,70.5,FALSE,8.01,1.56,0.44,24.96,7.52,FALSE
3.9e+14,"CLEAR LK A MOORING OA-04 NR CLEARLAKE OAKS CA",2022-06-07,12:59:21,"OAKS","OA-04",39.012694,-122.698986,19.6,398.9,724.1,6.42,FALSE,70.2,FALSE,8.01,1.12,0.43,24.97,8.07,FALSE
3.9e+14,"CLEAR LK A MOORING OA-04 NR CLEARLAKE OAKS CA",2022-06-07,12:59:57,"OAKS","OA-04",39.012694,-122.698986,19.59,398.8,724.2,6.29,FALSE,68.7,FALSE,7.99,1.11,0.76,25.07,8.494,FALSE
3.9e+14,"CLEAR LK A MOORING OA-04 NR CLEARLAKE OAKS CA",2022-06-07,13:01:51,"OAKS","OA-04",39.012694,-122.698986,19.553,400.2,724.1,5.32,FALSE,58,FALSE,7.86,1.55,0.78,25.68,9.094,FALSE
3.9e+14,"CLEAR LK A MOORING OA-04 NR CLEARLAKE OAKS CA",2022-06-07,13:02:28,"OAKS","OA-04",39.012694,-122.698986,19.489,400.7,724.1,4.36,FALSE,47.6,FALSE,7.83,1.26,0.84,25.84,9.503,FALSE
3.9e+14,"CLEAR LK A MOORING OA-04 NR CLEARLAKE OAKS CA",2022-06-07,13:03:13,"OAKS","OA-04",39.012694,-122.698986,19.308,401.2,724.1,3.75,FALSE,40.7,FALSE,7.78,1.41,0.53,25.73,10.051,TRUE
3.9e+14,"CLEAR LK A MOORING OA-04 NR CLEARLAKE OAKS CA",2022-06-07,13:03:39,"OAKS","OA-04",39.012694,-122.698986,19.255,402.5,724.1,3.15,FALSE,34.1,FALSE,7.73,1.4,0.69,26.03,10.253,FALSE
3.9e+14,"CLEAR LK A MOORING OA-04 NR CLEARLAKE OAKS CA",2022-06-07,13:04:05,"OAKS","OA-04",39.012694,-122.698986,19.255,402.6,724.1,3.02,FALSE,32.8,FALSE,7.72,2.11,0.47,26.03,10.517,FALSE
3.9e+14,"CLEAR LK A MOORING OA-09 NR CLEARLAKE OAKS CA",2022-06-07,15:08:40,"OAKS","OA-09",39.005822,-122.685253,21.1,399,723.8,7.99,FALSE,89.9,FALSE,8.16,1.37,0.39,24.41,0.49,FALSE
3.9e+14,"CLEAR LK A MOORING OA-09 NR CLEARLAKE OAKS CA",2022-06-07,15:09:27,"OAKS","OA-09",39.005822,-122.685253,21.09,398.8,723.9,7.99,FALSE,89.9,FALSE,8.17,1.38,0.46,24.59,1.057,FALSE
3.9e+14,"CLEAR LK A MOORING OA-09 NR CLEARLAKE OAKS CA",2022-06-07,15:12:42,"OAKS","OA-09",39.005822,-122.685253,21.048,398.8,723.9,7.99,FALSE,89.8,FALSE,8.17,1.13,0.52,24.54,1.497,FALSE
3.9e+14,"CLEAR LK A MOORING OA-09 NR CLEARLAKE OAKS CA",2022-06-07,15:13:20,"OAKS","OA-09",39.005822,-122.685253,20.912,398.7,723.9,7.91,FALSE,88.7,FALSE,8.16,1.78,0.59,24.83,2.101,FALSE
3.9e+14,"CLEAR LK A MOORING OA-09 NR CLEARLAKE OAKS CA",2022-06-07,15:14:03,"OAKS","OA-09",39.005822,-122.685253,20.821,398.8,723.9,7.87,FALSE,88,FALSE,8.15,2.17,0.62,25.01,2.523,TRUE
3.9e+14,"CLEAR LK A MOORING OA-09 NR CLEARLAKE OAKS CA",2022-06-07,15:14:50,"OAKS","OA-09",39.005822,-122.685253,20.584,399,723.9,7.75,FALSE,86.3,FALSE,8.14,2.1,0.85,25.41,3.034,FALSE
3.9e+14,"CLEAR LK A MOORING OA-09 NR CLEARLAKE OAKS CA",2022-06-07,15:15:30,"OAKS","OA-09",39.005822,-122.685253,20.284,398.9,723.9,7.49,FALSE,82.9,FALSE,8.1,1.7,0.67,25.45,3.525,FALSE
3.9e+14,"CLEAR LK A MOORING OA-09 NR CLEARLAKE OAKS CA",2022-06-07,15:16:29,"OAKS","OA-09",39.005822,-122.685253,20.199,398.9,723.9,7.25,FALSE,80.1,FALSE,8.09,2.4,1.03,25.6,3.993,FALSE
3.9e+14,"CLEAR LK A MOORING OA-09 NR CLEARLAKE OAKS CA",2022-06-07,15:17:19,"OAKS","OA-09",39.005822,-122.685253,20.146,399.1,723.9,7.03,FALSE,77.6,FALSE,8.07,1.63,1.1,25.58,4.508,FALSE
3.9e+14,"CLEAR LK A MOORING OA-09 NR CLEARLAKE OAKS CA",2022-06-07,15:18:09,"OAKS","OA-09",39.005822,-122.685253,20.112,399.4,723.9,6.81,FALSE,75.1,FALSE,8.05,1.24,0.61,25.25,5.071,FALSE
3.9e+14,"CLEAR LK A MOORING OA-09 NR CLEARLAKE OAKS CA",2022-06-07,15:18:54,"OAKS","OA-09",39.005822,-122.685253,20.101,399.4,723.9,6.77,FALSE,74.6,FALSE,8.04,1.15,0.54,25.26,5.56,FALSE
3.9e+14,"CLEAR LK A MOORING OA-09 NR CLEARLAKE OAKS CA",2022-06-07,15:19:34,"OAKS","OA-09",39.005822,-122.685253,20.093,399.3,723.9,6.74,FALSE,74.3,FALSE,8.04,1.48,0.77,25.21,6.072,FALSE
3.9e+14,"CLEAR LK A MOORING OA-09 NR CLEARLAKE OAKS CA",2022-06-07,15:20:23,"OAKS","OA-09",39.005822,-122.685253,20.085,399.4,723.9,6.71,FALSE,74,FALSE,8.03,1.24,0.58,25.24,6.503,FALSE
3.9e+14,"CLEAR LK A MOORING OA-09 NR CLEARLAKE OAKS CA",2022-06-07,15:21:24,"OAKS","OA-09",39.005822,-122.685253,20.074,399.4,723.8,6.64,FALSE,73.2,FALSE,8.02,1.5,0.49,25.25,6.984,FALSE
3.9e+14,"CLEAR LK A MOORING OA-09 NR CLEARLAKE OAKS CA",2022-06-07,15:22:30,"OAKS","OA-09",39.005822,-122.685253,19.967,400.1,723.9,6.34,FALSE,69.8,FALSE,7.98,1.69,0.68,25.24,7.508,FALSE
3.9e+14,"CLEAR LK A MOORING OA-09 NR CLEARLAKE OAKS CA",2022-06-07,15:23:39,"OAKS","OA-09",39.005822,-122.685253,19.909,399.5,723.9,6.48,FALSE,71.2,FALSE,7.99,1.77,0.62,25.02,8.017,FALSE
3.9e+14,"CLEAR LK A MOORING OA-09 NR CLEARLAKE OAKS CA",2022-06-07,15:24:34,"OAKS","OA-09",39.005822,-122.685253,19.849,400.2,723.9,6.29,FALSE,69.1,FALSE,7.89,1.3,0.76,24.54,8.544,FALSE
3.9e+14,"CLEAR LK A MOORING OA-09 NR CLEARLAKE OAKS CA",2022-06-07,15:25:22,"OAKS","OA-09",39.005822,-122.685253,19.798,401.7,723.9,5.99,FALSE,65.7,FALSE,7.51,1.2,0.69,24.22,9.058,FALSE
3.9e+14,"CLEAR LK A MOORING OA-09 NR CLEARLAKE OAKS CA",2022-06-07,15:26:18,"OAKS","OA-09",39.005822,-122.685253,19.773,402.5,723.9,5.81,FALSE,63.7,FALSE,7.29,1.6,0.88,23.97,9.5,FALSE
3.9e+14,"CLEAR LK A MOORING OA-09 NR CLEARLAKE OAKS CA",2022-06-07,15:27:55,"OAKS","OA-09",39.005822,-122.685253,19.701,403.5,723.9,5.57,FALSE,61,FALSE,7.19,1.56,0.81,23.92,9.976,FALSE
3.9e+14,"CLEAR LK A MOORING OA-09 NR CLEARLAKE OAKS CA",2022-06-07,15:28:36,"OAKS","OA-09",39.005822,-122.685253,19.705,403.2,723.9,5.53,FALSE,60.5,FALSE,7.17,1.53,0.82,23.98,10.418,FALSE
3.9e+14,"CLEAR LK A MOORING OA-09 NR CLEARLAKE OAKS CA",2022-06-07,15:29:28,"OAKS","OA-09",39.005822,-122.685253,19.696,403.6,723.9,5.53,FALSE,60.5,FALSE,7.22,1.55,0.69,23.96,11.007,FALSE
3.9e+14,"CLEAR LK A MOORING OA-09 NR CLEARLAKE OAKS CA",2022-06-07,15:30:05,"OAKS","OA-09",39.005822,-122.685253,19.683,403.8,723.8,5.5,FALSE,60.2,FALSE,7.23,1.88,0.83,23.89,11.5,FALSE
3.9e+14,"CLEAR LK A MOORING OA-09 NR CLEARLAKE OAKS CA",2022-06-07,15:30:55,"OAKS","OA-09",39.005822,-122.685253,19.669,403.9,723.8,5.44,FALSE,59.5,FALSE,7.2,1.88,0.63,23.88,12.051,FALSE
3.9e+14,"CLEAR LK A MOORING OA-09 NR CLEARLAKE OAKS CA",2022-06-07,15:32:13,"OAKS","OA-09",39.005822,-122.685253,19.667,403.9,723.7,5.44,FALSE,59.5,FALSE,7.22,1.74,0.92,23.89,12.517,FALSE
3.9e+14,"CLEAR LK A MOORING OA-09 NR CLEARLAKE OAKS CA",2022-06-07,15:33:10,"OAKS","OA-09",39.005822,-122.685253,19.664,403.8,723.8,5.42,FALSE,59.3,FALSE,7.2,1.8,0.71,23.75,13.058,FALSE
3.9e+14,"CLEAR LK A MOORING OA-09 NR CLEARLAKE OAKS CA",2022-06-07,15:34:16,"OAKS","OA-09",39.005822,-122.685253,19.659,403.7,723.7,5.44,FALSE,59.5,FALSE,7.27,1.97,0.79,23.78,13.53,FALSE
3.9e+14,"CLEAR LK A MOORING OA-09 NR CLEARLAKE OAKS CA",2022-06-07,15:35:07,"OAKS","OA-09",39.005822,-122.685253,19.66,403.8,723.8,5.44,FALSE,59.5,FALSE,7.27,1.19,0.56,23.96,14.09,FALSE
3.9e+14,"CLEAR LK A MOORING OA-09 NR CLEARLAKE OAKS CA",2022-06-07,15:36:03,"OAKS","OA-09",39.005822,-122.685253,19.652,403.8,723.7,5.45,FALSE,59.6,FALSE,7.31,1.62,0.72,23.96,14.477,FALSE
3.9e+14,"CLEAR LK A MOORING OA-09 NR CLEARLAKE OAKS CA",2022-06-07,15:36:41,"OAKS","OA-09",39.005822,-122.685253,19.653,403.7,723.7,5.46,FALSE,59.7,FALSE,7.31,2.06,0.77,23.94,14.999,FALSE
3.9e+14,"CLEAR LK A MOORING OA-09 NR CLEARLAKE OAKS CA",2022-06-07,15:41:41,"OAKS","OA-09",39.005822,-122.685253,19.643,403.7,723.7,5.36,FALSE,58.6,FALSE,7.28,1.51,0.77,24,15.493,FALSE
3.9e+14,"CLEAR LK A MOORING OA-09 NR CLEARLAKE OAKS CA",2022-06-07,15:42:27,"OAKS","OA-09",39.005822,-122.685253,19.635,403.9,723.7,5.27,FALSE,57.6,FALSE,7.24,1.79,1.06,23.88,16.019,FALSE
3.9e+14,"CLEAR LK A MOORING OA-09 NR CLEARLAKE OAKS CA",2022-06-07,15:43:10,"OAKS","OA-09",39.005822,-122.685253,19.633,404,723.7,5.21,FALSE,56.9,FALSE,7.23,1.84,0.73,23.72,16.439,TRUE
3.9e+14,"CLEAR LK A MOORING OA-09 NR CLEARLAKE OAKS CA",2022-06-07,15:43:55,"OAKS","OA-09",39.005822,-122.685253,19.628,403.8,723.6,5.17,FALSE,56.5,FALSE,7.21,2.28,0.97,23.68,16.918,FALSE
3.9e+14,"CLEAR LK A MOORING OA-09 NR CLEARLAKE OAKS CA",2022-06-07,15:44:19,"OAKS","OA-09",39.005822,-122.685253,19.629,404,723.7,5.16,FALSE,56.4,FALSE,7.21,1.68,0.68,23.81,17.156,FALSE
3.9e+14,"CLEAR LK A MOORING OA-10A-Z NR CLEARLAKE OAKS CA",2022-06-08,09:03:40,"OAKS","OA-10A-Z",39.003989,-122.67965,20.76,399.3,724.5,7.66,FALSE,85.6,FALSE,8.17,1.52,0.5,25.54,0.517,FALSE
3.9e+14,"CLEAR LK A MOORING OA-10A-Z NR CLEARLAKE OAKS CA",2022-06-08,09:05:35,"OAKS","OA-10A-Z",39.003989,-122.67965,20.757,399.5,724.5,7.64,FALSE,85.4,FALSE,8.16,2.06,0.55,25.58,1.082,FALSE
3.9e+14,"CLEAR LK A MOORING OA-10A-Z NR CLEARLAKE OAKS CA",2022-06-08,09:07:07,"OAKS","OA-10A-Z",39.003989,-122.67965,20.754,399.5,724.5,7.63,FALSE,85.3,FALSE,8.15,1.67,0.58,25.64,1.479,FALSE
3.9e+14,"CLEAR LK A MOORING OA-10A-Z NR CLEARLAKE OAKS CA",2022-06-08,09:07:50,"OAKS","OA-10A-Z",39.003989,-122.67965,20.759,399.3,724.5,7.61,FALSE,85,FALSE,8.15,2.36,0.58,25.74,2.042,FALSE
3.9e+14,"CLEAR LK A MOORING OA-10A-Z NR CLEARLAKE OAKS CA",2022-06-08,09:09:01,"OAKS","OA-10A-Z",39.003989,-122.67965,20.769,399.4,724.5,7.61,FALSE,85.1,FALSE,8.15,1.05,0.55,25.68,2.551,TRUE
3.9e+14,"CLEAR LK A MOORING OA-10A-Z NR CLEARLAKE OAKS CA",2022-06-08,09:09:27,"OAKS","OA-10A-Z",39.003989,-122.67965,20.753,399.5,724.5,7.61,FALSE,85,FALSE,8.15,1.13,0.53,25.65,3.092,FALSE
3.9e+14,"CLEAR LK A MOORING OA-10A-Z NR CLEARLAKE OAKS CA",2022-06-08,09:10:14,"OAKS","OA-10A-Z",39.003989,-122.67965,20.739,399.5,724.5,7.59,FALSE,84.8,FALSE,8.15,1.67,0.61,25.62,3.581,FALSE
3.9e+14,"CLEAR LK A MOORING OA-10A-Z NR CLEARLAKE OAKS CA",2022-06-08,09:11:12,"OAKS","OA-10A-Z",39.003989,-122.67965,20.727,399.6,724.5,7.57,FALSE,84.6,FALSE,8.14,1.55,0.52,25.74,4.029,FALSE
3.9e+14,"CLEAR LK A MOORING OA-10A-Z NR CLEARLAKE OAKS CA",2022-06-08,09:12:32,"OAKS","OA-10A-Z",39.003989,-122.67965,20.73,399.5,724.5,7.57,FALSE,84.6,FALSE,8.14,1.24,0.67,25.79,4.499,FALSE
3.9e+14,"CLEAR LK A MOORING OA-10A-Z NR CLEARLAKE OAKS CA",2022-06-08,09:13:16,"OAKS","OA-10A-Z",39.003989,-122.67965,20.707,399.4,724.4,7.54,FALSE,84.1,FALSE,8.14,1.26,0.51,25.62,5.026,FALSE
3.9e+14,"CLEAR LK A MOORING OA-10A-Z NR CLEARLAKE OAKS CA",2022-06-08,09:14:42,"OAKS","OA-10A-Z",39.003989,-122.67965,20.708,399.4,724.4,7.53,FALSE,84.1,FALSE,8.14,1.36,0.5,25.83,5.514,FALSE
3.9e+14,"CLEAR LK A MOORING OA-10A-Z NR CLEARLAKE OAKS CA",2022-06-08,09:15:52,"OAKS","OA-10A-Z",39.003989,-122.67965,20.574,399.7,724.4,7.4,FALSE,82.4,FALSE,8.12,1.38,0.67,25.75,6.094,FALSE
3.9e+14,"CLEAR LK A MOORING OA-10A-Z NR CLEARLAKE OAKS CA",2022-06-08,09:16:42,"OAKS","OA-10A-Z",39.003989,-122.67965,20.507,399.6,724.3,7.33,FALSE,81.5,FALSE,8.11,1.56,0.58,25.79,6.531,FALSE
3.9e+14,"CLEAR LK A MOORING OA-10A-Z NR CLEARLAKE OAKS CA",2022-06-08,09:17:26,"OAKS","OA-10A-Z",39.003989,-122.67965,20.451,399.5,724.4,7.26,FALSE,80.6,FALSE,8.1,2.67,0.56,25.84,7.079,FALSE
3.9e+14,"CLEAR LK A MOORING OA-10A-Z NR CLEARLAKE OAKS CA",2022-06-08,09:19:37,"OAKS","OA-10A-Z",39.003989,-122.67965,20.438,399.6,724.4,7.22,FALSE,80.1,FALSE,8.1,1.25,0.61,25.85,7.515,FALSE
3.9e+14,"CLEAR LK A MOORING OA-10A-Z NR CLEARLAKE OAKS CA",2022-06-08,09:20:24,"OAKS","OA-10A-Z",39.003989,-122.67965,20.402,399.7,724.4,7.18,FALSE,79.7,FALSE,8.09,1.55,0.48,25.85,8.098,TRUE
3.9e+14,"CLEAR LK A MOORING OA-10A-Z NR CLEARLAKE OAKS CA",2022-06-08,09:21:11,"OAKS","OA-10A-Z",39.003989,-122.67965,20.372,399.7,724.2,7.16,FALSE,79.4,FALSE,8.08,1.66,0.55,25.96,8.494,FALSE
3.9e+14,"CLEAR LK A MOORING OA-10A-Z NR CLEARLAKE OAKS CA",2022-06-08,09:21:59,"OAKS","OA-10A-Z",39.003989,-122.67965,20.272,399.9,724.3,6.94,FALSE,76.8,FALSE,8.06,1.93,0.73,25.93,8.694,FALSE
3.9e+14,"CLEAR LK A MOORING OA-10A-Z NR CLEARLAKE OAKS CA",2022-06-08,09:22:45,"OAKS","OA-10A-Z",39.003989,-122.67965,20.251,399.9,724.3,6.88,FALSE,76.1,FALSE,8.06,2.18,0.7,25.93,9.048,FALSE
3.9e+14,"CLEAR LK A MOORING OA-14-Z NR CLEARLAKE OAKS CA",2022-06-08,09:58:16,"OAKS","OA-14-Z",39.002372,-122.673878,21.314,398.6,724.2,8.35,FALSE,94.3,FALSE,8.27,3.13,0.36,26.3,0.526,FALSE
3.9e+14,"CLEAR LK A MOORING OA-14-Z NR CLEARLAKE OAKS CA",2022-06-08,09:59:20,"OAKS","OA-14-Z",39.002372,-122.673878,21.307,398.6,724.2,8.33,FALSE,94.1,FALSE,8.27,1.55,0.6,26.31,1.038,FALSE
3.9e+14,"CLEAR LK A MOORING OA-14-Z NR CLEARLAKE OAKS CA",2022-06-08,10:00:08,"OAKS","OA-14-Z",39.002372,-122.673878,21.314,398.6,724.1,8.37,FALSE,94.6,FALSE,8.27,2.49,0.32,26.31,1.487,FALSE
3.9e+14,"CLEAR LK A MOORING OA-14-Z NR CLEARLAKE OAKS CA",2022-06-08,10:00:57,"OAKS","OA-14-Z",39.002372,-122.673878,21.309,398.5,724.2,8.37,FALSE,94.5,FALSE,8.26,3.47,0.39,26.36,1.952,FALSE
3.9e+14,"CLEAR LK A MOORING OA-14-Z NR CLEARLAKE OAKS CA",2022-06-08,10:02:20,"OAKS","OA-14-Z",39.002372,-122.673878,21.311,398.5,724.2,8.38,FALSE,94.7,FALSE,8.26,4.72,0.39,26.26,2.474,TRUE
3.9e+14,"CLEAR LK A MOORING OA-14-Z NR CLEARLAKE OAKS CA",2022-06-08,10:03:13,"OAKS","OA-14-Z",39.002372,-122.673878,21.306,398.5,724.1,8.36,FALSE,94.5,FALSE,8.27,3.1,0.32,26.36,2.975,FALSE
3.9e+14,"CLEAR LK A MOORING OA-14-Z NR CLEARLAKE OAKS CA",2022-06-08,10:04:30,"OAKS","OA-14-Z",39.002372,-122.673878,21.301,398.6,724.1,8.37,FALSE,94.5,FALSE,8.26,3.36,0.47,26.34,3.472,FALSE
3.9e+14,"CLEAR LK A MOORING OA-14-Z NR CLEARLAKE OAKS CA",2022-06-08,10:05:22,"OAKS","OA-14-Z",39.002372,-122.673878,21.301,398.4,724.1,8.37,FALSE,94.6,FALSE,8.26,2.49,0.54,26.38,4.026,FALSE
3.9e+14,"CLEAR LK A MOORING OA-14-Z NR CLEARLAKE OAKS CA",2022-06-08,10:06:14,"OAKS","OA-14-Z",39.002372,-122.673878,21.298,398.6,724.1,8.37,FALSE,94.5,FALSE,8.26,1.25,0.37,26.37,4.519,FALSE
3.9e+14,"CLEAR LK A MOORING OA-14-Z NR CLEARLAKE OAKS CA",2022-06-08,10:06:58,"OAKS","OA-14-Z",39.002372,-122.673878,21.293,398.6,724.1,8.36,FALSE,94.4,FALSE,8.26,3.72,0.38,26.39,5.011,FALSE
3.9e+14,"CLEAR LK A MOORING OA-14-Z NR CLEARLAKE OAKS CA",2022-06-08,10:07:45,"OAKS","OA-14-Z",39.002372,-122.673878,21.292,398.5,724.1,8.35,FALSE,94.2,FALSE,8.26,6.77,0.38,26.45,5.499,FALSE
3.9e+14,"CLEAR LK A MOORING OA-14-Z NR CLEARLAKE OAKS CA",2022-06-08,10:08:44,"OAKS","OA-14-Z",39.002372,-122.673878,21.216,399,724.1,8.11,FALSE,91.4,FALSE,8.23,1.9,0.32,26.44,6.035,TRUE
3.9e+14,"CLEAR LK A MOORING OA-14-Z NR CLEARLAKE OAKS CA",2022-06-08,10:10:40,"OAKS","OA-14-Z",39.002372,-122.673878,20.917,400.4,724.1,7.21,FALSE,80.8,FALSE,8.13,1.44,0.4,26.06,6.489,FALSE
3.9e+14,"CLEAR LK A MOORING OA-10A-Z NR CLEARLAKE OAKS CA",2022-06-08,11:22:00,"OAKS","OA-10A-Z",39.003989,-122.67965,19.837,399.3,723.8,7.12,FALSE,78.1,FALSE,8.1,2.19,0.95,24.01,0.517,FALSE
3.9e+14,"CLEAR LK A MOORING OA-10A-Z NR CLEARLAKE OAKS CA",2022-06-08,11:22:47,"OAKS","OA-10A-Z",39.003989,-122.67965,19.849,399.4,723.8,7.12,FALSE,78.1,FALSE,8.11,1.87,0.94,23.95,1.006,FALSE
3.9e+14,"CLEAR LK A MOORING OA-10A-Z NR CLEARLAKE OAKS CA",2022-06-08,11:23:59,"OAKS","OA-10A-Z",39.003989,-122.67965,19.773,399.4,723.8,7.1,FALSE,77.8,FALSE,8.1,1.84,1.37,24.07,1.484,FALSE
3.9e+14,"CLEAR LK A MOORING OA-10A-Z NR CLEARLAKE OAKS CA",2022-06-08,11:25:06,"OAKS","OA-10A-Z",39.003989,-122.67965,19.73,399.3,723.9,7.08,FALSE,77.6,FALSE,8.1,1.72,1.5,24.11,2.028,FALSE
3.9e+14,"CLEAR LK A MOORING OA-10A-Z NR CLEARLAKE OAKS CA",2022-06-08,11:25:56,"OAKS","OA-10A-Z",39.003989,-122.67965,19.766,399.4,723.8,7.1,FALSE,77.8,FALSE,8.1,2.35,1.31,24.06,2.529,TRUE
3.9e+14,"CLEAR LK A MOORING OA-10A-Z NR CLEARLAKE OAKS CA",2022-06-08,11:27:08,"OAKS","OA-10A-Z",39.003989,-122.67965,19.643,399.2,723.8,7.02,FALSE,76.7,FALSE,8.09,1.75,1.12,24.27,3.031,FALSE
3.9e+14,"CLEAR LK A MOORING OA-10A-Z NR CLEARLAKE OAKS CA",2022-06-08,11:28:45,"OAKS","OA-10A-Z",39.003989,-122.67965,19.591,399.1,723.9,6.95,FALSE,75.9,FALSE,8.09,2,1.62,24.65,3.506,FALSE
3.9e+14,"CLEAR LK A MOORING OA-10A-Z NR CLEARLAKE OAKS CA",2022-06-08,11:29:31,"OAKS","OA-10A-Z",39.003989,-122.67965,19.551,399.1,723.9,6.9,FALSE,75.3,FALSE,8.08,2.1,1.43,24.55,4.075,FALSE
3.9e+14,"CLEAR LK A MOORING OA-10A-Z NR CLEARLAKE OAKS CA",2022-06-08,11:30:49,"OAKS","OA-10A-Z",39.003989,-122.67965,19.441,399.3,723.8,6.71,FALSE,73.1,FALSE,8.07,2,1.19,24.73,4.515,FALSE
3.9e+14,"CLEAR LK A MOORING OA-10A-Z NR CLEARLAKE OAKS CA",2022-06-08,11:31:43,"OAKS","OA-10A-Z",39.003989,-122.67965,19.385,399.3,723.8,6.55,FALSE,71.3,FALSE,8.05,2.73,1.19,24.97,5.024,FALSE
3.9e+14,"CLEAR LK A MOORING OA-10A-Z NR CLEARLAKE OAKS CA",2022-06-08,11:32:59,"OAKS","OA-10A-Z",39.003989,-122.67965,19.382,399.2,723.8,6.54,FALSE,71.1,FALSE,8.04,3.25,1.6,24.93,5.498,FALSE
3.9e+14,"CLEAR LK A MOORING OA-10A-Z NR CLEARLAKE OAKS CA",2022-06-08,11:34:05,"OAKS","OA-10A-Z",39.003989,-122.67965,19.374,399,723.8,6.52,FALSE,70.9,FALSE,8.05,2.9,1.13,24.88,5.989,FALSE
3.9e+14,"CLEAR LK A MOORING OA-10A-Z NR CLEARLAKE OAKS CA",2022-06-08,11:35:21,"OAKS","OA-10A-Z",39.003989,-122.67965,19.372,399.2,723.8,6.51,FALSE,70.8,FALSE,8.05,3.18,1.09,24.76,6.493,FALSE
3.9e+14,"CLEAR LK A MOORING OA-10A-Z NR CLEARLAKE OAKS CA",2022-06-08,11:36:47,"OAKS","OA-10A-Z",39.003989,-122.67965,19.361,399.3,723.8,6.47,FALSE,70.3,FALSE,8.04,3.34,1.27,24.79,7.06,FALSE
3.9e+14,"CLEAR LK A MOORING OA-10A-Z NR CLEARLAKE OAKS CA",2022-06-08,11:39:29,"OAKS","OA-10A-Z",39.003989,-122.67965,19.349,399.2,723.8,6.37,FALSE,69.3,FALSE,8.03,2.14,0.97,24.6,7.52,TRUE
3.9e+14,"CLEAR LK A MOORING OA-10A-Z NR CLEARLAKE OAKS CA",2022-06-08,11:40:51,"OAKS","OA-10A-Z",39.003989,-122.67965,19.337,399.4,723.8,6.09,FALSE,66.2,FALSE,8.01,4.71,1.62,24.78,8.095,FALSE
3.9e+14,"CLEAR LK A MOORING OA-10A-Z NR CLEARLAKE OAKS CA",2022-06-08,11:42:53,"OAKS","OA-10A-Z",39.003989,-122.67965,19.335,399.4,723.8,5.85,FALSE,63.5,FALSE,8,3.36,1.61,24.67,8.491,FALSE
3.86e+14,"CLEAR LK A MOORING LA-03 NR CLEARLAKE PARK CA",2022-06-09,09:34:42,"LOWER","LA-03",38.982994,-122.716986,20.082,409,724.4,6.46,FALSE,71.2,FALSE,7.95,2.06,0.73,26.15,0.53,FALSE
3.86e+14,"CLEAR LK A MOORING LA-03 NR CLEARLAKE PARK CA",2022-06-09,09:36:30,"LOWER","LA-03",38.982994,-122.716986,20.065,408.9,724.3,6.42,FALSE,70.8,FALSE,7.95,2.05,1.03,26.26,1.031,FALSE
3.86e+14,"CLEAR LK A MOORING LA-03 NR CLEARLAKE PARK CA",2022-06-09,09:38:53,"LOWER","LA-03",38.982994,-122.716986,20.073,409,724.3,6.44,FALSE,71,FALSE,7.95,2.17,0.93,26.11,1.629,FALSE
3.86e+14,"CLEAR LK A MOORING LA-03 NR CLEARLAKE PARK CA",2022-06-09,09:40:38,"LOWER","LA-03",38.982994,-122.716986,20.08,409,724.4,6.47,FALSE,71.3,FALSE,7.96,2.53,1.04,26.21,2.059,FALSE
3.86e+14,"CLEAR LK A MOORING LA-03 NR CLEARLAKE PARK CA",2022-06-09,09:41:30,"LOWER","LA-03",38.982994,-122.716986,20.07,408.9,724.4,6.41,FALSE,70.7,FALSE,7.96,2.6,1.32,26.33,2.501,TRUE
3.86e+14,"CLEAR LK A MOORING LA-03 NR CLEARLAKE PARK CA",2022-06-09,09:42:01,"LOWER","LA-03",38.982994,-122.716986,20.037,409.1,724.3,6.39,FALSE,70.4,FALSE,7.95,1.84,0.8,26.23,3.048,FALSE
3.86e+14,"CLEAR LK A MOORING LA-03 NR CLEARLAKE PARK CA",2022-06-09,09:42:54,"LOWER","LA-03",38.982994,-122.716986,20.081,408.9,724.4,6.44,FALSE,71,FALSE,7.96,2.83,0.82,26.14,3.581,FALSE
3.86e+14,"CLEAR LK A MOORING LA-03 NR CLEARLAKE PARK CA",2022-06-09,09:43:38,"LOWER","LA-03",38.982994,-122.716986,20.052,409,724.4,6.39,FALSE,70.5,FALSE,7.96,2.03,0.91,26.2,4.03,FALSE
3.86e+14,"CLEAR LK A MOORING LA-03 NR CLEARLAKE PARK CA",2022-06-09,09:46:43,"LOWER","LA-03",38.982994,-122.716986,19.996,409,724.4,6.26,FALSE,68.9,FALSE,7.94,2.73,1.01,26.4,4.504,FALSE
3.86e+14,"CLEAR LK A MOORING LA-03 NR CLEARLAKE PARK CA",2022-06-09,09:47:48,"LOWER","LA-03",38.982994,-122.716986,19.983,409,724.3,6.24,FALSE,68.6,FALSE,7.94,2.37,1.16,26.35,5.007,FALSE
3.86e+14,"CLEAR LK A MOORING LA-03 NR CLEARLAKE PARK CA",2022-06-09,09:48:21,"LOWER","LA-03",38.982994,-122.716986,19.987,409,724.3,6.23,FALSE,68.6,FALSE,7.93,2.41,1.01,26.19,5.52,FALSE
3.86e+14,"CLEAR LK A MOORING LA-03 NR CLEARLAKE PARK CA",2022-06-09,09:49:10,"LOWER","LA-03",38.982994,-122.716986,19.973,409,724.4,6.22,FALSE,68.4,FALSE,7.94,2.58,0.84,26.45,6.009,FALSE
3.86e+14,"CLEAR LK A MOORING LA-03 NR CLEARLAKE PARK CA",2022-06-09,09:49:57,"LOWER","LA-03",38.982994,-122.716986,19.959,409.1,724.5,6.2,FALSE,68.2,FALSE,7.94,2.49,0.77,26.23,6.505,FALSE
3.86e+14,"CLEAR LK A MOORING LA-03 NR CLEARLAKE PARK CA",2022-06-09,09:50:50,"LOWER","LA-03",38.982994,-122.716986,19.962,408.9,724.5,6.2,FALSE,68.2,FALSE,7.93,1.96,1.02,26.3,7.014,FALSE
3.86e+14,"CLEAR LK A MOORING LA-03 NR CLEARLAKE PARK CA",2022-06-09,09:51:41,"LOWER","LA-03",38.982994,-122.716986,19.89,409.1,724.4,6.09,FALSE,66.9,FALSE,7.93,2.68,0.9,26.47,7.512,FALSE
3.86e+14,"CLEAR LK A MOORING LA-03 NR CLEARLAKE PARK CA",2022-06-09,09:52:38,"LOWER","LA-03",38.982994,-122.716986,19.829,409.1,724.2,5.98,FALSE,65.6,FALSE,7.92,2.42,0.83,26.47,8.063,FALSE
3.86e+14,"CLEAR LK A MOORING LA-03 NR CLEARLAKE PARK CA",2022-06-09,09:55:57,"LOWER","LA-03",38.982994,-122.716986,19.777,409.2,724.3,5.81,FALSE,63.6,FALSE,7.91,3.46,0.86,26.49,8.57,FALSE
3.86e+14,"CLEAR LK A MOORING LA-03 NR CLEARLAKE PARK CA",2022-06-09,09:57:58,"LOWER","LA-03",38.982994,-122.716986,19.709,409.6,724.4,5.54,FALSE,60.6,FALSE,7.89,2.32,0.95,26.69,9.097,FALSE
3.86e+14,"CLEAR LK A MOORING LA-03 NR CLEARLAKE PARK CA",2022-06-09,09:59:11,"LOWER","LA-03",38.982994,-122.716986,19.703,409.6,724.3,5.46,FALSE,59.8,FALSE,7.88,2.33,0.8,26.62,9.525,FALSE
3.86e+14,"CLEAR LK A MOORING LA-03 NR CLEARLAKE PARK CA",2022-06-09,09:59:56,"LOWER","LA-03",38.982994,-122.716986,19.705,409.6,724.3,5.46,FALSE,59.8,FALSE,7.88,2.24,0.86,26.56,10.009,FALSE
3.86e+14,"CLEAR LK A MOORING LA-03 NR CLEARLAKE PARK CA",2022-06-09,10:00:46,"LOWER","LA-03",38.982994,-122.716986,19.702,409.5,724.3,5.36,FALSE,58.6,FALSE,7.88,3.54,0.61,26.64,10.485,TRUE
3.86e+14,"CLEAR LK A MOORING LA-03 NR CLEARLAKE PARK CA",2022-06-09,10:01:24,"LOWER","LA-03",38.982994,-122.716986,19.701,409.5,724.5,5.42,FALSE,59.4,FALSE,7.89,2.18,0.84,26.76,11.054,FALSE
3.86e+14,"CLEAR LK A MOORING LA-03 NR CLEARLAKE PARK CA",2022-06-09,10:02:15,"LOWER","LA-03",38.982994,-122.716986,19.701,409.5,724.3,5.33,FALSE,58.4,FALSE,7.87,2.7,0.99,26.63,11.558,FALSE
3.9e+14,"CLEAR LK A MOORING OA-NA-02 A GLENHAVEN CA",2022-06-09,10:42:57,"OAKS","OA-NA-02",39.025614,-122.742617,20.56,398.5,724.2,7.42,FALSE,82.6,FALSE,8.13,1.25,1.02,22.95,0.518,FALSE
3.9e+14,"CLEAR LK A MOORING OA-NA-02 A GLENHAVEN CA",2022-06-09,10:43:33,"OAKS","OA-NA-02",39.025614,-122.742617,20.539,398.6,724.4,7.42,FALSE,82.6,FALSE,8.13,1.08,1.11,22.89,1.04,FALSE
3.9e+14,"CLEAR LK A MOORING OA-NA-02 A GLENHAVEN CA",2022-06-09,10:44:11,"OAKS","OA-NA-02",39.025614,-122.742617,20.497,398.7,724.3,7.41,FALSE,82.4,FALSE,8.12,1.54,1.32,23.01,1.508,FALSE
3.9e+14,"CLEAR LK A MOORING OA-NA-02 A GLENHAVEN CA",2022-06-09,10:44:52,"OAKS","OA-NA-02",39.025614,-122.742617,20.404,398.9,724.4,7.33,FALSE,81.4,FALSE,8.11,1.23,1.08,23.18,2.018,FALSE
3.9e+14,"CLEAR LK A MOORING OA-NA-02 A GLENHAVEN CA",2022-06-09,10:45:46,"OAKS","OA-NA-02",39.025614,-122.742617,20.306,399.2,724.3,7.26,FALSE,80.4,FALSE,8.1,1.42,1.38,23.41,2.514,TRUE
3.9e+14,"CLEAR LK A MOORING OA-NA-02 A GLENHAVEN CA",2022-06-09,10:46:19,"OAKS","OA-NA-02",39.025614,-122.742617,20.238,399.6,724.4,7.18,FALSE,79.4,FALSE,8.1,1.24,1.4,23.52,3.042,FALSE
3.9e+14,"CLEAR LK A MOORING OA-NA-02 A GLENHAVEN CA",2022-06-09,10:47:08,"OAKS","OA-NA-02",39.025614,-122.742617,20.079,400.4,724.3,6.99,FALSE,77.1,FALSE,8.08,1.32,1.74,23.75,3.498,FALSE
3.9e+14,"CLEAR LK A MOORING OA-NA-02 A GLENHAVEN CA",2022-06-09,10:48:31,"OAKS","OA-NA-02",39.025614,-122.742617,20.032,400.7,724.4,6.91,FALSE,76.1,FALSE,8.07,1.33,2.12,23.97,4.036,FALSE
3.9e+14,"CLEAR LK A MOORING OA-NA-02 A GLENHAVEN CA",2022-06-09,10:49:33,"OAKS","OA-NA-02",39.025614,-122.742617,19.947,401.2,724.4,6.77,FALSE,74.4,FALSE,8.06,2.04,2.14,24.3,4.528,FALSE
3.9e+14,"CLEAR LK A MOORING OA-NA-02 A GLENHAVEN CA",2022-06-09,10:49:57,"OAKS","OA-NA-02",39.025614,-122.742617,19.839,402.1,724.3,6.62,FALSE,72.7,FALSE,8.04,1.43,2.04,24.63,5.053,FALSE
3.9e+14,"CLEAR LK A MOORING OA-NA-02 A GLENHAVEN CA",2022-06-09,10:50:54,"OAKS","OA-NA-02",39.025614,-122.742617,19.717,403.1,724.4,6.43,FALSE,70.4,FALSE,8.02,1.71,1.81,24.82,5.494,FALSE
3.9e+14,"CLEAR LK A MOORING OA-NA-02 A GLENHAVEN CA",2022-06-09,10:52:05,"OAKS","OA-NA-02",39.025614,-122.742617,19.621,404.2,724.4,5.79,FALSE,63.3,FALSE,7.97,1.67,1.05,25.52,6.085,FALSE
3.9e+14,"CLEAR LK A MOORING OA-NA-02 A GLENHAVEN CA",2022-06-09,10:53:29,"OAKS","OA-NA-02",39.025614,-122.742617,19.611,405.5,724.2,5.06,FALSE,55.3,FALSE,7.92,4.76,1.82,25.43,6.492,FALSE
3.9e+14,"CLEAR LK A MOORING OA-NA-02 A GLENHAVEN CA",2022-06-09,10:55:06,"OAKS","OA-NA-02",39.025614,-122.742617,19.597,406.2,724.2,4.74,FALSE,51.8,FALSE,7.88,4.58,1.38,25.61,7.003,TRUE
3.9e+14,"CLEAR LK A MOORING OA-NA-02 A GLENHAVEN CA",2022-06-09,10:55:37,"OAKS","OA-NA-02",39.025614,-122.742617,19.574,406,724.2,4.84,FALSE,52.8,FALSE,7.89,7.24,1.57,25.55,7.482,FALSE
3.9e+14,"CLEAR LK A MOORING OA-NA-02 A GLENHAVEN CA",2022-06-09,10:56:13,"OAKS","OA-NA-02",39.025614,-122.742617,19.575,406.1,724.2,4.88,FALSE,53.3,FALSE,7.89,3.74,1.23,25.62,7.704,FALSE
3.9e+14,"CLEAR LK A MOORING UA-06 NR LUCERNE CA",2022-06-09,11:38:05,"UPPER","UA-06",39.060994,-122.816986,21.671,396.8,724.5,6.41,FALSE,72.9,FALSE,8.05,1.27,0.44,20.91,0.507,FALSE
3.9e+14,"CLEAR LK A MOORING UA-06 NR LUCERNE CA",2022-06-09,11:38:51,"UPPER","UA-06",39.060994,-122.816986,21.424,396.1,724.5,6.42,FALSE,72.7,FALSE,8.04,1.24,0.44,21.37,0.992,FALSE
3.9e+14,"CLEAR LK A MOORING UA-06 NR LUCERNE CA",2022-06-09,11:39:36,"UPPER","UA-06",39.060994,-122.816986,21.279,396.3,724.5,6.29,FALSE,71,FALSE,8.03,1.52,0.52,21.84,1.515,FALSE
3.9e+14,"CLEAR LK A MOORING UA-06 NR LUCERNE CA",2022-06-09,11:41:28,"UPPER","UA-06",39.060994,-122.816986,21.167,396.5,724.5,6.24,FALSE,70.3,FALSE,8.03,1.82,0.72,22.22,1.964,FALSE
3.9e+14,"CLEAR LK A MOORING UA-06 NR LUCERNE CA",2022-06-09,11:42:06,"UPPER","UA-06",39.060994,-122.816986,21.077,396.7,724.5,6.2,FALSE,69.7,FALSE,8.03,2.08,0.76,22.52,2.494,TRUE
3.9e+14,"CLEAR LK A MOORING UA-06 NR LUCERNE CA",2022-06-09,11:43:20,"UPPER","UA-06",39.060994,-122.816986,21.034,396.7,724.5,6.11,FALSE,68.7,FALSE,8.02,2.23,1.14,22.53,3.039,FALSE
3.9e+14,"CLEAR LK A MOORING UA-06 NR LUCERNE CA",2022-06-09,11:43:58,"UPPER","UA-06",39.060994,-122.816986,21,396.6,724.5,5.95,FALSE,66.8,FALSE,8,1.9,0.73,22.46,3.53,FALSE
3.9e+14,"CLEAR LK A MOORING UA-06 NR LUCERNE CA",2022-06-09,11:44:38,"UPPER","UA-06",39.060994,-122.816986,20.989,396.8,724.6,5.88,FALSE,66,FALSE,8,2.38,0.92,22.46,4.061,FALSE
3.9e+14,"CLEAR LK A MOORING UA-06 NR LUCERNE CA",2022-06-09,11:45:30,"UPPER","UA-06",39.060994,-122.816986,20.983,396.7,724.5,5.74,FALSE,64.5,FALSE,7.99,2.35,0.72,22.53,4.467,FALSE
3.9e+14,"CLEAR LK A MOORING UA-06 NR LUCERNE CA",2022-06-09,11:46:05,"UPPER","UA-06",39.060994,-122.816986,20.969,396.8,724.6,5.66,FALSE,63.5,FALSE,7.98,2.3,0.69,22.63,5.076,FALSE
3.9e+14,"CLEAR LK A MOORING UA-06 NR LUCERNE CA",2022-06-09,11:46:44,"UPPER","UA-06",39.060994,-122.816986,20.962,396.7,724.6,5.63,FALSE,63.2,FALSE,7.98,2.42,0.74,22.56,5.504,FALSE
3.9e+14,"CLEAR LK A MOORING UA-06 NR LUCERNE CA",2022-06-09,11:47:26,"UPPER","UA-06",39.060994,-122.816986,20.947,396.9,724.7,5.65,FALSE,63.4,FALSE,7.99,2.24,0.62,22.77,6.039,FALSE
3.9e+14,"CLEAR LK A MOORING UA-06 NR LUCERNE CA",2022-06-09,11:48:07,"UPPER","UA-06",39.060994,-122.816986,20.935,396.7,724.5,5.65,FALSE,63.3,FALSE,7.99,2.3,0.58,22.79,6.528,FALSE
3.9e+14,"CLEAR LK A MOORING UA-06 NR LUCERNE CA",2022-06-09,11:48:37,"UPPER","UA-06",39.060994,-122.816986,20.918,396.7,724.6,5.64,FALSE,63.3,FALSE,7.98,2.24,0.56,22.84,7.057,TRUE
3.9e+14,"CLEAR LK A MOORING UA-06 NR LUCERNE CA",2022-06-09,11:50:06,"UPPER","UA-06",39.060994,-122.816986,20.886,396.7,724.6,5.55,FALSE,62.1,FALSE,7.98,1.61,0.48,22.78,7.503,FALSE
3.9e+14,"CLEAR LK A MOORING UA-06 NR LUCERNE CA",2022-06-09,11:51:04,"UPPER","UA-06",39.060994,-122.816986,20.791,396.8,724.6,5.16,FALSE,57.7,FALSE,7.94,2.31,0.59,23.26,8.077,FALSE
3.9e+14,"CLEAR LK A MOORING OA-04 NR CLEARLAKE OAKS CA",2023-06-29,11:57:28,"OAKS","OA-04",39.012694,-122.698986,24.265,329.2,723.9,10.41,FALSE,124.3,FALSE,8.76,12.27,1.12,35.58,1.013,FALSE
3.9e+14,"CLEAR LK A MOORING OA-04 NR CLEARLAKE OAKS CA",2023-06-29,11:58:25,"OAKS","OA-04",39.012694,-122.698986,23.742,332.1,723.9,8.43,FALSE,99.7,FALSE,8.55,8.02,0.82,35.68,1.994,FALSE
3.9e+14,"CLEAR LK A MOORING OA-04 NR CLEARLAKE OAKS CA",2023-06-29,11:59:34,"OAKS","OA-04",39.012694,-122.698986,23.318,332,723.9,7.92,FALSE,92.9,FALSE,8.47,6.39,0.65,36.48,3.02,FALSE
3.9e+14,"CLEAR LK A MOORING OA-04 NR CLEARLAKE OAKS CA",2023-06-29,12:01:06,"OAKS","OA-04",39.012694,-122.698986,22.823,335.5,723.9,6.18,FALSE,71.9,FALSE,8.27,3.62,0.73,35.98,4.047,FALSE
3.9e+14,"CLEAR LK A MOORING OA-04 NR CLEARLAKE OAKS CA",2023-06-29,12:01:39,"OAKS","OA-04",39.012694,-122.698986,22.821,335.4,723.8,6.14,FALSE,71.5,FALSE,8.29,4.31,0.63,36.07,4.059,FALSE
3.9e+14,"CLEAR LK A MOORING OA-04 NR CLEARLAKE OAKS CA",2023-06-29,12:02:53,"OAKS","OA-04",39.012694,-122.698986,22.711,335.4,723.9,6.11,FALSE,70.9,FALSE,8.36,3.51,0.51,35.68,5.028,FALSE
3.9e+14,"CLEAR LK A MOORING OA-04 NR CLEARLAKE OAKS CA",2023-06-29,12:04:40,"OAKS","OA-04",39.012694,-122.698986,22.302,337.6,723.8,4.88,FALSE,56.1,FALSE,8.21,2.64,0.53,37.25,6.002,FALSE
3.9e+14,"CLEAR LK A MOORING OA-04 NR CLEARLAKE OAKS CA",2023-06-29,12:06:07,"OAKS","OA-04",39.012694,-122.698986,22.279,337.8,723.8,4.73,FALSE,54.4,FALSE,8.16,2.65,0.54,37.43,7.072,FALSE
3.9e+14,"CLEAR LK A MOORING OA-04 NR CLEARLAKE OAKS CA",2023-06-29,12:07:31,"OAKS","OA-04",39.012694,-122.698986,22.123,338.6,723.9,4.04,FALSE,46.4,FALSE,8.09,1.38,0.43,37.46,8.077,FALSE
3.9e+14,"CLEAR LK A MOORING OA-04 NR CLEARLAKE OAKS CA",2023-06-29,12:08:34,"OAKS","OA-04",39.012694,-122.698986,22.097,339,723.8,3.83,FALSE,44,FALSE,8.06,1.42,0.4,37.22,9.053,FALSE
3.9e+14,"CLEAR LK A MOORING OA-04 NR CLEARLAKE OAKS CA",2023-06-29,12:10:21,"OAKS","OA-04",39.012694,-122.698986,21.998,339.8,723.9,3.18,FALSE,36.4,FALSE,7.98,1.29,0.74,37,10.054,FALSE
3.9e+14,"CLEAR LK A MOORING OA-04 NR CLEARLAKE OAKS CA",2023-06-29,12:12:05,"OAKS","OA-04",39.012694,-122.698986,21.692,343.7,723.7,0.89,FALSE,10.1,FALSE,7.69,1.12,0.38,36.22,11.034,TRUE
3.9e+14,"CLEAR LK A MOORING OA-04 NR CLEARLAKE OAKS CA",2023-06-29,12:12:32,"OAKS","OA-04",39.012694,-122.698986,21.684,343.8,723.8,0.75,FALSE,8.6,FALSE,7.68,1.33,0.41,36.13,11.048,FALSE
3.9e+14,"CLEAR LK A MOORING OA-04 NR CLEARLAKE OAKS CA",2023-06-29,12:14:12,"OAKS","OA-04",39.012694,-122.698986,21.201,348.4,723.7,0.21,FALSE,2.4,FALSE,7.68,1.35,0.36,34.33,12.08,FALSE
3.9e+14,"CLEAR LK A MOORING OA-04 NR CLEARLAKE OAKS CA",2023-06-29,12:15:06,"OAKS","OA-04",39.012694,-122.698986,21.212,348.4,723.8,0.18,FALSE,2.1,FALSE,7.67,1.36,0.31,34.46,12.091,FALSE
3.9e+14,"CLEAR LK A MOORING OA-04 NR CLEARLAKE OAKS CA",2023-06-29,12:16:36,"OAKS","OA-04",39.012694,-122.698986,21.63,344.2,723.7,0.41,FALSE,4.7,FALSE,7.69,1.84,0.36,36.05,11.485,FALSE
3.9e+14,"CLEAR LK A MOORING OA-04 NR CLEARLAKE OAKS CA",2023-06-29,12:17:16,"OAKS","OA-04",39.012694,-122.698986,21.908,340.8,723.7,2.41,FALSE,27.5,FALSE,7.91,1.83,0.38,36.76,10.513,FALSE
3.9e+14,"CLEAR LK A MOORING OA-04 NR CLEARLAKE OAKS CA",2023-06-29,12:17:51,"OAKS","OA-04",39.012694,-122.698986,22.059,339.3,723.8,3.4,FALSE,39,FALSE,8.06,1.28,0.39,37.3,9.536,FALSE
3.9e+14,"CLEAR LK A MOORING OA-04 NR CLEARLAKE OAKS CA",2023-06-29,12:18:40,"OAKS","OA-04",39.012694,-122.698986,22.11,339,723.7,3.87,FALSE,44.4,FALSE,8.14,1.47,0.36,37.44,8.512,FALSE
3.9e+14,"CLEAR LK A MOORING OA-04 NR CLEARLAKE OAKS CA",2023-06-29,12:19:17,"OAKS","OA-04",39.012694,-122.698986,22.182,339.2,723.8,4.15,FALSE,47.7,FALSE,8.17,1.58,0.4,37.42,7.546,FALSE
3.9e+14,"CLEAR LK A MOORING OA-04 NR CLEARLAKE OAKS CA",2023-06-29,12:20:07,"OAKS","OA-04",39.012694,-122.698986,22.276,338.4,723.7,4.66,FALSE,53.6,FALSE,8.26,2.52,0.53,37.43,6.506,FALSE
3.9e+14,"CLEAR LK A MOORING OA-04 NR CLEARLAKE OAKS CA",2023-06-29,12:20:32,"OAKS","OA-04",39.012694,-122.698986,22.547,336.4,723.7,5.13,FALSE,59.4,FALSE,8.36,2.71,0.49,36.25,5.524,FALSE
3.9e+14,"CLEAR LK A MOORING OA-04 NR CLEARLAKE OAKS CA",2023-06-29,12:21:36,"OAKS","OA-04",39.012694,-122.698986,22.779,335.6,723.8,6.02,FALSE,69.9,FALSE,8.45,3.53,0.65,36.07,4.521,FALSE
3.9e+14,"CLEAR LK A MOORING OA-04 NR CLEARLAKE OAKS CA",2023-06-29,12:22:19,"OAKS","OA-04",39.012694,-122.698986,22.896,336.5,723.7,5.85,FALSE,68.1,FALSE,8.42,8.52,0.6,36.68,3.524,FALSE
3.9e+14,"CLEAR LK A MOORING OA-04 NR CLEARLAKE OAKS CA",2023-06-29,12:23:12,"OAKS","OA-04",39.012694,-122.698986,23.569,332.5,723.7,8.03,FALSE,94.7,FALSE,8.67,9.32,0.83,36.34,2.487,TRUE
3.9e+14,"CLEAR LK A MOORING OA-04 NR CLEARLAKE OAKS CA",2023-06-29,12:24:39,"OAKS","OA-04",39.012694,-122.698986,23.93,331.5,723.7,8.71,FALSE,103.4,FALSE,8.74,9.24,0.85,36.02,1.527,FALSE
3.9e+14,"CLEAR LK A MOORING OA-04 NR CLEARLAKE OAKS CA",2023-06-29,12:25:29,"OAKS","OA-04",39.012694,-122.698986,25.299,323.9,723.8,14.33,FALSE,174.5,FALSE,9.12,13.74,1.44,35.02,0.5,FALSE
3.9e+14,"CLEAR LK A MOORING OA-09 NR CLEARLAKE OAKS CA",2023-06-29,12:52:23,"OAKS","OA-09",39.005822,-122.685253,24.724,328.7,723.5,10.8,FALSE,130.2,FALSE,8.91,11.17,0.86,34.74,0.768,FALSE
3.9e+14,"CLEAR LK A MOORING OA-09 NR CLEARLAKE OAKS CA",2023-06-29,12:53:12,"OAKS","OA-09",39.005822,-122.685253,24.325,329.5,723.6,10.05,FALSE,120.2,FALSE,8.86,9.53,0.75,34.97,1.039,FALSE
3.9e+14,"CLEAR LK A MOORING OA-09 NR CLEARLAKE OAKS CA",2023-06-29,12:54:33,"OAKS","OA-09",39.005822,-122.685253,23.282,333.9,723.6,7.23,FALSE,84.8,FALSE,8.59,5.01,0.7,36.08,2.03,FALSE
3.9e+14,"CLEAR LK A MOORING OA-09 NR CLEARLAKE OAKS CA",2023-06-29,12:55:34,"OAKS","OA-09",39.005822,-122.685253,23.183,334.7,723.6,6.58,FALSE,77.1,FALSE,8.53,4.74,0.66,36.57,3.023,TRUE
3.9e+14,"CLEAR LK A MOORING OA-09 NR CLEARLAKE OAKS CA",2023-06-29,12:57:35,"OAKS","OA-09",39.005822,-122.685253,22.794,337,723.6,5.57,FALSE,64.7,FALSE,8.37,3.12,0.65,37.26,4.027,FALSE
3.9e+14,"CLEAR LK A MOORING OA-09 NR CLEARLAKE OAKS CA",2023-06-29,12:58:57,"OAKS","OA-09",39.005822,-122.685253,22.727,337.2,723.6,5.25,FALSE,61,FALSE,8.34,2.98,0.56,37.21,4.997,FALSE
3.9e+14,"CLEAR LK A MOORING OA-09 NR CLEARLAKE OAKS CA",2023-06-29,13:00:14,"OAKS","OA-09",39.005822,-122.685253,22.676,337.5,723.6,5.03,FALSE,58.4,FALSE,8.31,2.47,0.56,37.22,6.009,FALSE
3.9e+14,"CLEAR LK A MOORING OA-09 NR CLEARLAKE OAKS CA",2023-06-29,13:00:45,"OAKS","OA-09",39.005822,-122.685253,22.681,337.5,723.6,5.06,FALSE,58.7,FALSE,8.32,2.75,0.6,37.3,6.012,FALSE
3.9e+14,"CLEAR LK A MOORING OA-09 NR CLEARLAKE OAKS CA",2023-06-29,13:02:11,"OAKS","OA-09",39.005822,-122.685253,22.562,338.3,723.5,4.43,FALSE,51.3,FALSE,8.23,1.57,0.49,37.46,7.002,FALSE
3.9e+14,"CLEAR LK A MOORING OA-09 NR CLEARLAKE OAKS CA",2023-06-29,13:03:23,"OAKS","OA-09",39.005822,-122.685253,22.358,339.9,723.5,3.55,FALSE,40.9,FALSE,8.07,1.34,0.44,37.03,8.02,FALSE
3.9e+14,"CLEAR LK A MOORING OA-09 NR CLEARLAKE OAKS CA",2023-06-29,13:04:26,"OAKS","OA-09",39.005822,-122.685253,22.139,339.7,723.6,3.44,FALSE,39.5,FALSE,8.06,1.36,0.48,36.79,9.002,FALSE
3.9e+14,"CLEAR LK A MOORING OA-09 NR CLEARLAKE OAKS CA",2023-06-29,13:05:40,"OAKS","OA-09",39.005822,-122.685253,22.061,339.4,723.6,3.6,FALSE,41.3,FALSE,8.06,1.18,0.47,37.09,10.013,FALSE
3.9e+14,"CLEAR LK A MOORING OA-09 NR CLEARLAKE OAKS CA",2023-06-29,13:07:14,"OAKS","OA-09",39.005822,-122.685253,21.975,340.8,723.6,2.93,FALSE,33.5,FALSE,7.86,1.26,0.37,36.55,11.008,FALSE
3.9e+14,"CLEAR LK A MOORING OA-09 NR CLEARLAKE OAKS CA",2023-06-29,13:08:33,"OAKS","OA-09",39.005822,-122.685253,21.786,347.4,723.4,1.2,FALSE,13.7,FALSE,7.05,1.25,0.4,33.99,12.02,FALSE
3.9e+14,"CLEAR LK A MOORING OA-09 NR CLEARLAKE OAKS CA",2023-06-29,13:09:50,"OAKS","OA-09",39.005822,-122.685253,21.678,352.3,723.6,0.6,FALSE,6.8,FALSE,6.85,1.45,0.38,33.54,13.001,FALSE
3.9e+14,"CLEAR LK A MOORING OA-09 NR CLEARLAKE OAKS CA",2023-06-29,13:10:31,"OAKS","OA-09",39.005822,-122.685253,21.672,353,723.6,0.52,FALSE,5.9,FALSE,6.82,1.45,0.31,33.37,12.996,FALSE
3.9e+14,"CLEAR LK A MOORING OA-09 NR CLEARLAKE OAKS CA",2023-06-29,13:11:24,"OAKS","OA-09",39.005822,-122.685253,21.626,355.7,723.5,0.29,FALSE,3.3,FALSE,6.77,1.55,0.43,33.25,14.017,FALSE
3.9e+14,"CLEAR LK A MOORING OA-09 NR CLEARLAKE OAKS CA",2023-06-29,13:12:27,"OAKS","OA-09",39.005822,-122.685253,21.61,352.8,723.5,0.19,FALSE,2.2,FALSE,6.76,1.51,0.36,33.38,15.015,FALSE
3.9e+14,"CLEAR LK A MOORING OA-09 NR CLEARLAKE OAKS CA",2023-06-29,13:13:03,"OAKS","OA-09",39.005822,-122.685253,21.614,353.3,723.6,0.18,FALSE,2,FALSE,6.71,1.5,0.39,33.28,16.031,FALSE
3.9e+14,"CLEAR LK A MOORING OA-09 NR CLEARLAKE OAKS CA",2023-06-29,13:13:56,"OAKS","OA-09",39.005822,-122.685253,21.616,355.3,723.5,0.16,FALSE,1.9,FALSE,6.65,1.52,0.42,33.31,17.001,FALSE
3.9e+14,"CLEAR LK A MOORING OA-09 NR CLEARLAKE OAKS CA",2023-06-29,13:15:17,"OAKS","OA-09",39.005822,-122.685253,21.616,356.6,723.5,0.15,FALSE,1.8,FALSE,6.61,1.4,0.4,33.12,18.021,TRUE
3.9e+14,"CLEAR LK A MOORING OA-09 NR CLEARLAKE OAKS CA",2023-06-29,13:16:13,"OAKS","OA-09",39.005822,-122.685253,21.616,358.5,723.5,0.15,FALSE,1.7,FALSE,6.57,1.68,0.52,33.27,19.136,FALSE
3.9e+14,"CLEAR LK A MOORING OA-09 NR CLEARLAKE OAKS CA",2023-06-29,13:17:06,"OAKS","OA-09",39.005822,-122.685253,21.612,357.9,723.5,0.14,FALSE,1.6,FALSE,6.58,1.54,0.44,33.16,18.52,FALSE
3.9e+14,"CLEAR LK A MOORING OA-09 NR CLEARLAKE OAKS CA",2023-06-29,13:17:49,"OAKS","OA-09",39.005822,-122.685253,21.608,357.5,723.5,0.15,FALSE,1.7,FALSE,6.71,1.7,0.35,33.32,17.537,FALSE
3.9e+14,"CLEAR LK A MOORING OA-09 NR CLEARLAKE OAKS CA",2023-06-29,13:18:18,"OAKS","OA-09",39.005822,-122.685253,21.61,352.5,723.5,0.15,FALSE,1.7,FALSE,6.8,1.37,0.4,33.42,16.506,FALSE
3.9e+14,"CLEAR LK A MOORING OA-09 NR CLEARLAKE OAKS CA",2023-06-29,13:19:04,"OAKS","OA-09",39.005822,-122.685253,21.604,351.3,723.5,0.15,FALSE,1.7,FALSE,6.84,1.49,0.43,33.54,15.506,FALSE
3.9e+14,"CLEAR LK A MOORING OA-09 NR CLEARLAKE OAKS CA",2023-06-29,13:19:43,"OAKS","OA-09",39.005822,-122.685253,21.603,351.6,723.4,0.15,FALSE,1.7,FALSE,6.84,1.51,0.37,33.53,14.515,FALSE
3.9e+14,"CLEAR LK A MOORING OA-09 NR CLEARLAKE OAKS CA",2023-06-29,13:20:59,"OAKS","OA-09",39.005822,-122.685253,21.616,352.5,723.5,0.17,FALSE,2,FALSE,6.8,1.52,0.45,33.38,13.515,FALSE
3.9e+14,"CLEAR LK A MOORING OA-09 NR CLEARLAKE OAKS CA",2023-06-29,13:21:57,"OAKS","OA-09",39.005822,-122.685253,21.75,348.3,723.5,1.09,FALSE,12.4,FALSE,7.07,1.27,0.51,34.12,12.493,FALSE
3.9e+14,"CLEAR LK A MOORING OA-09 NR CLEARLAKE OAKS CA",2023-06-29,13:22:45,"OAKS","OA-09",39.005822,-122.685253,21.843,344.6,723.4,1.46,FALSE,16.6,FALSE,7.32,1.21,0.37,35.23,11.435,FALSE
3.9e+14,"CLEAR LK A MOORING OA-09 NR CLEARLAKE OAKS CA",2023-06-29,13:23:26,"OAKS","OA-09",39.005822,-122.685253,21.996,340.5,723.5,2.96,FALSE,33.9,FALSE,7.89,1.14,0.46,36.86,10.493,FALSE
3.9e+14,"CLEAR LK A MOORING OA-09 NR CLEARLAKE OAKS CA",2023-06-29,13:24:05,"OAKS","OA-09",39.005822,-122.685253,22.07,339,723.4,3.57,FALSE,40.9,FALSE,8.11,1.37,0.39,37.31,9.526,FALSE
3.9e+14,"CLEAR LK A MOORING OA-09 NR CLEARLAKE OAKS CA",2023-06-29,13:24:38,"OAKS","OA-09",39.005822,-122.685253,22.17,340.2,723.4,3.09,FALSE,35.4,FALSE,8.01,1.36,0.42,37.14,8.516,FALSE
3.9e+14,"CLEAR LK A MOORING OA-09 NR CLEARLAKE OAKS CA",2023-06-29,13:25:28,"OAKS","OA-09",39.005822,-122.685253,22.437,339.1,723.3,3.84,FALSE,44.3,FALSE,8.13,1.38,0.46,37.52,7.494,FALSE
3.9e+14,"CLEAR LK A MOORING OA-09 NR CLEARLAKE OAKS CA",2023-06-29,13:25:58,"OAKS","OA-09",39.005822,-122.685253,22.577,338.4,723.4,4.35,FALSE,50.3,FALSE,8.24,1.76,0.46,37.66,6.541,FALSE
3.9e+14,"CLEAR LK A MOORING OA-09 NR CLEARLAKE OAKS CA",2023-06-29,13:26:34,"OAKS","OA-09",39.005822,-122.685253,22.704,337.1,723.3,5.09,FALSE,59,FALSE,8.35,2.76,0.55,37.22,5.492,FALSE
3.9e+14,"CLEAR LK A MOORING OA-09 NR CLEARLAKE OAKS CA",2023-06-29,13:27:03,"OAKS","OA-09",39.005822,-122.685253,22.798,336.7,723.4,5.34,FALSE,62,FALSE,8.39,3.72,0.65,37.33,4.522,FALSE
3.9e+14,"CLEAR LK A MOORING OA-09 NR CLEARLAKE OAKS CA",2023-06-29,13:27:48,"OAKS","OA-09",39.005822,-122.685253,22.893,336.4,723.3,5.55,FALSE,64.6,FALSE,8.42,3.81,0.6,37.28,3.48,FALSE
3.9e+14,"CLEAR LK A MOORING OA-09 NR CLEARLAKE OAKS CA",2023-06-29,13:28:40,"OAKS","OA-09",39.005822,-122.685253,23.08,336.2,723.5,5.77,FALSE,67.5,FALSE,8.45,4.24,0.56,37.45,2.499,FALSE
3.9e+14,"CLEAR LK A MOORING OA-09 NR CLEARLAKE OAKS CA",2023-06-29,13:29:42,"OAKS","OA-09",39.005822,-122.685253,23.391,333.3,723.5,7.44,FALSE,87.4,FALSE,8.64,5.25,0.65,36.51,1.544,FALSE
3.9e+14,"CLEAR LK A MOORING OA-09 NR CLEARLAKE OAKS CA",2023-06-29,13:30:42,"OAKS","OA-09",39.005822,-122.685253,25.342,328.1,723.4,11.77,FALSE,143.4,FALSE,8.99,9.21,0.75,34.07,0.487,FALSE
3.9e+14,"CLEAR LK A MOORING OA-10 NR CLEARLAKE OAKS CA",2023-06-29,13:48:52,"OAKS","OA-10",39.005078,-122.677356,25.275,324.7,723.3,13.26,FALSE,161.4,FALSE,9.11,10.59,1.06,33.61,1.01,FALSE
3.9e+14,"CLEAR LK A MOORING OA-10 NR CLEARLAKE OAKS CA",2023-06-29,13:49:16,"OAKS","OA-10",39.005078,-122.677356,25.096,325.4,723.3,13.55,FALSE,164.6,FALSE,9.07,11.97,1.04,34.72,1.009,FALSE
3.9e+14,"CLEAR LK A MOORING OA-10 NR CLEARLAKE OAKS CA",2023-06-29,13:50:05,"OAKS","OA-10",39.005078,-122.677356,23.428,333.7,723.3,7.51,FALSE,88.3,FALSE,8.64,5.34,0.63,35.91,2.019,FALSE
3.9e+14,"CLEAR LK A MOORING OA-10 NR CLEARLAKE OAKS CA",2023-06-29,13:51:16,"OAKS","OA-10",39.005078,-122.677356,23.293,334.3,723.3,7.06,FALSE,82.9,FALSE,8.6,4.18,0.58,36.48,3.034,FALSE
3.9e+14,"CLEAR LK A MOORING OA-10 NR CLEARLAKE OAKS CA",2023-06-29,13:52:16,"OAKS","OA-10",39.005078,-122.677356,23.114,334.8,723.3,6.73,FALSE,78.7,FALSE,8.56,4.21,0.64,36.56,4.003,FALSE
3.9e+14,"CLEAR LK A MOORING OA-10 NR CLEARLAKE OAKS CA",2023-06-29,13:53:09,"OAKS","OA-10",39.005078,-122.677356,22.877,335.9,723.3,6.12,FALSE,71.2,FALSE,8.48,3.34,0.68,37.18,5.021,FALSE
3.9e+14,"CLEAR LK A MOORING OA-10 NR CLEARLAKE OAKS CA",2023-06-29,13:54:25,"OAKS","OA-10",39.005078,-122.677356,22.694,336.8,723.3,5.58,FALSE,64.7,FALSE,8.4,3.19,0.49,37.39,6.044,FALSE
3.9e+14,"CLEAR LK A MOORING OA-10 NR CLEARLAKE OAKS CA",2023-06-29,13:55:25,"OAKS","OA-10",39.005078,-122.677356,22.546,337.6,723.3,4.88,FALSE,56.5,FALSE,8.31,1.85,0.61,37.51,7.039,FALSE
3.9e+14,"CLEAR LK A MOORING OA-10 NR CLEARLAKE OAKS CA",2023-06-29,13:56:16,"OAKS","OA-10",39.005078,-122.677356,22.479,338.7,723.3,4.24,FALSE,49,FALSE,8.22,1.63,0.42,37.24,8.018,FALSE
3.9e+14,"CLEAR LK A MOORING OA-10 NR CLEARLAKE OAKS CA",2023-06-29,13:56:43,"OAKS","OA-10",39.005078,-122.677356,22.429,339.4,723.2,3.83,FALSE,44.2,FALSE,8.16,1.32,0.4,37.43,8.006,TRUE
3.9e+14,"CLEAR LK A MOORING OA-10 NR CLEARLAKE OAKS CA",2023-06-29,13:57:49,"OAKS","OA-10",39.005078,-122.677356,22.266,343.1,723.3,1.69,FALSE,19.4,FALSE,7.89,1.24,0.48,36.89,9.015,FALSE
3.9e+14,"CLEAR LK A MOORING OA-10 NR CLEARLAKE OAKS CA",2023-06-29,13:58:57,"OAKS","OA-10",39.005078,-122.677356,22.243,342.8,723.2,1.85,FALSE,21.2,FALSE,7.91,1.43,0.37,36.87,9.027,FALSE
3.9e+14,"CLEAR LK A MOORING OA-10 NR CLEARLAKE OAKS CA",2023-06-29,13:59:58,"OAKS","OA-10",39.005078,-122.677356,22.183,342.5,723.3,1.86,FALSE,21.4,FALSE,7.89,1.28,0.47,36.72,9.526,FALSE
3.9e+14,"CLEAR LK A MOORING OA-10 NR CLEARLAKE OAKS CA",2023-06-29,14:00:41,"OAKS","OA-10",39.005078,-122.677356,22.374,339.9,723.3,3.31,FALSE,38.2,FALSE,8.1,1.34,0.45,37.38,8.521,FALSE
3.9e+14,"CLEAR LK A MOORING OA-10 NR CLEARLAKE OAKS CA",2023-06-29,14:01:32,"OAKS","OA-10",39.005078,-122.677356,22.518,338.1,723.3,4.55,FALSE,52.6,FALSE,8.28,1.97,0.52,37.53,7.488,FALSE
3.9e+14,"CLEAR LK A MOORING OA-10 NR CLEARLAKE OAKS CA",2023-06-29,14:02:22,"OAKS","OA-10",39.005078,-122.677356,22.647,337,723.3,5.29,FALSE,61.3,FALSE,8.38,2.52,0.71,37.5,6.498,FALSE
3.9e+14,"CLEAR LK A MOORING OA-10 NR CLEARLAKE OAKS CA",2023-06-29,14:03:17,"OAKS","OA-10",39.005078,-122.677356,22.768,336.7,723.2,5.52,FALSE,64.2,FALSE,8.42,2.86,0.5,37.51,5.5,FALSE
3.9e+14,"CLEAR LK A MOORING OA-10 NR CLEARLAKE OAKS CA",2023-06-29,14:03:54,"OAKS","OA-10",39.005078,-122.677356,23.052,335,723.2,6.45,FALSE,75.3,FALSE,8.54,4.04,0.99,36.93,4.507,FALSE
3.9e+14,"CLEAR LK A MOORING OA-10 NR CLEARLAKE OAKS CA",2023-06-29,14:04:37,"OAKS","OA-10",39.005078,-122.677356,23.202,334.6,723.2,6.76,FALSE,79.2,FALSE,8.58,4.95,0.67,36.57,3.497,FALSE
3.9e+14,"CLEAR LK A MOORING OA-10 NR CLEARLAKE OAKS CA",2023-06-29,14:06:27,"OAKS","OA-10",39.005078,-122.677356,23.286,334.3,723.3,6.93,FALSE,81.2,FALSE,8.6,4.28,0.65,36.56,2.489,TRUE
3.9e+14,"CLEAR LK A MOORING OA-10 NR CLEARLAKE OAKS CA",2023-06-29,14:07:33,"OAKS","OA-10",39.005078,-122.677356,24.062,330.3,723.3,8.96,FALSE,106.7,FALSE,8.83,9.05,0.81,36.16,1.507,FALSE
3.9e+14,"CLEAR LK A MOORING OA-10 NR CLEARLAKE OAKS CA",2023-06-29,14:08:27,"OAKS","OA-10",39.005078,-122.677356,25.795,323.2,723.3,14.68,FALSE,180.4,FALSE,9.17,16.51,0.92,33.42,0.5,FALSE
3.9e+14,"CLEAR LK A MOORING OA-10 NR CLEARLAKE OAKS CA",2023-06-29,14:09:01,"OAKS","OA-10",39.005078,-122.677356,25.717,323.5,723.3,14.7,FALSE,180.4,FALSE,9.16,11.75,1.11,33.07,0.517,FALSE
3.9e+14,"CLEAR LK A MOORING OA-10 NR CLEARLAKE OAKS CA",2023-09-19,10:43:24,"OAKS","OA-10",39.005078,-122.677356,23.982,350.8,724.6,9.9,FALSE,117.6,FALSE,8.82,11.08,2.61,27.26,0.532,FALSE
3.9e+14,"CLEAR LK A MOORING OA-10 NR CLEARLAKE OAKS CA",2023-09-19,10:44:38,"OAKS","OA-10",39.005078,-122.677356,23.931,350.9,724.5,9.71,FALSE,115.3,FALSE,8.81,8.8,2.88,27.58,1.031,FALSE
3.9e+14,"CLEAR LK A MOORING OA-10 NR CLEARLAKE OAKS CA",2023-09-19,10:45:58,"OAKS","OA-10",39.005078,-122.677356,23.842,351.7,724.5,9.21,FALSE,109.2,FALSE,8.78,9.43,2.67,27.79,1.49,FALSE
3.9e+14,"CLEAR LK A MOORING OA-10 NR CLEARLAKE OAKS CA",2023-09-19,10:46:43,"OAKS","OA-10",39.005078,-122.677356,23.816,351.9,724.5,9.04,FALSE,107.1,FALSE,8.77,12.42,3.29,27.79,2.068,FALSE
3.9e+14,"CLEAR LK A MOORING OA-10 NR CLEARLAKE OAKS CA",2023-09-19,10:48:05,"OAKS","OA-10",39.005078,-122.677356,23.8,352.1,724.5,8.9,FALSE,105.5,FALSE,8.76,9.84,3.04,27.95,2.497,TRUE
3.9e+14,"CLEAR LK A MOORING OA-10 NR CLEARLAKE OAKS CA",2023-09-19,10:48:58,"OAKS","OA-10",39.005078,-122.677356,23.761,352.7,724.5,8.64,FALSE,102.3,FALSE,8.74,11.06,3.27,28.36,3.009,FALSE
3.9e+14,"CLEAR LK A MOORING OA-10 NR CLEARLAKE OAKS CA",2023-09-19,10:49:50,"OAKS","OA-10",39.005078,-122.677356,23.757,352.7,724.6,8.6,FALSE,101.7,FALSE,8.73,10.29,3.11,28.35,3.512,FALSE
3.9e+14,"CLEAR LK A MOORING OA-10 NR CLEARLAKE OAKS CA",2023-09-19,10:51:09,"OAKS","OA-10",39.005078,-122.677356,23.751,352.8,724.5,8.55,FALSE,101.2,FALSE,8.73,7.16,3.61,28.32,4.032,FALSE
3.9e+14,"CLEAR LK A MOORING OA-10 NR CLEARLAKE OAKS CA",2023-09-19,10:52:24,"OAKS","OA-10",39.005078,-122.677356,23.741,352.7,724.5,8.55,FALSE,101.2,FALSE,8.73,12.86,3.2,28.22,4.49,FALSE
3.9e+14,"CLEAR LK A MOORING OA-10 NR CLEARLAKE OAKS CA",2023-09-19,10:53:42,"OAKS","OA-10",39.005078,-122.677356,23.677,354.3,724.5,7.94,FALSE,93.9,FALSE,8.67,14,3.6,28.66,5.092,FALSE
3.9e+14,"CLEAR LK A MOORING OA-10 NR CLEARLAKE OAKS CA",2023-09-19,10:54:52,"OAKS","OA-10",39.005078,-122.677356,23.676,354.2,724.5,7.92,FALSE,93.6,FALSE,8.67,11.86,3.21,28.6,5.516,FALSE
3.9e+14,"CLEAR LK A MOORING OA-10 NR CLEARLAKE OAKS CA",2023-09-19,10:56:00,"OAKS","OA-10",39.005078,-122.677356,23.66,354.5,724.6,7.82,FALSE,92.3,FALSE,8.66,9.93,4.93,28.8,6.035,FALSE
3.9e+14,"CLEAR LK A MOORING OA-10 NR CLEARLAKE OAKS CA",2023-09-19,10:57:58,"OAKS","OA-10",39.005078,-122.677356,23.654,354.6,724.5,7.75,FALSE,91.5,FALSE,8.65,12.37,3.33,28.69,6.573,FALSE
3.9e+14,"CLEAR LK A MOORING OA-10 NR CLEARLAKE OAKS CA",2023-09-19,10:58:56,"OAKS","OA-10",39.005078,-122.677356,23.619,354.9,724.5,7.69,FALSE,90.8,FALSE,8.65,12.2,3.43,28.53,6.976,FALSE
3.9e+14,"CLEAR LK A MOORING OA-10 NR CLEARLAKE OAKS CA",2023-09-19,11:00:59,"OAKS","OA-10",39.005078,-122.677356,23.58,355.2,724.5,7.6,FALSE,89.7,FALSE,8.64,10.83,4.06,28.88,7.523,TRUE
3.9e+14,"CLEAR LK A MOORING OA-10 NR CLEARLAKE OAKS CA",2023-09-19,11:02:10,"OAKS","OA-10",39.005078,-122.677356,23.514,356.8,724.6,7.15,FALSE,84.3,FALSE,8.49,10.61,3.65,28.93,8.003,FALSE
3.9e+14,"CLEAR LK A MOORING OA-10 NR CLEARLAKE OAKS CA",2023-09-19,11:04:17,"OAKS","OA-10",39.005078,-122.677356,23.518,357.2,724.5,7.06,FALSE,83.2,FALSE,8.46,8.99,5.48,27.99,8.484,FALSE
3.9e+14,"CLEAR LK A MOORING OA-09 NR CLEARLAKE OAKS CA",2023-09-19,11:30:32,"OAKS","OA-09",39.005822,-122.685253,23.867,355.6,724.4,8.74,FALSE,103.7,FALSE,8.63,12.24,2.79,28.34,0.524,FALSE
3.9e+14,"CLEAR LK A MOORING OA-09 NR CLEARLAKE OAKS CA",2023-09-19,11:31:41,"OAKS","OA-09",39.005822,-122.685253,23.82,355.6,724.4,8.66,FALSE,102.7,FALSE,8.63,8.79,2.89,28.43,1.063,FALSE
3.9e+14,"CLEAR LK A MOORING OA-09 NR CLEARLAKE OAKS CA",2023-09-19,11:33:44,"OAKS","OA-09",39.005822,-122.685253,23.711,356.1,724.4,8.23,FALSE,97.3,FALSE,8.6,9.65,3.05,29,1.477,FALSE
3.9e+14,"CLEAR LK A MOORING OA-09 NR CLEARLAKE OAKS CA",2023-09-19,11:34:42,"OAKS","OA-09",39.005822,-122.685253,23.702,355.8,724.4,8.23,FALSE,97.3,FALSE,8.61,14.84,2.75,29.02,2.005,FALSE
3.9e+14,"CLEAR LK A MOORING OA-09 NR CLEARLAKE OAKS CA",2023-09-19,11:35:49,"OAKS","OA-09",39.005822,-122.685253,23.621,356.2,724.4,7.7,FALSE,90.9,FALSE,8.6,6.99,3.01,29.52,2.507,TRUE
3.9e+14,"CLEAR LK A MOORING OA-09 NR CLEARLAKE OAKS CA",2023-09-19,11:37:15,"OAKS","OA-09",39.005822,-122.685253,23.572,356.2,724.5,7.36,FALSE,86.8,FALSE,8.59,11.03,2.88,29.77,3.035,FALSE
3.9e+14,"CLEAR LK A MOORING OA-09 NR CLEARLAKE OAKS CA",2023-09-19,11:38:22,"OAKS","OA-09",39.005822,-122.685253,23.603,356.4,724.3,7.57,FALSE,89.3,FALSE,8.58,12,3.32,29.4,3.494,FALSE
3.9e+14,"CLEAR LK A MOORING OA-09 NR CLEARLAKE OAKS CA",2023-09-19,11:39:26,"OAKS","OA-09",39.005822,-122.685253,23.584,356.5,724.3,7.49,FALSE,88.3,FALSE,8.58,9.53,3.29,29.71,4.055,FALSE
3.9e+14,"CLEAR LK A MOORING OA-09 NR CLEARLAKE OAKS CA",2023-09-19,11:40:30,"OAKS","OA-09",39.005822,-122.685253,23.584,356.5,724.3,7.47,FALSE,88.2,FALSE,8.59,16.36,4.32,29.35,4.564,FALSE
3.9e+14,"CLEAR LK A MOORING OA-09 NR CLEARLAKE OAKS CA",2023-09-19,11:41:27,"OAKS","OA-09",39.005822,-122.685253,23.583,356.3,724.3,7.47,FALSE,88.1,FALSE,8.59,10.74,2.55,29.62,5.011,FALSE
3.9e+14,"CLEAR LK A MOORING OA-09 NR CLEARLAKE OAKS CA",2023-09-19,11:43:13,"OAKS","OA-09",39.005822,-122.685253,23.581,356.2,724.3,7.45,FALSE,87.9,FALSE,8.59,10.75,3.18,29.62,5.529,FALSE
3.9e+14,"CLEAR LK A MOORING OA-09 NR CLEARLAKE OAKS CA",2023-09-19,11:44:10,"OAKS","OA-09",39.005822,-122.685253,23.579,356.2,724.2,7.44,FALSE,87.8,FALSE,8.6,6.82,2.89,29.67,6.021,FALSE
3.9e+14,"CLEAR LK A MOORING OA-09 NR CLEARLAKE OAKS CA",2023-09-19,11:45:09,"OAKS","OA-09",39.005822,-122.685253,23.57,356.1,724.2,7.34,FALSE,86.5,FALSE,8.6,8.44,3.51,29.74,6.534,FALSE
3.9e+14,"CLEAR LK A MOORING OA-09 NR CLEARLAKE OAKS CA",2023-09-19,11:46:13,"OAKS","OA-09",39.005822,-122.685253,23.562,356.2,724.2,7.31,FALSE,86.2,FALSE,8.6,8.36,3.21,29.82,7.03,FALSE
3.9e+14,"CLEAR LK A MOORING OA-09 NR CLEARLAKE OAKS CA",2023-09-19,11:51:59,"OAKS","OA-09",39.005822,-122.685253,23.565,356.1,724.2,7.3,FALSE,86.1,FALSE,8.67,10.15,2.81,29.63,7.014,FALSE
3.9e+14,"CLEAR LK A MOORING OA-09 NR CLEARLAKE OAKS CA",2023-09-19,11:52:56,"OAKS","OA-09",39.005822,-122.685253,23.569,356.3,724.2,7.33,FALSE,86.4,FALSE,8.67,9.93,2.68,29.9,7.528,FALSE
3.9e+14,"CLEAR LK A MOORING OA-09 NR CLEARLAKE OAKS CA",2023-09-19,11:54:36,"OAKS","OA-09",39.005822,-122.685253,23.565,356.1,724.2,7.3,FALSE,86,FALSE,8.67,11.77,3.03,29.93,8.017,FALSE
3.9e+14,"CLEAR LK A MOORING OA-09 NR CLEARLAKE OAKS CA",2023-09-19,11:55:51,"OAKS","OA-09",39.005822,-122.685253,23.564,356.2,724.2,7.29,FALSE,85.9,FALSE,8.66,10.03,3.17,29.87,8.516,FALSE
3.9e+14,"CLEAR LK A MOORING OA-09 NR CLEARLAKE OAKS CA",2023-09-19,11:57:17,"OAKS","OA-09",39.005822,-122.685253,23.562,356.2,724.3,7.26,FALSE,85.6,FALSE,8.66,11.74,3.39,29.92,9.036,FALSE
3.9e+14,"CLEAR LK A MOORING OA-09 NR CLEARLAKE OAKS CA",2023-09-19,11:58:29,"OAKS","OA-09",39.005822,-122.685253,23.563,356.1,724.2,7.28,FALSE,85.9,FALSE,8.66,9.38,3.91,29.92,9.508,FALSE
3.9e+14,"CLEAR LK A MOORING OA-09 NR CLEARLAKE OAKS CA",2023-09-19,12:00:13,"OAKS","OA-09",39.005822,-122.685253,23.563,356.1,724.2,7.28,FALSE,85.9,FALSE,8.66,9.06,2.47,29.7,10.02,FALSE
3.9e+14,"CLEAR LK A MOORING OA-09 NR CLEARLAKE OAKS CA",2023-09-19,12:01:00,"OAKS","OA-09",39.005822,-122.685253,23.563,356.2,724.2,7.28,FALSE,85.8,FALSE,8.66,9.43,3.88,29.93,10.507,FALSE
3.9e+14,"CLEAR LK A MOORING OA-09 NR CLEARLAKE OAKS CA",2023-09-19,12:02:14,"OAKS","OA-09",39.005822,-122.685253,23.566,356.1,724.1,7.29,FALSE,85.9,FALSE,8.66,15.33,3.41,30.02,10.996,FALSE
3.9e+14,"CLEAR LK A MOORING OA-09 NR CLEARLAKE OAKS CA",2023-09-19,12:02:54,"OAKS","OA-09",39.005822,-122.685253,23.565,356,724.2,7.28,FALSE,85.9,FALSE,8.66,10.7,2.55,29.91,11.5,FALSE
3.9e+14,"CLEAR LK A MOORING OA-09 NR CLEARLAKE OAKS CA",2023-09-19,12:04:17,"OAKS","OA-09",39.005822,-122.685253,23.565,356.2,724.2,7.28,FALSE,85.8,FALSE,8.66,8.33,2.79,29.6,12.086,FALSE
3.9e+14,"CLEAR LK A MOORING OA-09 NR CLEARLAKE OAKS CA",2023-09-19,12:05:09,"OAKS","OA-09",39.005822,-122.685253,23.564,356.1,724.1,7.27,FALSE,85.8,FALSE,8.66,8.45,3.52,29.73,12.533,FALSE
3.9e+14,"CLEAR LK A MOORING OA-09 NR CLEARLAKE OAKS CA",2023-09-19,12:06:09,"OAKS","OA-09",39.005822,-122.685253,23.561,356.1,724.1,7.28,FALSE,85.8,FALSE,8.66,11.11,2.93,29.91,13.013,FALSE
3.9e+14,"CLEAR LK A MOORING OA-09 NR CLEARLAKE OAKS CA",2023-09-19,12:07:30,"OAKS","OA-09",39.005822,-122.685253,23.564,356,724.1,7.28,FALSE,85.8,FALSE,8.66,9.61,3.77,30.01,13.518,FALSE
3.9e+14,"CLEAR LK A MOORING OA-09 NR CLEARLAKE OAKS CA",2023-09-19,12:08:43,"OAKS","OA-09",39.005822,-122.685253,23.564,356.1,724.2,7.27,FALSE,85.7,FALSE,8.66,12.56,3.58,29.59,14.01,FALSE
3.9e+14,"CLEAR LK A MOORING OA-09 NR CLEARLAKE OAKS CA",2023-09-19,12:09:48,"OAKS","OA-09",39.005822,-122.685253,23.564,356.1,724.2,7.27,FALSE,85.7,FALSE,8.66,14.89,2.63,29.9,14.516,FALSE
3.9e+14,"CLEAR LK A MOORING OA-09 NR CLEARLAKE OAKS CA",2023-09-19,12:10:44,"OAKS","OA-09",39.005822,-122.685253,23.565,356.1,724.2,7.27,FALSE,85.8,FALSE,8.66,12.39,3.68,30.05,15.127,FALSE
3.9e+14,"CLEAR LK A MOORING OA-09 NR CLEARLAKE OAKS CA",2023-09-19,12:11:48,"OAKS","OA-09",39.005822,-122.685253,23.554,356,724.1,7.24,FALSE,85.3,FALSE,8.65,9.23,3.17,29.83,15.496,FALSE
3.9e+14,"CLEAR LK A MOORING OA-09 NR CLEARLAKE OAKS CA",2023-09-19,12:13:55,"OAKS","OA-09",39.005822,-122.685253,23.55,356.2,724,7.24,FALSE,85.3,FALSE,8.65,10.43,2.89,29.93,16.06,FALSE
3.9e+14,"CLEAR LK A MOORING OA-09 NR CLEARLAKE OAKS CA",2023-09-19,12:14:41,"OAKS","OA-09",39.005822,-122.685253,23.539,356.7,724,7.2,FALSE,84.8,FALSE,8.61,10.38,3.11,29.96,16.503,TRUE
3.9e+14,"CLEAR LK A MOORING OA-09 NR CLEARLAKE OAKS CA",2023-09-19,12:15:51,"OAKS","OA-09",39.005822,-122.685253,23.528,357.7,724.1,7.16,FALSE,84.4,FALSE,8.55,10.5,3.86,29.64,17.037,FALSE
3.9e+14,"CLEAR LK A MOORING OA-09 NR CLEARLAKE OAKS CA",2023-09-19,12:16:53,"OAKS","OA-09",39.005822,-122.685253,23.518,358.7,724,7.1,FALSE,83.7,FALSE,8.49,13.18,3.66,29.51,17.517,FALSE
3.9e+14,"CLEAR LK A MOORING OA-09 NR CLEARLAKE OAKS CA",2023-09-19,12:18:34,"OAKS","OA-09",39.005822,-122.685253,23.518,359.1,724.1,7,FALSE,82.5,FALSE,8.51,13.06,3.99,29.04,17.763,FALSE
3.9e+14,"CLEAR LK A MOORING OA-04 NR CLEARLAKE OAKS CA",2023-09-19,13:14:20,"OAKS","OA-04",39.012694,-122.698986,24.162,355.3,723.6,9.21,FALSE,109.9,FALSE,8.73,9.42,2.63,29.11,0.472,FALSE
3.9e+14,"CLEAR LK A MOORING OA-04 NR CLEARLAKE OAKS CA",2023-09-19,13:15:25,"OAKS","OA-04",39.012694,-122.698986,24.031,355.2,723.6,9.12,FALSE,108.5,FALSE,8.74,10.98,3.3,29.27,1.022,FALSE
3.9e+14,"CLEAR LK A MOORING OA-04 NR CLEARLAKE OAKS CA",2023-09-19,13:16:22,"OAKS","OA-04",39.012694,-122.698986,23.839,356,723.5,8.33,FALSE,98.7,FALSE,8.69,8.08,4.43,29.64,1.538,FALSE
3.9e+14,"CLEAR LK A MOORING OA-04 NR CLEARLAKE OAKS CA",2023-09-19,13:17:39,"OAKS","OA-04",39.012694,-122.698986,23.633,357.1,723.4,7.22,FALSE,85.2,FALSE,8.63,10.12,2.93,30.17,2.079,FALSE
3.9e+14,"CLEAR LK A MOORING OA-04 NR CLEARLAKE OAKS CA",2023-09-19,13:18:37,"OAKS","OA-04",39.012694,-122.698986,23.652,357,723.5,7.33,FALSE,86.5,FALSE,8.64,9.9,2.93,30.12,2.523,TRUE
3.9e+14,"CLEAR LK A MOORING OA-04 NR CLEARLAKE OAKS CA",2023-09-19,13:20:18,"OAKS","OA-04",39.012694,-122.698986,23.593,357.4,723.4,6.78,FALSE,80,FALSE,8.6,9.47,2.52,30.03,3.052,FALSE
3.9e+14,"CLEAR LK A MOORING OA-04 NR CLEARLAKE OAKS CA",2023-09-19,13:21:31,"OAKS","OA-04",39.012694,-122.698986,23.581,357.6,723.5,6.69,FALSE,78.9,FALSE,8.61,7.8,3.45,30.28,3.536,FALSE
3.9e+14,"CLEAR LK A MOORING OA-04 NR CLEARLAKE OAKS CA",2023-09-19,13:22:09,"OAKS","OA-04",39.012694,-122.698986,23.601,357.4,723.5,6.91,FALSE,81.5,FALSE,8.61,11.42,2.67,30.09,3.537,FALSE
3.9e+14,"CLEAR LK A MOORING OA-04 NR CLEARLAKE OAKS CA",2023-09-19,13:23:39,"OAKS","OA-04",39.012694,-122.698986,23.573,357.4,723.4,6.71,FALSE,79.2,FALSE,8.61,8.78,2.76,30.18,4.042,FALSE
3.9e+14,"CLEAR LK A MOORING OA-04 NR CLEARLAKE OAKS CA",2023-09-19,13:24:21,"OAKS","OA-04",39.012694,-122.698986,23.567,357.3,723.3,6.81,FALSE,80.3,FALSE,8.63,10.49,2.71,30.61,4.473,FALSE
3.9e+14,"CLEAR LK A MOORING OA-04 NR CLEARLAKE OAKS CA",2023-09-19,13:25:33,"OAKS","OA-04",39.012694,-122.698986,23.557,357,723.4,6.83,FALSE,80.5,FALSE,8.63,10.53,2.66,30.52,4.985,FALSE
3.9e+14,"CLEAR LK A MOORING OA-04 NR CLEARLAKE OAKS CA",2023-09-19,13:26:30,"OAKS","OA-04",39.012694,-122.698986,23.556,357.1,723.5,6.78,FALSE,80,FALSE,8.63,6.94,3.7,30.69,5.479,FALSE
3.9e+14,"CLEAR LK A MOORING OA-04 NR CLEARLAKE OAKS CA",2023-09-19,13:27:27,"OAKS","OA-04",39.012694,-122.698986,23.554,357.3,723.4,6.74,FALSE,79.5,FALSE,8.62,11.08,3.4,30.68,6.044,FALSE
3.9e+14,"CLEAR LK A MOORING OA-04 NR CLEARLAKE OAKS CA",2023-09-19,13:28:34,"OAKS","OA-04",39.012694,-122.698986,23.553,357.2,723.4,6.65,FALSE,78.4,FALSE,8.62,7.98,3.09,31.03,6.461,FALSE
3.9e+14,"CLEAR LK A MOORING OA-04 NR CLEARLAKE OAKS CA",2023-09-19,13:29:17,"OAKS","OA-04",39.012694,-122.698986,23.54,357.4,723.4,6.58,FALSE,77.5,FALSE,8.61,7.97,2.84,30.98,6.994,FALSE
3.9e+14,"CLEAR LK A MOORING OA-04 NR CLEARLAKE OAKS CA",2023-09-19,13:30:20,"OAKS","OA-04",39.012694,-122.698986,23.471,358.1,723.3,6.32,FALSE,74.4,FALSE,8.57,6.08,2.82,31.09,7.511,FALSE
3.9e+14,"CLEAR LK A MOORING OA-04 NR CLEARLAKE OAKS CA",2023-09-19,13:31:26,"OAKS","OA-04",39.012694,-122.698986,23.416,358.4,723.4,6.2,FALSE,72.9,FALSE,8.56,13.88,2.92,31.27,8.023,FALSE
3.9e+14,"CLEAR LK A MOORING OA-04 NR CLEARLAKE OAKS CA",2023-09-19,13:33:56,"OAKS","OA-04",39.012694,-122.698986,23.362,359,723.3,5.95,FALSE,69.9,FALSE,8.52,9.96,2.27,31.77,8.551,FALSE
3.9e+14,"CLEAR LK A MOORING OA-04 NR CLEARLAKE OAKS CA",2023-09-19,13:34:49,"OAKS","OA-04",39.012694,-122.698986,23.362,359.1,723.3,5.93,FALSE,69.7,FALSE,8.52,7.28,3.96,31.56,9.011,FALSE
3.9e+14,"CLEAR LK A MOORING OA-04 NR CLEARLAKE OAKS CA",2023-09-19,13:36:27,"OAKS","OA-04",39.012694,-122.698986,23.352,359.2,723.3,5.88,FALSE,69.1,FALSE,8.51,7.97,3.1,31.78,9.504,FALSE
3.9e+14,"CLEAR LK A MOORING OA-04 NR CLEARLAKE OAKS CA",2023-09-19,13:37:39,"OAKS","OA-04",39.012694,-122.698986,23.284,359.7,723.3,5.66,FALSE,66.4,FALSE,8.47,8.27,2.04,31.98,10.018,FALSE
3.9e+14,"CLEAR LK A MOORING OA-04 NR CLEARLAKE OAKS CA",2023-09-19,13:38:37,"OAKS","OA-04",39.012694,-122.698986,23.161,360.6,723.3,5.37,FALSE,62.8,FALSE,8.41,6.21,2.3,32.67,10.508,TRUE
3.9e+14,"CLEAR LK A MOORING OA-04 NR CLEARLAKE OAKS CA",2023-09-19,13:39:34,"OAKS","OA-04",39.012694,-122.698986,23.149,360.6,723.3,5.34,FALSE,62.5,FALSE,8.41,5.31,2.46,32.55,10.488,FALSE
3.9e+14,"CLEAR LK A MOORING OA-04 NR CLEARLAKE OAKS CA",2023-09-19,13:40:13,"OAKS","OA-04",39.012694,-122.698986,23.081,362.2,723.3,4.79,FALSE,56,FALSE,8.31,5.21,2.02,32.65,11.039,FALSE
3.9e+14,"CLEAR LK A MOORING OA-04 NR CLEARLAKE OAKS CA",2023-09-19,13:41:12,"OAKS","OA-04",39.012694,-122.698986,23.071,362.7,723.3,4.65,FALSE,54.3,FALSE,8.28,8.61,2.33,32.65,11.472,FALSE
3.86e+14,"CLEAR LK A MOORING LA-12 NR CLEARLAKE PARK CA",2023-09-20,09:23:16,"LOWER","LA-12",38.961425,-122.672636,23.45,363.1,722.1,7.82,FALSE,92,FALSE,8.39,7.03,1.26,28.97,2.5,TRUE
3.86e+14,"CLEAR LK A MOORING LA-12 NR CLEARLAKE PARK CA",2023-09-20,09:25:38,"LOWER","LA-12",38.961425,-122.672636,23.257,365.5,722.1,6.26,FALSE,73.4,FALSE,8.23,8.57,1.72,29.17,8,FALSE
3.86e+14,"CLEAR LK A MOORING LA-12 NR CLEARLAKE PARK CA",2023-09-20,09:26:41,"LOWER","LA-12",38.961425,-122.672636,23.532,362.8,722.1,8.17,FALSE,96.3,FALSE,8.47,6.61,1.36,28.37,0.5,FALSE
3.86e+14,"CLEAR LK A MOORING LA-12 NR CLEARLAKE PARK CA",2023-09-20,09:27:24,"LOWER","LA-12",38.961425,-122.672636,23.484,363,722.2,8.06,FALSE,94.9,FALSE,8.46,9.08,1.63,28.79,1.1,FALSE
3.86e+14,"CLEAR LK A MOORING LA-12 NR CLEARLAKE PARK CA",2023-09-20,09:28:37,"LOWER","LA-12",38.961425,-122.672636,23.471,363.1,722.1,7.97,FALSE,93.8,FALSE,8.46,6.72,1.65,28.77,1.5,FALSE
3.86e+14,"CLEAR LK A MOORING LA-12 NR CLEARLAKE PARK CA",2023-09-20,09:29:15,"LOWER","LA-12",38.961425,-122.672636,23.466,363.4,722.1,7.9,FALSE,93,FALSE,8.45,4.88,1.49,28.88,2,FALSE
3.86e+14,"CLEAR LK A MOORING LA-12 NR CLEARLAKE PARK CA",2023-09-20,09:30:06,"LOWER","LA-12",38.961425,-122.672636,23.46,363.3,722.1,7.86,FALSE,92.5,FALSE,8.45,6.63,0.96,29.03,2.5,FALSE
3.86e+14,"CLEAR LK A MOORING LA-12 NR CLEARLAKE PARK CA",2023-09-20,09:31:00,"LOWER","LA-12",38.961425,-122.672636,23.453,363.4,722.1,7.82,FALSE,92.1,FALSE,8.44,7.86,1.9,29,3,FALSE
3.86e+14,"CLEAR LK A MOORING LA-12 NR CLEARLAKE PARK CA",2023-09-20,09:32:10,"LOWER","LA-12",38.961425,-122.672636,23.448,363.4,722.1,7.77,FALSE,91.4,FALSE,8.44,5.34,1.59,29.17,3.5,FALSE
3.86e+14,"CLEAR LK A MOORING LA-12 NR CLEARLAKE PARK CA",2023-09-20,09:32:55,"LOWER","LA-12",38.961425,-122.672636,23.417,363.8,722.1,7.48,FALSE,88,FALSE,8.4,6.33,2.18,29.31,4,FALSE
3.86e+14,"CLEAR LK A MOORING LA-12 NR CLEARLAKE PARK CA",2023-09-20,09:34:00,"LOWER","LA-12",38.961425,-122.672636,23.372,364.4,722.1,6.96,FALSE,81.8,FALSE,8.35,4.78,1.24,29.61,4.5,FALSE
3.86e+14,"CLEAR LK A MOORING LA-12 NR CLEARLAKE PARK CA",2023-09-20,09:34:31,"LOWER","LA-12",38.961425,-122.672636,23.333,364.7,722,6.66,FALSE,78.2,FALSE,8.31,5.97,1.57,29.61,5,FALSE
3.86e+14,"CLEAR LK A MOORING LA-12 NR CLEARLAKE PARK CA",2023-09-20,09:36:00,"LOWER","LA-12",38.961425,-122.672636,23.316,365,722.1,6.5,FALSE,76.3,FALSE,8.29,5.13,1.88,29.67,5.5,FALSE
3.86e+14,"CLEAR LK A MOORING LA-12 NR CLEARLAKE PARK CA",2023-09-20,09:36:55,"LOWER","LA-12",38.961425,-122.672636,23.29,365,722.1,6.44,FALSE,75.5,FALSE,8.28,7.02,1.47,29.71,6,FALSE
3.86e+14,"CLEAR LK A MOORING LA-12 NR CLEARLAKE PARK CA",2023-09-20,09:37:46,"LOWER","LA-12",38.961425,-122.672636,23.286,365.1,722.1,6.42,FALSE,75.3,FALSE,8.28,6.88,3.09,29.72,6.5,FALSE
3.86e+14,"CLEAR LK A MOORING LA-12 NR CLEARLAKE PARK CA",2023-09-20,09:38:36,"LOWER","LA-12",38.961425,-122.672636,23.281,365.1,722.1,6.4,FALSE,75.1,FALSE,8.27,5.38,2.08,29.84,7,FALSE
3.86e+14,"CLEAR LK A MOORING LA-12 NR CLEARLAKE PARK CA",2023-09-20,09:39:23,"LOWER","LA-12",38.961425,-122.672636,23.274,365.2,722.1,6.39,FALSE,74.9,FALSE,8.27,5.78,1.61,29.39,7.5,FALSE
3.86e+14,"CLEAR LK A MOORING LA-12 NR CLEARLAKE PARK CA",2023-09-20,09:40:05,"LOWER","LA-12",38.961425,-122.672636,23.27,365.4,722.1,6.36,FALSE,74.6,FALSE,8.26,8.21,2.64,29.64,8,TRUE
3.86e+14,"CLEAR LK A MOORING LA-12 NR CLEARLAKE PARK CA",2023-09-20,09:41:11,"LOWER","LA-12",38.961425,-122.672636,23.264,365.5,722.1,6.3,FALSE,73.8,FALSE,8.25,7.44,2.12,29.62,8.6,FALSE
3.86e+14,"CLEAR LK A MOORING LA-12 NR CLEARLAKE PARK CA",2023-09-20,09:43:21,"LOWER","LA-12",38.961425,-122.672636,23.258,365.6,722.1,6.18,FALSE,72.4,FALSE,8.23,9.28,2.7,29.36,9,FALSE
3.86e+14,"CLEAR LK A MOORING LA-03 NR CLEARLAKE PARK CA",2023-09-20,10:10:12,"LOWER","LA-03",38.982994,-122.716986,23.498,358.6,722.2,8.62,FALSE,101.5,FALSE,8.64,7.04,1.87,30.38,0.497,FALSE
3.86e+14,"CLEAR LK A MOORING LA-03 NR CLEARLAKE PARK CA",2023-09-20,10:11:46,"LOWER","LA-03",38.982994,-122.716986,23.512,358.5,722.2,8.68,FALSE,102.3,FALSE,8.64,10.31,1.61,30.27,1.037,FALSE
3.86e+14,"CLEAR LK A MOORING LA-03 NR CLEARLAKE PARK CA",2023-09-20,10:13:02,"LOWER","LA-03",38.982994,-122.716986,23.431,359.7,722.1,8.15,FALSE,95.9,FALSE,8.59,7.27,1.64,30.89,1.594,FALSE
3.86e+14,"CLEAR LK A MOORING LA-03 NR CLEARLAKE PARK CA",2023-09-20,10:14:00,"LOWER","LA-03",38.982994,-122.716986,23.437,359.5,722.1,7.97,FALSE,93.7,FALSE,8.59,7.13,1.62,30.84,2.02,FALSE
3.86e+14,"CLEAR LK A MOORING LA-03 NR CLEARLAKE PARK CA",2023-09-20,10:15:33,"LOWER","LA-03",38.982994,-122.716986,23.396,360.3,722.1,7.68,FALSE,90.3,FALSE,8.56,9.15,1.77,31.06,2.491,TRUE
3.86e+14,"CLEAR LK A MOORING LA-03 NR CLEARLAKE PARK CA",2023-09-20,10:16:47,"LOWER","LA-03",38.982994,-122.716986,23.31,361.4,722.1,6.74,FALSE,79.1,FALSE,8.48,8.56,1.19,31.77,3.034,FALSE
3.86e+14,"CLEAR LK A MOORING LA-03 NR CLEARLAKE PARK CA",2023-09-20,10:18:36,"LOWER","LA-03",38.982994,-122.716986,23.3,361.3,722.1,6.77,FALSE,79.5,FALSE,8.49,9.24,1.59,31.64,3.576,FALSE
3.86e+14,"CLEAR LK A MOORING LA-03 NR CLEARLAKE PARK CA",2023-09-20,10:19:48,"LOWER","LA-03",38.982994,-122.716986,23.295,361.4,722.1,6.74,FALSE,79.1,FALSE,8.49,6.73,1.82,31.73,4.067,FALSE
3.86e+14,"CLEAR LK A MOORING LA-03 NR CLEARLAKE PARK CA",2023-09-20,10:21:20,"LOWER","LA-03",38.982994,-122.716986,23.285,361.6,722.2,6.56,FALSE,77,FALSE,8.47,6.3,1.88,31.76,4.51,FALSE
3.86e+14,"CLEAR LK A MOORING LA-03 NR CLEARLAKE PARK CA",2023-09-20,10:22:41,"LOWER","LA-03",38.982994,-122.716986,23.277,361.7,722.1,6.46,FALSE,75.7,FALSE,8.47,11.11,2.22,31.74,5.043,FALSE
3.86e+14,"CLEAR LK A MOORING LA-03 NR CLEARLAKE PARK CA",2023-09-20,10:24:03,"LOWER","LA-03",38.982994,-122.716986,23.262,362.2,722.1,6.24,FALSE,73.2,FALSE,8.44,7.16,1.7,31.99,5.497,FALSE
3.86e+14,"CLEAR LK A MOORING LA-03 NR CLEARLAKE PARK CA",2023-09-20,10:25:36,"LOWER","LA-03",38.982994,-122.716986,23.258,362.1,722.1,6.16,FALSE,72.2,FALSE,8.44,11.66,1.85,31.89,6.037,FALSE
3.86e+14,"CLEAR LK A MOORING LA-03 NR CLEARLAKE PARK CA",2023-09-20,10:27:02,"LOWER","LA-03",38.982994,-122.716986,23.252,362.2,722.1,6.14,FALSE,72,FALSE,8.44,9.94,2.43,31.82,6.528,FALSE
3.86e+14,"CLEAR LK A MOORING LA-03 NR CLEARLAKE PARK CA",2023-09-20,10:28:37,"LOWER","LA-03",38.982994,-122.716986,23.244,362.3,722.1,6.08,FALSE,71.3,FALSE,8.43,7.2,2.12,31.87,6.98,FALSE
3.86e+14,"CLEAR LK A MOORING LA-03 NR CLEARLAKE PARK CA",2023-09-20,10:30:55,"LOWER","LA-03",38.982994,-122.716986,23.237,362.4,722,5.99,FALSE,70.2,FALSE,8.43,6.19,1.6,31.93,7.513,FALSE
3.86e+14,"CLEAR LK A MOORING LA-03 NR CLEARLAKE PARK CA",2023-09-20,10:32:37,"LOWER","LA-03",38.982994,-122.716986,23.23,362.4,722,5.86,FALSE,68.7,FALSE,8.41,8.14,1.61,31.79,8.01,FALSE
3.86e+14,"CLEAR LK A MOORING LA-03 NR CLEARLAKE PARK CA",2023-09-20,10:34:50,"LOWER","LA-03",38.982994,-122.716986,23.23,362.4,722,5.93,FALSE,69.5,FALSE,8.42,8.24,1.84,31.8,8.515,FALSE
3.86e+14,"CLEAR LK A MOORING LA-03 NR CLEARLAKE PARK CA",2023-09-20,10:37:29,"LOWER","LA-03",38.982994,-122.716986,23.229,362.5,722,5.82,FALSE,68.2,FALSE,8.41,8.76,1.76,31.86,9.004,FALSE
3.86e+14,"CLEAR LK A MOORING LA-03 NR CLEARLAKE PARK CA",2023-09-20,10:38:57,"LOWER","LA-03",38.982994,-122.716986,23.226,362.9,722,5.64,FALSE,66.1,FALSE,8.39,7.51,1.69,31.74,9.536,FALSE
3.86e+14,"CLEAR LK A MOORING LA-03 NR CLEARLAKE PARK CA",2023-09-20,10:40:46,"LOWER","LA-03",38.982994,-122.716986,23.221,363.2,722,5.43,FALSE,63.6,FALSE,8.36,9.57,2.13,31.87,10.012,FALSE
3.86e+14,"CLEAR LK A MOORING LA-03 NR CLEARLAKE PARK CA",2023-09-20,10:42:08,"LOWER","LA-03",38.982994,-122.716986,23.213,363.4,721.9,5.33,FALSE,62.4,FALSE,8.34,6.92,1.89,31.79,10.512,FALSE
3.86e+14,"CLEAR LK A MOORING LA-03 NR CLEARLAKE PARK CA",2023-09-20,10:43:45,"LOWER","LA-03",38.982994,-122.716986,23.207,363.5,721.9,5.19,FALSE,60.8,FALSE,8.32,7.46,1.51,31.88,11.015,FALSE
3.86e+14,"CLEAR LK A MOORING LA-03 NR CLEARLAKE PARK CA",2023-09-20,10:45:25,"LOWER","LA-03",38.982994,-122.716986,23.188,365.3,721.9,4.04,FALSE,47.3,FALSE,8.18,6.24,2.32,32.35,11.54,TRUE
3.86e+14,"CLEAR LK A MOORING LA-03 NR CLEARLAKE PARK CA",2023-09-20,10:46:52,"LOWER","LA-03",38.982994,-122.716986,23.171,366.9,722,3.29,FALSE,38.6,FALSE,8.07,8.31,1.51,31.94,12.006,FALSE
3.86e+14,"CLEAR LK A MOORING LA-03 NR CLEARLAKE PARK CA",2023-09-20,10:48:23,"LOWER","LA-03",38.982994,-122.716986,23.169,367,721.9,3.18,FALSE,37.2,FALSE,8.05,5.05,1.92,31.97,12.535,FALSE
3.9e+14,"CLEAR LK A MOORING LA-11 NR BUCKINGHAM PARK CA",2023-09-20,11:54:57,"LOWER","LA-11",39.001306,-122.736878,23.929,361.1,721.5,8.21,FALSE,97.5,FALSE,8.6,6.83,2.31,29.25,0.515,FALSE
3.9e+14,"CLEAR LK A MOORING LA-11 NR BUCKINGHAM PARK CA",2023-09-20,11:56:34,"LOWER","LA-11",39.001306,-122.736878,23.671,360.8,721.5,8.16,FALSE,96.4,FALSE,8.6,11.17,1.8,29.84,1.006,FALSE
3.9e+14,"CLEAR LK A MOORING LA-11 NR BUCKINGHAM PARK CA",2023-09-20,11:58:09,"LOWER","LA-11",39.001306,-122.736878,23.593,361.1,721.6,7.81,FALSE,92.2,FALSE,8.57,5.44,2.31,30.19,1.51,FALSE
3.9e+14,"CLEAR LK A MOORING LA-11 NR BUCKINGHAM PARK CA",2023-09-20,11:59:47,"LOWER","LA-11",39.001306,-122.736878,23.502,362,721.5,7.07,FALSE,83.3,FALSE,8.51,13.1,2.14,30.31,2.015,FALSE
3.9e+14,"CLEAR LK A MOORING LA-11 NR BUCKINGHAM PARK CA",2023-09-20,12:02:45,"LOWER","LA-11",39.001306,-122.736878,23.339,363.4,721.5,6.03,FALSE,70.8,FALSE,8.39,10.95,1.71,30.81,2.507,TRUE
3.9e+14,"CLEAR LK A MOORING LA-11 NR BUCKINGHAM PARK CA",2023-09-20,12:04:33,"LOWER","LA-11",39.001306,-122.736878,23.24,364,721.5,5.52,FALSE,64.8,FALSE,8.35,6.42,2.03,31.23,2.999,FALSE
3.9e+14,"CLEAR LK A MOORING LA-11 NR BUCKINGHAM PARK CA",2023-09-20,12:06:16,"LOWER","LA-11",39.001306,-122.736878,23.178,364.1,721.4,5.28,FALSE,61.8,FALSE,8.33,4.92,1.49,31.15,3.508,FALSE
3.9e+14,"CLEAR LK A MOORING LA-11 NR BUCKINGHAM PARK CA",2023-09-20,12:08:23,"LOWER","LA-11",39.001306,-122.736878,23.144,364.1,721.5,5.02,FALSE,58.7,FALSE,8.31,6.19,1.71,31.43,4.003,FALSE
3.9e+14,"CLEAR LK A MOORING LA-11 NR BUCKINGHAM PARK CA",2023-09-20,12:09:57,"LOWER","LA-11",39.001306,-122.736878,23.11,364.3,721.4,4.77,FALSE,55.8,FALSE,8.29,3.65,1.77,31.69,4.509,FALSE
3.9e+14,"CLEAR LK A MOORING LA-11 NR BUCKINGHAM PARK CA",2023-09-20,12:11:57,"LOWER","LA-11",39.001306,-122.736878,23.078,364.4,721.3,4.61,FALSE,53.8,FALSE,8.27,5.09,2.29,31.82,5.013,FALSE
3.9e+14,"CLEAR LK A MOORING LA-11 NR BUCKINGHAM PARK CA",2023-09-20,12:13:52,"LOWER","LA-11",39.001306,-122.736878,23.043,364.8,721.4,4.12,FALSE,48.2,FALSE,8.22,9.88,2.51,32.01,5.525,FALSE
3.9e+14,"CLEAR LK A MOORING LA-11 NR BUCKINGHAM PARK CA",2023-09-20,12:15:54,"LOWER","LA-11",39.001306,-122.736878,23.029,365.3,721.3,3.7,FALSE,43.2,FALSE,8.17,7.05,2.32,32.27,6.002,FALSE
3.9e+14,"CLEAR LK A MOORING LA-11 NR BUCKINGHAM PARK CA",2023-09-20,12:18:00,"LOWER","LA-11",39.001306,-122.736878,23.017,366.1,721.3,2.94,FALSE,34.3,FALSE,8.08,5.97,1.67,32.83,6.515,FALSE
3.9e+14,"CLEAR LK A MOORING LA-11 NR BUCKINGHAM PARK CA",2023-09-20,12:19:57,"LOWER","LA-11",39.001306,-122.736878,23.008,366.5,721.2,2.43,FALSE,28.4,FALSE,8.03,3.85,1.62,33.45,7.014,FALSE
3.9e+14,"CLEAR LK A MOORING LA-11 NR BUCKINGHAM PARK CA",2023-09-20,12:21:56,"LOWER","LA-11",39.001306,-122.736878,23.002,366.9,721.2,2.1,FALSE,24.5,FALSE,7.98,6.43,2.04,32.96,7.52,TRUE
3.9e+14,"CLEAR LK A MOORING LA-11 NR BUCKINGHAM PARK CA",2023-09-20,12:23:42,"LOWER","LA-11",39.001306,-122.736878,22.997,367.2,721.1,1.86,FALSE,21.7,FALSE,7.95,6.26,1.55,33.16,8.003,FALSE
3.9e+14,"CLEAR LK A MOORING UA-01 NR SODA BAY CA",2023-09-21,09:03:31,"UPPER","UA-01",39.023994,-122.787986,22.862,361,722.4,5.43,FALSE,63.1,FALSE,8.38,5.28,3.63,27.22,0.494,FALSE
3.9e+14,"CLEAR LK A MOORING UA-01 NR SODA BAY CA",2023-09-21,09:04:24,"UPPER","UA-01",39.023994,-122.787986,22.855,361.2,722.4,5.29,FALSE,61.6,FALSE,8.36,5.44,3.82,27.45,1.039,FALSE
3.9e+14,"CLEAR LK A MOORING UA-01 NR SODA BAY CA",2023-09-21,09:06:27,"UPPER","UA-01",39.023994,-122.787986,22.857,361,722.4,5.36,FALSE,62.3,FALSE,8.37,5.59,3.9,27.34,1.505,FALSE
3.9e+14,"CLEAR LK A MOORING UA-01 NR SODA BAY CA",2023-09-21,09:07:48,"UPPER","UA-01",39.023994,-122.787986,22.853,361.2,722.4,5.25,FALSE,61.1,FALSE,8.36,5.89,4.21,27.35,2.037,FALSE
3.9e+14,"CLEAR LK A MOORING UA-01 NR SODA BAY CA",2023-09-21,09:10:33,"UPPER","UA-01",39.023994,-122.787986,22.851,361.3,722.4,5.29,FALSE,61.6,FALSE,8.37,5.95,4.23,27.42,2.507,TRUE
3.9e+14,"CLEAR LK A MOORING UA-01 NR SODA BAY CA",2023-09-21,09:11:46,"UPPER","UA-01",39.023994,-122.787986,22.85,361.3,722.4,5.24,FALSE,60.9,FALSE,8.36,5.25,4.22,27.53,3.013,FALSE
3.9e+14,"CLEAR LK A MOORING UA-01 NR SODA BAY CA",2023-09-21,09:13:45,"UPPER","UA-01",39.023994,-122.787986,22.849,361.3,722.4,5.23,FALSE,60.9,FALSE,8.36,6.49,3.99,27.28,3.522,FALSE
3.9e+14,"CLEAR LK A MOORING UA-01 NR SODA BAY CA",2023-09-21,09:14:39,"UPPER","UA-01",39.023994,-122.787986,22.847,361.4,722.4,5.22,FALSE,60.7,FALSE,8.36,5.21,4.14,27.51,3.991,FALSE
3.9e+14,"CLEAR LK A MOORING UA-01 NR SODA BAY CA",2023-09-21,09:15:31,"UPPER","UA-01",39.023994,-122.787986,22.848,361.3,722.4,5.24,FALSE,61,FALSE,8.37,6.12,4.02,27.45,3.971,FALSE
3.9e+14,"CLEAR LK A MOORING UA-01 NR SODA BAY CA",2023-09-21,09:17:27,"UPPER","UA-01",39.023994,-122.787986,22.848,361.2,722.4,5.24,FALSE,60.9,FALSE,8.36,5.9,4.17,27.3,4.539,FALSE
3.9e+14,"CLEAR LK A MOORING UA-01 NR SODA BAY CA",2023-09-21,09:18:21,"UPPER","UA-01",39.023994,-122.787986,22.848,361.2,722.4,5.23,FALSE,60.9,FALSE,8.36,5.79,4.93,27.28,5.033,FALSE
3.9e+14,"CLEAR LK A MOORING UA-01 NR SODA BAY CA",2023-09-21,09:19:51,"UPPER","UA-01",39.023994,-122.787986,22.848,361.1,722.4,5.23,FALSE,60.8,FALSE,8.37,5.05,4.24,27.36,5.514,FALSE
3.9e+14,"CLEAR LK A MOORING UA-01 NR SODA BAY CA",2023-09-21,09:21:14,"UPPER","UA-01",39.023994,-122.787986,22.849,361.1,722.4,5.23,FALSE,60.8,FALSE,8.36,5.5,4.23,27.4,6.035,FALSE
3.9e+14,"CLEAR LK A MOORING UA-01 NR SODA BAY CA",2023-09-21,09:23:37,"UPPER","UA-01",39.023994,-122.787986,22.843,361.4,722.4,5.08,FALSE,59.1,FALSE,8.35,6.26,4.02,27.47,6.571,FALSE
3.9e+14,"CLEAR LK A MOORING UA-01 NR SODA BAY CA",2023-09-21,09:25:54,"UPPER","UA-01",39.023994,-122.787986,22.846,361.4,722.4,5.07,FALSE,59,FALSE,8.35,6.43,4.21,27.46,7.028,TRUE
3.9e+14,"CLEAR LK A MOORING UA-01 NR SODA BAY CA",2023-09-21,09:26:43,"UPPER","UA-01",39.023994,-122.787986,22.843,361.4,722.4,5.08,FALSE,59.1,FALSE,8.35,5.74,4.05,27.51,7.46,FALSE
3.9e+14,"CLEAR LK A MOORING UA-06 NR LUCERNE CA",2023-09-21,10:03:12,"UPPER","UA-06",39.060994,-122.816986,22.604,359.9,722.4,5.01,FALSE,58,FALSE,8.39,6.44,4.94,26.78,0.986,FALSE
3.9e+14,"CLEAR LK A MOORING UA-06 NR LUCERNE CA",2023-09-21,10:04:09,"UPPER","UA-06",39.060994,-122.816986,22.56,360.4,722.4,4.48,FALSE,51.8,FALSE,8.34,6.32,5.55,27.09,1.513,FALSE
3.9e+14,"CLEAR LK A MOORING UA-06 NR LUCERNE CA",2023-09-21,10:05:47,"UPPER","UA-06",39.060994,-122.816986,22.557,360.5,722.4,4.34,FALSE,50.2,FALSE,8.34,6.11,6.31,26.97,2,FALSE
3.9e+14,"CLEAR LK A MOORING UA-06 NR LUCERNE CA",2023-09-21,10:09:07,"UPPER","UA-06",39.060994,-122.816986,22.55,360.7,722.4,4.23,FALSE,49,FALSE,8.33,6.65,6.49,27,2.506,TRUE
3.9e+14,"CLEAR LK A MOORING UA-06 NR LUCERNE CA",2023-09-21,10:10:10,"UPPER","UA-06",39.060994,-122.816986,22.548,360.8,722.4,4.22,FALSE,48.8,FALSE,8.32,6.16,5.54,27.05,3.063,FALSE
3.9e+14,"CLEAR LK A MOORING UA-06 NR LUCERNE CA",2023-09-21,10:11:19,"UPPER","UA-06",39.060994,-122.816986,22.549,360.8,722.4,4.21,FALSE,48.7,FALSE,8.32,7.21,5.5,26.94,3.509,FALSE
3.9e+14,"CLEAR LK A MOORING UA-06 NR LUCERNE CA",2023-09-21,10:14:05,"UPPER","UA-06",39.060994,-122.816986,22.545,360.9,722.4,4.12,FALSE,47.7,FALSE,8.31,6.88,4.9,26.87,5.084,FALSE
3.9e+14,"CLEAR LK A MOORING UA-06 NR LUCERNE CA",2023-09-21,10:15:27,"UPPER","UA-06",39.060994,-122.816986,22.545,360.7,722.4,4.16,FALSE,48.1,FALSE,8.32,6.65,5.28,26.96,5.517,FALSE
3.9e+14,"CLEAR LK A MOORING UA-06 NR LUCERNE CA",2023-09-21,10:17:40,"UPPER","UA-06",39.060994,-122.816986,22.545,360.8,722.4,4.16,FALSE,48.1,FALSE,8.32,6.97,5.32,26.82,6.035,FALSE
3.9e+14,"CLEAR LK A MOORING UA-06 NR LUCERNE CA",2023-09-21,10:19:23,"UPPER","UA-06",39.060994,-122.816986,22.542,360.9,722.4,4.17,FALSE,48.3,FALSE,8.32,7.33,5.13,26.85,6.567,FALSE
3.9e+14,"CLEAR LK A MOORING UA-06 NR LUCERNE CA",2023-09-21,10:21:35,"UPPER","UA-06",39.060994,-122.816986,22.542,360.8,722.4,4.17,FALSE,48.3,FALSE,8.32,6.78,5.21,26.87,7.006,FALSE
3.9e+14,"CLEAR LK A MOORING UA-06 NR LUCERNE CA",2023-09-21,10:22:42,"UPPER","UA-06",39.060994,-122.816986,22.541,360.9,722.4,4.11,FALSE,47.6,FALSE,8.31,7.13,5.29,26.93,7.493,FALSE
3.9e+14,"CLEAR LK A MOORING UA-06 NR LUCERNE CA",2023-09-21,10:24:38,"UPPER","UA-06",39.060994,-122.816986,22.541,361,722.3,4.06,FALSE,46.9,FALSE,8.3,7.56,5.13,26.85,7.948,TRUE
3.9e+14,"CLEAR LK A MOORING UA-06 NR LUCERNE CA",2023-09-21,10:26:54,"UPPER","UA-06",39.060994,-122.816986,22.54,360.9,722.4,4.04,FALSE,46.8,FALSE,8.3,7.12,5.26,26.73,8.494,FALSE
3.9e+14,"CLEAR LK A MOORING UA-06 NR LUCERNE CA",2023-09-21,10:27:55,"UPPER","UA-06",39.060994,-122.816986,22.539,361.1,722.4,4.01,FALSE,46.4,FALSE,8.29,8.99,4.95,26.64,8.875,FALSE
3.91e+14,"CLEAR LK A MOORING UA-08 NR NICE CA",2023-09-21,10:51:31,"UPPER","UA-08",39.093994,-122.846986,23.025,358,722.4,6.46,FALSE,75.4,FALSE,8.55,5.98,4.76,26.33,0.49,FALSE
3.91e+14,"CLEAR LK A MOORING UA-08 NR NICE CA",2023-09-21,10:52:47,"UPPER","UA-08",39.093994,-122.846986,22.878,358.5,722.2,6.02,FALSE,70.1,FALSE,8.5,6.39,4.91,26.58,1.132,FALSE
3.91e+14,"CLEAR LK A MOORING UA-08 NR NICE CA",2023-09-21,10:53:44,"UPPER","UA-08",39.093994,-122.846986,22.769,360.2,722.4,4.74,FALSE,55.1,FALSE,8.39,6.39,5.95,26.85,1.489,FALSE
3.91e+14,"CLEAR LK A MOORING UA-08 NR NICE CA",2023-09-21,10:54:39,"UPPER","UA-08",39.093994,-122.846986,22.754,360.4,722.4,4.38,FALSE,50.8,FALSE,8.36,6.17,4.97,26.82,2.042,FALSE
3.91e+14,"CLEAR LK A MOORING UA-08 NR NICE CA",2023-09-21,10:56:33,"UPPER","UA-08",39.093994,-122.846986,22.755,360.5,722.3,4.37,FALSE,50.7,FALSE,8.36,6.39,5.03,26.92,2.509,TRUE
3.91e+14,"CLEAR LK A MOORING UA-08 NR NICE CA",2023-09-21,11:00:09,"UPPER","UA-08",39.093994,-122.846986,22.754,360.5,722.2,4.33,FALSE,50.3,FALSE,8.36,6.27,5.16,26.85,3.068,FALSE
3.91e+14,"CLEAR LK A MOORING UA-08 NR NICE CA",2023-09-21,11:01:54,"UPPER","UA-08",39.093994,-122.846986,22.754,360.5,722.3,4.32,FALSE,50.2,FALSE,8.36,6.65,5.32,26.79,3.433,FALSE
3.91e+14,"CLEAR LK A MOORING UA-08 NR NICE CA",2023-09-21,11:03:24,"UPPER","UA-08",39.093994,-122.846986,22.747,360.7,722.4,4.22,FALSE,49,FALSE,8.34,6.87,5.12,26.72,4.044,FALSE
3.91e+14,"CLEAR LK A MOORING UA-08 NR NICE CA",2023-09-21,11:05:40,"UPPER","UA-08",39.093994,-122.846986,22.746,360.7,722.3,4.1,FALSE,47.7,FALSE,8.34,6.65,5.21,26.82,4.542,FALSE
3.91e+14,"CLEAR LK A MOORING UA-08 NR NICE CA",2023-09-21,11:06:35,"UPPER","UA-08",39.093994,-122.846986,22.74,360.9,722.2,4.06,FALSE,47.1,FALSE,8.33,6.78,4.95,27.03,5.006,FALSE
3.91e+14,"CLEAR LK A MOORING UA-08 NR NICE CA",2023-09-21,11:08:34,"UPPER","UA-08",39.093994,-122.846986,22.73,361,722.2,4.07,FALSE,47.2,FALSE,8.34,5.75,4.84,27,5.493,FALSE
3.91e+14,"CLEAR LK A MOORING UA-08 NR NICE CA",2023-09-21,11:09:58,"UPPER","UA-08",39.093994,-122.846986,22.73,361,722.3,4,FALSE,46.4,FALSE,8.33,7.3,5.2,26.95,5.956,TRUE
3.91e+14,"CLEAR LK A MOORING UA-08 NR NICE CA",2023-09-21,11:11:02,"UPPER","UA-08",39.093994,-122.846986,22.723,361.2,722.3,3.92,FALSE,45.5,FALSE,8.32,6.74,4.93,26.93,6.534,FALSE
3.91e+14,"CLEAR LK A MOORING UA-08 NR NICE CA",2023-09-21,11:13:04,"UPPER","UA-08",39.093994,-122.846986,22.723,361.3,722.3,3.82,FALSE,44.4,FALSE,8.31,7.42,5.06,26.82,7.01,FALSE
3.9e+14,"CLEAR LK A MOORING UA-06 NR LUCERNE CA",2023-09-21,11:36:12,"UPPER","UA-06",39.060994,-122.816986,22.54,360.7,722.2,4.24,FALSE,49,FALSE,8.29,6.26,5.11,26.92,4.082,FALSE
3.9e+14,"CLEAR LK A MOORING UA-06 NR LUCERNE CA",2023-09-21,11:37:33,"UPPER","UA-06",39.060994,-122.816986,22.54,360.9,722.2,4.2,FALSE,48.6,FALSE,8.29,6.49,5.22,26.81,4.53,FALSE
3.9e+14,"CLEAR LK A MOORING OA-10 NR CLEARLAKE OAKS CA",2024-07-17,11:10:18,"OAKS","OA-10",39.005078,-122.677356,27.21,NA,726.6,7.63,FALSE,96.2,FALSE,NA,NA,NA,NA,2.128,FALSE
3.9e+14,"CLEAR LK A MOORING OA-10 NR CLEARLAKE OAKS CA",2024-07-17,11:10:43,"OAKS","OA-10",39.005078,-122.677356,27.169,NA,726.6,7.6,FALSE,95.8,FALSE,NA,NA,NA,NA,3.094,FALSE
3.9e+14,"CLEAR LK A MOORING OA-10 NR CLEARLAKE OAKS CA",2024-07-17,11:11:05,"OAKS","OA-10",39.005078,-122.677356,27.077,NA,726.6,7.83,FALSE,98.5,FALSE,NA,NA,NA,NA,4.129,FALSE
3.9e+14,"CLEAR LK A MOORING OA-10 NR CLEARLAKE OAKS CA",2024-07-17,11:11:40,"OAKS","OA-10",39.005078,-122.677356,27.051,NA,726.7,7.7,FALSE,96.8,FALSE,NA,NA,NA,NA,5.043,FALSE
3.9e+14,"CLEAR LK A MOORING OA-10 NR CLEARLAKE OAKS CA",2024-07-17,11:12:12,"OAKS","OA-10",39.005078,-122.677356,27.033,NA,726.7,7.76,FALSE,97.5,FALSE,NA,NA,NA,NA,6.013,FALSE
3.9e+14,"CLEAR LK A MOORING OA-10 NR CLEARLAKE OAKS CA",2024-07-17,11:12:42,"OAKS","OA-10",39.005078,-122.677356,26.973,NA,726.7,7.53,FALSE,94.6,FALSE,NA,NA,NA,NA,7.066,FALSE
3.9e+14,"CLEAR LK A MOORING OA-10 NR CLEARLAKE OAKS CA",2024-07-17,11:13:12,"OAKS","OA-10",39.005078,-122.677356,26.894,NA,726.7,6.96,FALSE,87.2,FALSE,NA,NA,NA,NA,8.124,FALSE
3.9e+14,"CLEAR LK A MOORING OA-10 NR CLEARLAKE OAKS CA",2024-07-17,11:13:39,"OAKS","OA-10",39.005078,-122.677356,26.835,NA,726.7,6.41,FALSE,80.3,FALSE,NA,NA,NA,NA,8.557,FALSE
3.9e+14,"CLEAR LK A MOORING OA-10 NR CLEARLAKE OAKS CA",2024-07-17,11:14:36,"OAKS","OA-10",39.005078,-122.677356,26.803,NA,726.6,6.16,FALSE,77,FALSE,NA,NA,NA,NA,8.811,FALSE
3.9e+14,"CLEAR LK A MOORING OA-10 NR CLEARLAKE OAKS CA",2024-07-17,11:15:15,"OAKS","OA-10",39.005078,-122.677356,26.774,NA,726.7,5.98,FALSE,74.8,FALSE,NA,NA,NA,NA,8.972,FALSE
3.9e+14,"CLEAR LK A MOORING OA-04 NR CLEARLAKE OAKS CA",2024-07-17,12:45:05,"OAKS","OA-04",39.012694,-122.698986,27.14,NA,726.5,8.95,FALSE,112.7,FALSE,NA,NA,NA,NA,1.704,FALSE
3.9e+14,"CLEAR LK A MOORING OA-04 NR CLEARLAKE OAKS CA",2024-07-17,12:45:38,"OAKS","OA-04",39.012694,-122.698986,26.855,NA,726.5,8.36,FALSE,104.8,FALSE,NA,NA,NA,NA,6.021,FALSE
3.9e+14,"CLEAR LK A MOORING OA-04 NR CLEARLAKE OAKS CA",2024-07-17,12:46:56,"OAKS","OA-04",39.012694,-122.698986,25.987,NA,726.5,4.72,FALSE,58.1,FALSE,NA,NA,NA,NA,9.648,FALSE
3.9e+14,"CLEAR LK A MOORING OA-04 NR CLEARLAKE OAKS CA",2024-07-17,12:47:33,"OAKS","OA-04",39.012694,-122.698986,23.494,NA,726.5,0.32,FALSE,3.8,FALSE,NA,NA,NA,NA,10.351,FALSE
3.9e+14,"CLEAR LK A MOORING OA-04 NR CLEARLAKE OAKS CA",2024-07-17,12:48:26,"OAKS","OA-04",39.012694,-122.698986,23.186,NA,726.5,0.06,TRUE,0.8,TRUE,NA,NA,NA,NA,11.022,FALSE
3.9e+14,"CLEAR LK A MOORING OA-04 NR CLEARLAKE OAKS CA",2024-07-17,12:49:03,"OAKS","OA-04",39.012694,-122.698986,23.176,NA,726.6,0,TRUE,0,TRUE,NA,NA,NA,NA,11.332,FALSE
3.9e+14,"CLEAR LK A MOORING OA-04 NR CLEARLAKE OAKS CA",2024-07-17,12:52:23,"OAKS","OA-04",39.012694,-122.698986,23.172,NA,726.5,-0.01,TRUE,-0.1,TRUE,NA,NA,NA,NA,11.67,FALSE
3.9e+14,"CLEAR LK A MOORING OA-04 NR CLEARLAKE OAKS CA",2024-07-17,12:52:53,"OAKS","OA-04",39.012694,-122.698986,23.193,NA,726.4,-0.07,TRUE,-0.8,TRUE,NA,NA,NA,NA,10.965,FALSE
3.9e+14,"CLEAR LK A MOORING OA-10 NR CLEARLAKE OAKS CA",2024-07-25,11:13:40,"OAKS","OA-10",39.005078,-122.677356,27.402,313.9,727.6,9.87,FALSE,124.8,FALSE,9.02,3.93,NA,24.91,8.04,FALSE
3.9e+14,"CLEAR LK A MOORING OA-10 NR CLEARLAKE OAKS CA",2024-07-25,11:16:26,"OAKS","OA-10",39.005078,-122.677356,27.582,314.5,727.6,9.63,FALSE,122.2,FALSE,9.02,4.59,NA,25.1,3.063,FALSE
3.9e+14,"CLEAR LK A MOORING OA-10 NR CLEARLAKE OAKS CA",2024-07-25,11:22:10,"OAKS","OA-10",39.005078,-122.677356,27.698,313.3,727.6,10.36,FALSE,131.8,FALSE,9.02,10.38,NA,24.03,0.625,FALSE
3.9e+14,"CLEAR LK A MOORING OA-10 NR CLEARLAKE OAKS CA",2024-07-25,11:23:08,"OAKS","OA-10",39.005078,-122.677356,27.676,313.5,727.6,10.29,FALSE,130.9,FALSE,9.02,5.28,NA,24.19,1.094,FALSE
3.9e+14,"CLEAR LK A MOORING OA-10 NR CLEARLAKE OAKS CA",2024-07-25,11:23:39,"OAKS","OA-10",39.005078,-122.677356,27.661,313.6,727.6,10.19,FALSE,129.5,FALSE,9.02,8.33,NA,24.46,1.502,FALSE
3.9e+14,"CLEAR LK A MOORING OA-10 NR CLEARLAKE OAKS CA",2024-07-25,11:24:13,"OAKS","OA-10",39.005078,-122.677356,27.611,314.3,727.6,9.7,FALSE,123.2,FALSE,9.02,6.02,NA,25.04,2.116,FALSE
3.9e+14,"CLEAR LK A MOORING OA-10 NR CLEARLAKE OAKS CA",2024-07-25,11:25:21,"OAKS","OA-10",39.005078,-122.677356,27.597,314.4,727.5,9.59,FALSE,121.7,FALSE,9.02,5.84,NA,25.08,2.54,FALSE
3.9e+14,"CLEAR LK A MOORING OA-10 NR CLEARLAKE OAKS CA",2024-07-25,11:26:01,"OAKS","OA-10",39.005078,-122.677356,27.581,314.6,727.5,9.57,FALSE,121.5,FALSE,9.02,6.15,NA,25.11,3.118,TRUE
3.9e+14,"CLEAR LK A MOORING OA-10 NR CLEARLAKE OAKS CA",2024-07-25,11:26:42,"OAKS","OA-10",39.005078,-122.677356,27.569,314.1,727.6,9.7,FALSE,123,FALSE,9.02,8.19,NA,25.1,3.475,FALSE
3.9e+14,"CLEAR LK A MOORING OA-10 NR CLEARLAKE OAKS CA",2024-07-25,11:27:21,"OAKS","OA-10",39.005078,-122.677356,27.547,313.8,727.6,9.78,FALSE,124.1,FALSE,9.02,4.07,NA,24.83,3.994,FALSE
3.9e+14,"CLEAR LK A MOORING OA-10 NR CLEARLAKE OAKS CA",2024-07-25,11:27:53,"OAKS","OA-10",39.005078,-122.677356,27.521,313.7,727.5,10.01,FALSE,126.9,FALSE,9.02,7.24,NA,24.84,4.461,FALSE
3.9e+14,"CLEAR LK A MOORING OA-10 NR CLEARLAKE OAKS CA",2024-07-25,11:28:31,"OAKS","OA-10",39.005078,-122.677356,27.502,313.4,727.6,10.18,FALSE,129,FALSE,9.02,4.73,NA,24.67,4.98,FALSE
3.9e+14,"CLEAR LK A MOORING OA-10 NR CLEARLAKE OAKS CA",2024-07-25,11:28:57,"OAKS","OA-10",39.005078,-122.677356,27.493,313.8,727.6,10.19,FALSE,129.2,FALSE,9.02,7.9,NA,24.74,5.491,FALSE
3.9e+14,"CLEAR LK A MOORING OA-10 NR CLEARLAKE OAKS CA",2024-07-25,11:29:34,"OAKS","OA-10",39.005078,-122.677356,27.463,313.9,727.6,10.05,FALSE,127.3,FALSE,9.02,5.82,NA,24.74,5.945,FALSE
3.9e+14,"CLEAR LK A MOORING OA-10 NR CLEARLAKE OAKS CA",2024-07-25,11:30:30,"OAKS","OA-10",39.005078,-122.677356,27.445,314.1,727.6,9.9,FALSE,125.3,FALSE,9.02,3.51,NA,24.99,6.512,FALSE
3.9e+14,"CLEAR LK A MOORING OA-10 NR CLEARLAKE OAKS CA",2024-07-25,11:31:38,"OAKS","OA-10",39.005078,-122.677356,27.446,313.8,727.6,9.92,FALSE,125.6,FALSE,9.02,7.87,NA,24.8,6.459,FALSE
3.9e+14,"CLEAR LK A MOORING OA-10 NR CLEARLAKE OAKS CA",2024-07-25,11:32:11,"OAKS","OA-10",39.005078,-122.677356,27.439,313.8,727.5,9.95,FALSE,125.9,FALSE,9.02,8.33,NA,25.11,7.104,FALSE
3.9e+14,"CLEAR LK A MOORING OA-10 NR CLEARLAKE OAKS CA",2024-07-25,11:33:32,"OAKS","OA-10",39.005078,-122.677356,27.432,313.8,727.5,10.01,FALSE,126.7,FALSE,9.02,2.76,NA,25.07,7.461,FALSE
3.9e+14,"CLEAR LK A MOORING OA-10 NR CLEARLAKE OAKS CA",2024-07-25,11:34:20,"OAKS","OA-10",39.005078,-122.677356,27.407,314.1,727.6,9.91,FALSE,125.4,FALSE,9.02,5.07,NA,24.85,7.95,TRUE
3.9e+14,"CLEAR LK A MOORING OA-10 NR CLEARLAKE OAKS CA",2024-07-25,11:35:35,"OAKS","OA-10",39.005078,-122.677356,27.18,317.8,727.5,7.76,FALSE,97.8,FALSE,9.02,5.63,NA,26.16,8.456,FALSE
3.9e+14,"CLEAR LK A MOORING OA-10 NR CLEARLAKE OAKS CA",2024-07-25,11:36:28,"OAKS","OA-10",39.005078,-122.677356,26.733,325.7,727.5,2.93,FALSE,36.6,FALSE,9.02,4.36,NA,28.45,8.796,FALSE
3.9e+14,"CLEAR LK A MOORING OA-10 NR CLEARLAKE OAKS CA",2024-07-25,11:37:10,"OAKS","OA-10",39.005078,-122.677356,26.581,328.6,727.5,1.38,FALSE,17.3,FALSE,9.02,2.91,NA,28.91,8.991,FALSE
3.9e+14,"CLEAR LK A MOORING OA-09 NR CLEARLAKE OAKS CA",2024-07-25,12:02:54,"OAKS","OA-09",39.005822,-122.685253,27.326,315,NA,NA,FALSE,NA,FALSE,8.98,6.01,1.78,24.17,0.523,FALSE
3.9e+14,"CLEAR LK A MOORING OA-09 NR CLEARLAKE OAKS CA",2024-07-25,12:03:36,"OAKS","OA-09",39.005822,-122.685253,27.235,315.3,NA,NA,FALSE,NA,FALSE,8.97,8.94,1.71,24.51,2.023,FALSE
3.9e+14,"CLEAR LK A MOORING OA-09 NR CLEARLAKE OAKS CA",2024-07-25,12:04:21,"OAKS","OA-09",39.005822,-122.685253,27.332,315.2,NA,NA,FALSE,NA,FALSE,8.98,9.5,1.85,24.29,0.52,FALSE
3.9e+14,"CLEAR LK A MOORING OA-09 NR CLEARLAKE OAKS CA",2024-07-25,12:04:50,"OAKS","OA-09",39.005822,-122.685253,27.314,315.1,NA,NA,FALSE,NA,FALSE,8.98,9.27,1.75,24.33,1.116,FALSE
3.9e+14,"CLEAR LK A MOORING OA-09 NR CLEARLAKE OAKS CA",2024-07-25,12:05:26,"OAKS","OA-09",39.005822,-122.685253,27.283,315.1,NA,NA,FALSE,NA,FALSE,8.98,8.34,1.71,24.11,1.51,FALSE
3.9e+14,"CLEAR LK A MOORING OA-09 NR CLEARLAKE OAKS CA",2024-07-25,12:05:59,"OAKS","OA-09",39.005822,-122.685253,27.247,315.5,NA,NA,FALSE,NA,FALSE,8.97,6.22,1.69,24.62,2.039,FALSE
3.9e+14,"CLEAR LK A MOORING OA-09 NR CLEARLAKE OAKS CA",2024-07-25,12:06:55,"OAKS","OA-09",39.005822,-122.685253,27.222,315.5,NA,NA,FALSE,NA,FALSE,8.96,5.98,1.43,24.66,2.521,FALSE
3.9e+14,"CLEAR LK A MOORING OA-09 NR CLEARLAKE OAKS CA",2024-07-25,12:07:37,"OAKS","OA-09",39.005822,-122.685253,27.241,315.4,NA,NA,FALSE,NA,FALSE,8.97,6.16,1.52,24.85,3.023,FALSE
3.9e+14,"CLEAR LK A MOORING OA-09 NR CLEARLAKE OAKS CA",2024-07-25,12:08:14,"OAKS","OA-09",39.005822,-122.685253,27.169,315.7,NA,NA,FALSE,NA,FALSE,8.94,4.89,1.3,25.26,3.552,FALSE
3.9e+14,"CLEAR LK A MOORING OA-09 NR CLEARLAKE OAKS CA",2024-07-25,12:08:50,"OAKS","OA-09",39.005822,-122.685253,27.147,316.1,NA,NA,FALSE,NA,FALSE,8.94,7.23,1.39,24.99,4.079,FALSE
3.9e+14,"CLEAR LK A MOORING OA-09 NR CLEARLAKE OAKS CA",2024-07-25,12:09:21,"OAKS","OA-09",39.005822,-122.685253,27.137,316.3,NA,NA,FALSE,NA,FALSE,8.93,4.2,1.35,25.16,4.52,FALSE
3.9e+14,"CLEAR LK A MOORING OA-09 NR CLEARLAKE OAKS CA",2024-07-25,12:09:59,"OAKS","OA-09",39.005822,-122.685253,27.123,316.2,NA,NA,FALSE,NA,FALSE,8.92,5.73,1.62,25.29,5.037,FALSE
3.9e+14,"CLEAR LK A MOORING OA-09 NR CLEARLAKE OAKS CA",2024-07-25,12:10:44,"OAKS","OA-09",39.005822,-122.685253,27.111,316.6,NA,NA,FALSE,NA,FALSE,8.91,4.78,1.87,25.3,5.556,FALSE
3.9e+14,"CLEAR LK A MOORING OA-09 NR CLEARLAKE OAKS CA",2024-07-25,12:11:17,"OAKS","OA-09",39.005822,-122.685253,27.109,316.4,NA,NA,FALSE,NA,FALSE,8.91,5.3,1.36,25.37,6.018,FALSE
3.9e+14,"CLEAR LK A MOORING OA-09 NR CLEARLAKE OAKS CA",2024-07-25,12:12:10,"OAKS","OA-09",39.005822,-122.685253,27.099,316.8,NA,NA,FALSE,NA,FALSE,8.91,6.94,1.28,25.5,6.513,FALSE
3.9e+14,"CLEAR LK A MOORING OA-09 NR CLEARLAKE OAKS CA",2024-07-25,12:12:54,"OAKS","OA-09",39.005822,-122.685253,27.091,316.5,NA,NA,FALSE,NA,FALSE,8.9,7.03,1.3,25.64,7.06,FALSE
3.9e+14,"CLEAR LK A MOORING OA-09 NR CLEARLAKE OAKS CA",2024-07-25,12:13:33,"OAKS","OA-09",39.005822,-122.685253,27.079,316.5,NA,NA,FALSE,NA,FALSE,8.9,4.26,1.13,25.62,7.556,FALSE
3.9e+14,"CLEAR LK A MOORING OA-09 NR CLEARLAKE OAKS CA",2024-07-25,12:14:19,"OAKS","OA-09",39.005822,-122.685253,27.05,316.7,NA,NA,FALSE,NA,FALSE,8.89,4.63,1.16,26.02,8.011,FALSE
3.9e+14,"CLEAR LK A MOORING OA-09 NR CLEARLAKE OAKS CA",2024-07-25,12:15:17,"OAKS","OA-09",39.005822,-122.685253,26.775,318.6,NA,NA,FALSE,NA,FALSE,8.77,3.86,0.84,26.66,8.604,FALSE
3.9e+14,"CLEAR LK A MOORING OA-09 NR CLEARLAKE OAKS CA",2024-07-25,12:16:21,"OAKS","OA-09",39.005822,-122.685253,26.775,318.5,NA,NA,FALSE,NA,FALSE,8.77,3.38,0.79,26.68,8.626,FALSE
3.9e+14,"CLEAR LK A MOORING OA-09 NR CLEARLAKE OAKS CA",2024-07-25,12:16:54,"OAKS","OA-09",39.005822,-122.685253,26.587,319.3,NA,NA,FALSE,NA,FALSE,8.73,3.2,0.82,26.73,9.063,FALSE
3.9e+14,"CLEAR LK A MOORING OA-09 NR CLEARLAKE OAKS CA",2024-07-25,12:17:37,"OAKS","OA-09",39.005822,-122.685253,26.522,319.5,NA,NA,FALSE,NA,FALSE,8.7,3.18,0.63,26.92,9.536,FALSE
3.9e+14,"CLEAR LK A MOORING OA-09 NR CLEARLAKE OAKS CA",2024-07-25,12:18:13,"OAKS","OA-09",39.005822,-122.685253,26.425,320.4,NA,NA,FALSE,NA,FALSE,8.64,2.43,0.75,27.62,10.064,FALSE
3.9e+14,"CLEAR LK A MOORING OA-09 NR CLEARLAKE OAKS CA",2024-07-25,12:18:51,"OAKS","OA-09",39.005822,-122.685253,25.816,326.7,NA,NA,FALSE,NA,FALSE,8,1.14,0.43,29.04,10.478,FALSE
3.9e+14,"CLEAR LK A MOORING OA-09 NR CLEARLAKE OAKS CA",2024-07-25,12:19:55,"OAKS","OA-09",39.005822,-122.685253,25.124,329.2,NA,NA,FALSE,NA,FALSE,7.74,1.19,0.26,29.62,10.977,FALSE
3.9e+14,"CLEAR LK A MOORING OA-09 NR CLEARLAKE OAKS CA",2024-07-25,12:20:55,"OAKS","OA-09",39.005822,-122.685253,24.982,333.7,NA,NA,FALSE,NA,FALSE,7.62,0.82,0.25,30.71,11.542,FALSE
3.9e+14,"CLEAR LK A MOORING OA-09 NR CLEARLAKE OAKS CA",2024-07-25,12:21:35,"OAKS","OA-09",39.005822,-122.685253,24.906,334.8,NA,NA,FALSE,NA,FALSE,7.61,0.95,0.19,31.23,11.98,FALSE
3.9e+14,"CLEAR LK A MOORING OA-09 NR CLEARLAKE OAKS CA",2024-07-25,12:22:46,"OAKS","OA-09",39.005822,-122.685253,24.663,342,NA,NA,FALSE,NA,FALSE,7.25,1.21,0.19,31.5,12.487,FALSE
3.9e+14,"CLEAR LK A MOORING OA-09 NR CLEARLAKE OAKS CA",2024-07-25,12:30:51,"OAKS","OA-09",39.005822,-122.685253,24.704,339.3,NA,NA,FALSE,NA,FALSE,7.2,0.89,0.19,31.66,12.478,FALSE
3.9e+14,"CLEAR LK A MOORING OA-09 NR CLEARLAKE OAKS CA",2024-07-25,12:32:41,"OAKS","OA-09",39.005822,-122.685253,24.57,346.2,NA,NA,FALSE,NA,FALSE,7.08,1.09,0.2,31.47,13.036,FALSE
3.9e+14,"CLEAR LK A MOORING OA-09 NR CLEARLAKE OAKS CA",2024-07-25,12:33:17,"OAKS","OA-09",39.005822,-122.685253,24.506,351.6,NA,NA,FALSE,NA,FALSE,6.73,0.91,0.21,31.68,13.487,FALSE
3.9e+14,"CLEAR LK A MOORING OA-09 NR CLEARLAKE OAKS CA",2024-07-25,12:34:30,"OAKS","OA-09",39.005822,-122.685253,24.506,351.4,NA,NA,FALSE,NA,FALSE,6.73,1.22,0.17,31.67,13.513,FALSE
3.9e+14,"CLEAR LK A MOORING OA-09 NR CLEARLAKE OAKS CA",2024-07-25,12:35:16,"OAKS","OA-09",39.005822,-122.685253,24.509,354.3,NA,NA,FALSE,NA,FALSE,6.5,1.08,0.21,31.82,14.069,FALSE
3.9e+14,"CLEAR LK A MOORING OA-09 NR CLEARLAKE OAKS CA",2024-07-25,12:35:58,"OAKS","OA-09",39.005822,-122.685253,24.504,354.9,NA,NA,FALSE,NA,FALSE,6.48,1.28,0.22,31.91,14.065,FALSE
3.9e+14,"CLEAR LK A MOORING OA-09 NR CLEARLAKE OAKS CA",2024-07-25,12:36:29,"OAKS","OA-09",39.005822,-122.685253,24.502,358,NA,NA,FALSE,NA,FALSE,6.4,1.12,0.21,31.98,14.562,FALSE
3.9e+14,"CLEAR LK A MOORING OA-09 NR CLEARLAKE OAKS CA",2024-07-25,12:37:10,"OAKS","OA-09",39.005822,-122.685253,24.487,361,NA,NA,FALSE,NA,FALSE,6.33,0.96,0.23,32.02,15.185,FALSE
3.9e+14,"CLEAR LK A MOORING OA-09 NR CLEARLAKE OAKS CA",2024-07-25,12:37:59,"OAKS","OA-09",39.005822,-122.685253,24.466,361.6,NA,NA,FALSE,NA,FALSE,6.31,0.9,0.22,32.11,15.521,FALSE
3.9e+14,"CLEAR LK A MOORING OA-09 NR CLEARLAKE OAKS CA",2024-07-25,12:38:35,"OAKS","OA-09",39.005822,-122.685253,24.463,361.9,NA,NA,FALSE,NA,FALSE,6.29,1.09,0.24,32.18,15.98,TRUE
3.9e+14,"CLEAR LK A MOORING OA-09 NR CLEARLAKE OAKS CA",2024-07-25,12:39:56,"OAKS","OA-09",39.005822,-122.685253,24.456,362.1,NA,NA,FALSE,NA,FALSE,6.3,1.07,0.19,32.13,16.39,FALSE
3.9e+14,"CLEAR LK A MOORING OA-09 NR CLEARLAKE OAKS CA",2024-07-25,12:40:18,"OAKS","OA-09",39.005822,-122.685253,24.447,361.4,NA,NA,FALSE,NA,FALSE,6.31,1.25,0.2,32.2,16.713,FALSE
3.9e+14,"CLEAR LK A MOORING OA-09 NR CLEARLAKE OAKS CA",2024-07-25,12:55:38,"OAKS","OA-09",39.005822,-122.685253,27.594,314.7,NA,NA,FALSE,NA,FALSE,9.01,7.87,1.91,23.91,0.595,FALSE
3.9e+14,"CLEAR LK A MOORING OA-09 NR CLEARLAKE OAKS CA",2024-07-25,12:56:19,"OAKS","OA-09",39.005822,-122.685253,27.598,314.5,NA,NA,FALSE,NA,FALSE,9.01,7.55,1.94,24.16,0.988,FALSE
3.9e+14,"CLEAR LK A MOORING OA-09 NR CLEARLAKE OAKS CA",2024-07-25,12:56:38,"OAKS","OA-09",39.005822,-122.685253,27.494,314.5,NA,NA,FALSE,NA,FALSE,9.01,6.17,2.02,24.31,1.512,FALSE
3.9e+14,"CLEAR LK A MOORING OA-09 NR CLEARLAKE OAKS CA",2024-07-25,12:57:39,"OAKS","OA-09",39.005822,-122.685253,27.402,314.8,NA,NA,FALSE,NA,FALSE,9,5.79,2.03,24.32,2.035,FALSE
3.9e+14,"CLEAR LK A MOORING OA-09 NR CLEARLAKE OAKS CA",2024-07-25,12:58:27,"OAKS","OA-09",39.005822,-122.685253,27.25,315.4,NA,NA,FALSE,NA,FALSE,8.97,5.64,2.21,24.68,2.954,FALSE
3.9e+14,"CLEAR LK A MOORING OA-09 NR CLEARLAKE OAKS CA",2024-07-25,12:59:48,"OAKS","OA-09",39.005822,-122.685253,27.21,315.3,NA,NA,FALSE,NA,FALSE,8.96,5.95,1.42,25.11,3.965,FALSE
3.9e+14,"CLEAR LK A MOORING OA-09 NR CLEARLAKE OAKS CA",2024-07-25,13:00:27,"OAKS","OA-09",39.005822,-122.685253,27.2,315.8,NA,NA,FALSE,NA,FALSE,8.95,5.55,1.86,24.82,4.967,FALSE
3.9e+14,"CLEAR LK A MOORING OA-09 NR CLEARLAKE OAKS CA",2024-07-25,13:01:31,"OAKS","OA-09",39.005822,-122.685253,27.18,315.9,NA,NA,FALSE,NA,FALSE,8.93,4.87,1.77,25.15,5.961,FALSE
3.9e+14,"CLEAR LK A MOORING OA-09 NR CLEARLAKE OAKS CA",2024-07-25,13:02:06,"OAKS","OA-09",39.005822,-122.685253,27.154,316.1,NA,NA,FALSE,NA,FALSE,8.93,3.12,1.14,25.3,6.997,FALSE
3.9e+14,"CLEAR LK A MOORING OA-09 NR CLEARLAKE OAKS CA",2024-07-25,13:03:21,"OAKS","OA-09",39.005822,-122.685253,27.111,316.4,NA,NA,FALSE,NA,FALSE,8.9,4.1,1.19,25.47,8.014,FALSE
3.9e+14,"CLEAR LK A MOORING OA-09 NR CLEARLAKE OAKS CA",2024-07-25,13:04:02,"OAKS","OA-09",39.005822,-122.685253,26.748,318.3,NA,NA,FALSE,NA,FALSE,8.79,3.14,0.75,26.57,8.953,FALSE
3.9e+14,"CLEAR LK A MOORING OA-09 NR CLEARLAKE OAKS CA",2024-07-25,13:04:28,"OAKS","OA-09",39.005822,-122.685253,26.591,319.2,NA,NA,FALSE,NA,FALSE,8.73,2.89,1.28,26.74,8.967,FALSE
3.9e+14,"CLEAR LK A MOORING OA-09 NR CLEARLAKE OAKS CA",2024-07-25,13:05:27,"OAKS","OA-09",39.005822,-122.685253,26.366,320.7,NA,NA,FALSE,NA,FALSE,8.59,1.91,0.55,27.86,9.977,FALSE
3.9e+14,"CLEAR LK A MOORING OA-09 NR CLEARLAKE OAKS CA",2024-07-25,13:06:26,"OAKS","OA-09",39.005822,-122.685253,25.138,330.8,NA,NA,FALSE,NA,FALSE,7.71,0.86,0.37,30.33,10.925,FALSE
3.9e+14,"CLEAR LK A MOORING OA-09 NR CLEARLAKE OAKS CA",2024-07-25,13:07:01,"OAKS","OA-09",39.005822,-122.685253,25.168,330.7,NA,NA,FALSE,NA,FALSE,7.7,0.81,0.24,30.28,10.941,FALSE
3.9e+14,"CLEAR LK A MOORING OA-09 NR CLEARLAKE OAKS CA",2024-07-25,13:08:05,"OAKS","OA-09",39.005822,-122.685253,25.037,330.8,NA,NA,FALSE,NA,FALSE,7.66,0.79,0.23,30.35,11.496,FALSE
3.9e+14,"CLEAR LK A MOORING OA-09 NR CLEARLAKE OAKS CA",2024-07-25,13:09:11,"OAKS","OA-09",39.005822,-122.685253,24.915,335.9,NA,NA,FALSE,NA,FALSE,7.56,0.86,0.24,31.28,11.958,FALSE
3.9e+14,"CLEAR LK A MOORING OA-09 NR CLEARLAKE OAKS CA",2024-07-25,13:09:59,"OAKS","OA-09",39.005822,-122.685253,24.7,340,NA,NA,FALSE,NA,FALSE,7.4,0.98,0.2,31.65,12.446,FALSE
3.9e+14,"CLEAR LK A MOORING OA-09 NR CLEARLAKE OAKS CA",2024-07-25,13:10:39,"OAKS","OA-09",39.005822,-122.685253,24.652,341.8,NA,NA,FALSE,NA,FALSE,7.38,1,0.19,31.53,12.923,FALSE
3.9e+14,"CLEAR LK A MOORING OA-09 NR CLEARLAKE OAKS CA",2024-07-25,13:11:14,"OAKS","OA-09",39.005822,-122.685253,24.536,349.2,NA,NA,FALSE,NA,FALSE,6.94,1.07,0.37,31.78,13.471,FALSE
3.9e+14,"CLEAR LK A MOORING OA-09 NR CLEARLAKE OAKS CA",2024-07-25,13:11:55,"OAKS","OA-09",39.005822,-122.685253,24.522,359.3,NA,NA,FALSE,NA,FALSE,6.42,0.98,0.23,31.95,14.061,FALSE
3.9e+14,"CLEAR LK A MOORING OA-09 NR CLEARLAKE OAKS CA",2024-07-25,13:12:21,"OAKS","OA-09",39.005822,-122.685253,24.498,362.7,NA,NA,FALSE,NA,FALSE,6.34,1.24,0.2,31.96,14.554,FALSE
3.9e+14,"CLEAR LK A MOORING OA-09 NR CLEARLAKE OAKS CA",2024-07-25,13:12:43,"OAKS","OA-09",39.005822,-122.685253,24.475,362.9,NA,NA,FALSE,NA,FALSE,6.32,1.03,0.26,32.26,15.105,FALSE
3.9e+14,"CLEAR LK A MOORING OA-09 NR CLEARLAKE OAKS CA",2024-07-25,13:13:10,"OAKS","OA-09",39.005822,-122.685253,24.467,362.9,NA,NA,FALSE,NA,FALSE,6.3,1.15,0.22,32.09,15.449,FALSE
3.9e+14,"CLEAR LK A MOORING OA-09 NR CLEARLAKE OAKS CA",2024-07-25,13:32:16,"OAKS","OA-09",39.005822,-122.685253,24.491,361.5,NA,NA,FALSE,NA,FALSE,6.32,0.95,0.24,31.88,16.535,FALSE
3.9e+14,"CLEAR LK A MOORING OA-09 NR CLEARLAKE OAKS CA",2024-07-25,13:33:31,"OAKS","OA-09",39.005822,-122.685253,24.467,362.3,NA,NA,FALSE,NA,FALSE,6.29,1.04,0.2,32.16,16.049,FALSE
3.9e+14,"CLEAR LK A MOORING OA-09 NR CLEARLAKE OAKS CA",2024-07-25,13:33:55,"OAKS","OA-09",39.005822,-122.685253,24.462,361.7,NA,NA,FALSE,NA,FALSE,6.3,1.11,0.21,32.15,16.611,FALSE
3.9e+14,"CLEAR LK A MOORING OA-09 NR CLEARLAKE OAKS CA",2024-07-25,13:34:42,"OAKS","OA-09",39.005822,-122.685253,24.478,363,NA,NA,FALSE,NA,FALSE,6.3,0.99,0.25,32.09,15.283,FALSE
3.9e+14,"CLEAR LK A MOORING OA-09 NR CLEARLAKE OAKS CA",2024-07-25,13:35:11,"OAKS","OA-09",39.005822,-122.685253,24.504,362.1,NA,NA,FALSE,NA,FALSE,6.33,1.08,0.15,31.92,14.198,FALSE
3.9e+14,"CLEAR LK A MOORING OA-09 NR CLEARLAKE OAKS CA",2024-07-25,13:36:26,"OAKS","OA-09",39.005822,-122.685253,24.631,342.5,NA,NA,FALSE,NA,FALSE,7.33,1.11,0.21,31.76,12.797,FALSE
3.9e+14,"CLEAR LK A MOORING OA-09 NR CLEARLAKE OAKS CA",2024-07-25,13:52:17,"OAKS","OA-09",39.005822,-122.685253,27.605,313.5,NA,NA,FALSE,NA,FALSE,9.09,6.79,2.24,23.9,0.397,FALSE
3.9e+14,"CLEAR LK A MOORING OA-04 NR CLEARLAKE OAKS CA",2024-07-25,13:52:59,"OAKS","OA-04",39.012694,-122.698986,27.533,313.5,NA,NA,FALSE,NA,FALSE,9.07,12.37,2.34,23.7,0.397,FALSE
3.9e+14,"CLEAR LK A MOORING OA-04 NR CLEARLAKE OAKS CA",2024-07-25,13:53:35,"OAKS","OA-04",39.012694,-122.698986,27.478,313.6,NA,NA,FALSE,NA,FALSE,9.07,2.17,2.25,24.35,0.937,FALSE
3.9e+14,"CLEAR LK A MOORING OA-04 NR CLEARLAKE OAKS CA",2024-07-25,13:54:05,"OAKS","OA-04",39.012694,-122.698986,27.335,314,NA,NA,FALSE,NA,FALSE,9.04,6.92,1.82,24.4,1.53,FALSE
3.9e+14,"CLEAR LK A MOORING OA-04 NR CLEARLAKE OAKS CA",2024-07-25,13:54:51,"OAKS","OA-04",39.012694,-122.698986,27.083,314.8,NA,NA,FALSE,NA,FALSE,9,7.23,1.38,25.05,1.988,FALSE
3.9e+14,"CLEAR LK A MOORING OA-04 NR CLEARLAKE OAKS CA",2024-07-25,13:56:55,"OAKS","OA-04",39.012694,-122.698986,26.605,316.9,NA,NA,FALSE,NA,FALSE,8.88,4.62,1.08,25.93,2.446,FALSE
3.9e+14,"CLEAR LK A MOORING OA-04 NR CLEARLAKE OAKS CA",2024-07-25,13:57:25,"OAKS","OA-04",39.012694,-122.698986,26.553,317.3,NA,NA,FALSE,NA,FALSE,8.86,5.43,0.95,26.3,2.983,TRUE
3.9e+14,"CLEAR LK A MOORING OA-04 NR CLEARLAKE OAKS CA",2024-07-25,13:58:03,"OAKS","OA-04",39.012694,-122.698986,26.532,317.7,NA,NA,FALSE,NA,FALSE,8.84,4.85,1,26.22,3.457,FALSE
3.9e+14,"CLEAR LK A MOORING OA-04 NR CLEARLAKE OAKS CA",2024-07-25,13:58:38,"OAKS","OA-04",39.012694,-122.698986,26.467,319.5,NA,NA,FALSE,NA,FALSE,8.69,2.76,0.55,26.63,4.065,FALSE
3.9e+14,"CLEAR LK A MOORING OA-04 NR CLEARLAKE OAKS CA",2024-07-25,13:58:59,"OAKS","OA-04",39.012694,-122.698986,26.46,319.9,NA,NA,FALSE,NA,FALSE,8.69,3.03,0.52,26.54,4.067,FALSE
3.9e+14,"CLEAR LK A MOORING OA-04 NR CLEARLAKE OAKS CA",2024-07-25,13:59:32,"OAKS","OA-04",39.012694,-122.698986,26.445,321,NA,NA,FALSE,NA,FALSE,8.62,2.19,0.4,26.62,4.479,FALSE
3.9e+14,"CLEAR LK A MOORING OA-04 NR CLEARLAKE OAKS CA",2024-07-25,14:00:08,"OAKS","OA-04",39.012694,-122.698986,26.414,321.4,NA,NA,FALSE,NA,FALSE,8.6,2.71,0.41,26.74,5.131,FALSE
3.9e+14,"CLEAR LK A MOORING OA-04 NR CLEARLAKE OAKS CA",2024-07-25,14:00:44,"OAKS","OA-04",39.012694,-122.698986,26.411,321.4,NA,NA,FALSE,NA,FALSE,8.59,2.55,0.65,26.83,5.463,FALSE
3.9e+14,"CLEAR LK A MOORING OA-04 NR CLEARLAKE OAKS CA",2024-07-25,14:01:13,"OAKS","OA-04",39.012694,-122.698986,26.403,321.4,NA,NA,FALSE,NA,FALSE,8.6,2.73,0.46,26.67,5.984,FALSE
3.9e+14,"CLEAR LK A MOORING OA-04 NR CLEARLAKE OAKS CA",2024-07-25,14:01:40,"OAKS","OA-04",39.012694,-122.698986,26.399,321.2,NA,NA,FALSE,NA,FALSE,8.61,2.45,0.46,26.71,6.438,FALSE
3.9e+14,"CLEAR LK A MOORING OA-04 NR CLEARLAKE OAKS CA",2024-07-25,14:02:20,"OAKS","OA-04",39.012694,-122.698986,26.373,321.2,NA,NA,FALSE,NA,FALSE,8.6,1.82,0.5,27.01,7.085,FALSE
3.9e+14,"CLEAR LK A MOORING OA-04 NR CLEARLAKE OAKS CA",2024-07-25,14:02:52,"OAKS","OA-04",39.012694,-122.698986,26.343,321.9,NA,NA,FALSE,NA,FALSE,8.58,1.72,0.44,26.97,7.493,FALSE
3.9e+14,"CLEAR LK A MOORING OA-04 NR CLEARLAKE OAKS CA",2024-07-25,14:03:32,"OAKS","OA-04",39.012694,-122.698986,26.311,321.9,NA,NA,FALSE,NA,FALSE,8.57,2.1,0.4,27.22,7.938,FALSE
3.9e+14,"CLEAR LK A MOORING OA-04 NR CLEARLAKE OAKS CA",2024-07-25,14:04:48,"OAKS","OA-04",39.012694,-122.698986,26.273,321.8,NA,NA,FALSE,NA,FALSE,8.58,1.96,0.38,27.46,8.066,FALSE
3.9e+14,"CLEAR LK A MOORING OA-04 NR CLEARLAKE OAKS CA",2024-07-25,14:05:23,"OAKS","OA-04",39.012694,-122.698986,26.2,321.9,NA,NA,FALSE,NA,FALSE,8.56,2.22,0.46,27.49,8.482,FALSE
3.9e+14,"CLEAR LK A MOORING OA-04 NR CLEARLAKE OAKS CA",2024-07-25,14:06:09,"OAKS","OA-04",39.012694,-122.698986,26.138,322.3,NA,NA,FALSE,NA,FALSE,8.54,1.99,0.53,28.04,9.09,FALSE
3.9e+14,"CLEAR LK A MOORING OA-04 NR CLEARLAKE OAKS CA",2024-07-25,14:06:42,"OAKS","OA-04",39.012694,-122.698986,26.141,322.6,NA,NA,FALSE,NA,FALSE,8.54,1.63,0.55,28.07,9.09,FALSE
3.9e+14,"CLEAR LK A MOORING OA-04 NR CLEARLAKE OAKS CA",2024-07-25,14:08:03,"OAKS","OA-04",39.012694,-122.698986,26.13,322.4,NA,NA,FALSE,NA,FALSE,8.53,2.08,0.54,28.18,9.473,FALSE
3.9e+14,"CLEAR LK A MOORING OA-04 NR CLEARLAKE OAKS CA",2024-07-25,14:09:10,"OAKS","OA-04",39.012694,-122.698986,26.081,323.1,NA,NA,FALSE,NA,FALSE,8.48,1.62,0.62,28,9.987,FALSE
3.9e+14,"CLEAR LK A MOORING OA-04 NR CLEARLAKE OAKS CA",2024-07-25,14:09:47,"OAKS","OA-04",39.012694,-122.698986,25.858,326.4,NA,NA,FALSE,NA,FALSE,8.28,1.94,0.39,28.35,10.522,FALSE
3.9e+14,"CLEAR LK A MOORING OA-04 NR CLEARLAKE OAKS CA",2024-07-25,14:10:20,"OAKS","OA-04",39.012694,-122.698986,25.459,328.5,NA,NA,FALSE,NA,FALSE,7.86,1,0.29,29.88,10.957,FALSE
3.9e+14,"CLEAR LK A MOORING OA-04 NR CLEARLAKE OAKS CA",2024-07-25,14:11:13,"OAKS","OA-04",39.012694,-122.698986,25.245,329.9,NA,NA,FALSE,NA,FALSE,7.72,1.77,0.27,29.85,11.142,TRUE
3.9e+14,"CLEAR LK A MOORING OA-04 NR CLEARLAKE OAKS CA",2024-07-25,14:13:15,"OAKS","OA-04",39.012694,-122.698986,24.95,333.9,NA,NA,FALSE,NA,FALSE,7.55,1.71,0.21,30.34,11.501,FALSE
3.9e+14,"CLEAR LK A MOORING OA-04 NR CLEARLAKE OAKS CA",2024-07-25,14:14:12,"OAKS","OA-04",39.012694,-122.698986,24.85,337.3,NA,NA,FALSE,NA,FALSE,7.45,2.19,0.26,30.46,11.956,FALSE
3.9e+14,"CLEAR LK A MOORING OA-04 NR CLEARLAKE OAKS CA",2024-07-25,14:14:55,"OAKS","OA-04",39.012694,-122.698986,24.829,338.5,NA,NA,FALSE,NA,FALSE,7.44,2.47,0.28,30.43,12.14,FALSE
3.9e+14,"CLEAR LK A MOORING OA-10 NR CLEARLAKE OAKS CA",2024-10-30,10:59:57,"OAKS","OA-10",39.005078,-122.677356,17.957,348.4,728.4,4.9,FALSE,51.7,FALSE,7.76,1.33,5.11,37.89,0.581,FALSE
3.9e+14,"CLEAR LK A MOORING OA-10 NR CLEARLAKE OAKS CA",2024-10-30,11:01:18,"OAKS","OA-10",39.005078,-122.677356,17.959,348.7,728.5,4.87,FALSE,51.4,FALSE,7.77,1.24,5.13,38.07,1.02,FALSE
3.9e+14,"CLEAR LK A MOORING OA-10 NR CLEARLAKE OAKS CA",2024-10-30,11:03:19,"OAKS","OA-10",39.005078,-122.677356,17.961,348.6,728.3,4.91,FALSE,51.9,FALSE,7.77,1.26,4.95,38.02,1.396,FALSE
3.9e+14,"CLEAR LK A MOORING OA-10 NR CLEARLAKE OAKS CA",2024-10-30,11:04:26,"OAKS","OA-10",39.005078,-122.677356,17.951,348.6,728.3,4.78,FALSE,50.5,FALSE,7.77,1.45,4.96,38.25,1.975,FALSE
3.9e+14,"CLEAR LK A MOORING OA-10 NR CLEARLAKE OAKS CA",2024-10-30,11:06:12,"OAKS","OA-10",39.005078,-122.677356,17.946,348.8,728.3,4.63,FALSE,48.9,FALSE,7.77,1.41,4.81,38.33,2.558,TRUE
3.9e+14,"CLEAR LK A MOORING OA-10 NR CLEARLAKE OAKS CA",2024-10-30,11:07:36,"OAKS","OA-10",39.005078,-122.677356,17.944,348.7,728.4,4.66,FALSE,49.2,FALSE,7.77,1.47,4.88,38.28,3.008,FALSE
3.9e+14,"CLEAR LK A MOORING OA-10 NR CLEARLAKE OAKS CA",2024-10-30,11:09:16,"OAKS","OA-10",39.005078,-122.677356,17.932,348.9,728.4,4.32,FALSE,45.6,FALSE,7.74,1.58,4.5,38.34,3.509,FALSE
3.9e+14,"CLEAR LK A MOORING OA-10 NR CLEARLAKE OAKS CA",2024-10-30,11:10:06,"OAKS","OA-10",39.005078,-122.677356,17.931,348.9,728.4,4.33,FALSE,45.7,FALSE,7.74,1.62,4.48,38.43,3.998,FALSE
3.9e+14,"CLEAR LK A MOORING OA-10 NR CLEARLAKE OAKS CA",2024-10-30,11:11:18,"OAKS","OA-10",39.005078,-122.677356,17.93,348.7,728.4,4.28,FALSE,45.2,FALSE,7.74,1.2,4.39,38.34,4.438,FALSE
3.9e+14,"CLEAR LK A MOORING OA-10 NR CLEARLAKE OAKS CA",2024-10-30,11:12:06,"OAKS","OA-10",39.005078,-122.677356,17.928,349,728.3,4.27,FALSE,45.1,FALSE,7.74,1.97,4.77,38.39,5.02,FALSE
3.9e+14,"CLEAR LK A MOORING OA-10 NR CLEARLAKE OAKS CA",2024-10-30,11:13:19,"OAKS","OA-10",39.005078,-122.677356,17.923,348.9,728.4,4.43,FALSE,46.7,FALSE,7.75,1.45,5.15,38.31,5.484,FALSE
3.9e+14,"CLEAR LK A MOORING OA-10 NR CLEARLAKE OAKS CA",2024-10-30,11:14:27,"OAKS","OA-10",39.005078,-122.677356,17.923,348.7,728.5,4.43,FALSE,46.8,FALSE,7.76,1.42,5.17,38.5,6.002,FALSE
3.9e+14,"CLEAR LK A MOORING OA-10 NR CLEARLAKE OAKS CA",2024-10-30,11:15:19,"OAKS","OA-10",39.005078,-122.677356,17.923,348.7,728.5,4.47,FALSE,47.1,FALSE,7.76,1.56,5.12,38.46,6.512,FALSE
3.9e+14,"CLEAR LK A MOORING OA-10 NR CLEARLAKE OAKS CA",2024-10-30,11:16:42,"OAKS","OA-10",39.005078,-122.677356,17.921,348.8,728.5,4.48,FALSE,47.3,FALSE,7.76,1.51,4.96,38.58,6.995,TRUE
3.9e+14,"CLEAR LK A MOORING OA-10 NR CLEARLAKE OAKS CA",2024-10-30,11:17:37,"OAKS","OA-10",39.005078,-122.677356,17.921,348.6,728.5,4.48,FALSE,47.3,FALSE,7.75,1.63,4.81,38.4,7.558,FALSE
3.9e+14,"CLEAR LK A MOORING OA-10 NR CLEARLAKE OAKS CA",2024-10-30,11:18:54,"OAKS","OA-10",39.005078,-122.677356,17.923,348.7,728.5,4.47,FALSE,47.2,FALSE,7.75,1.64,4.77,38.24,7.933,FALSE
3.9e+14,"CLEAR LK A MOORING OA-10 NR CLEARLAKE OAKS CA",2024-10-30,11:19:21,"OAKS","OA-10",39.005078,-122.677356,17.924,348.8,728.5,4.44,FALSE,46.9,FALSE,7.75,2.73,4.47,38.13,8.102,FALSE
3.9e+14,"CLEAR LK A MOORING OA-09 NR CLEARLAKE OAKS CA",2024-10-30,12:04:18,"OAKS","OA-09",39.005822,-122.685253,17.935,349.7,728.3,4.85,FALSE,51.2,FALSE,7.68,1.18,4.84,36.73,0.503,FALSE
3.9e+14,"CLEAR LK A MOORING OA-09 NR CLEARLAKE OAKS CA",2024-10-30,12:04:52,"OAKS","OA-09",39.005822,-122.685253,17.907,349.9,728.3,4.73,FALSE,49.9,FALSE,7.66,1.12,4.68,36.77,1.097,FALSE
3.9e+14,"CLEAR LK A MOORING OA-09 NR CLEARLAKE OAKS CA",2024-10-30,12:05:36,"OAKS","OA-09",39.005822,-122.685253,17.884,349.6,728.3,4.41,FALSE,46.5,FALSE,7.67,1.45,4.04,37.35,1.493,FALSE
3.9e+14,"CLEAR LK A MOORING OA-09 NR CLEARLAKE OAKS CA",2024-10-30,12:06:20,"OAKS","OA-09",39.005822,-122.685253,17.881,349.8,728.3,4.33,FALSE,45.7,FALSE,7.66,2.05,3.83,37.4,1.964,FALSE
3.9e+14,"CLEAR LK A MOORING OA-09 NR CLEARLAKE OAKS CA",2024-10-30,12:07:10,"OAKS","OA-09",39.005822,-122.685253,17.881,349.7,728.3,4.23,FALSE,44.6,FALSE,7.65,1.13,3.89,37.47,2.448,TRUE
3.9e+14,"CLEAR LK A MOORING OA-09 NR CLEARLAKE OAKS CA",2024-10-30,12:07:57,"OAKS","OA-09",39.005822,-122.685253,17.874,349.7,728.3,4.16,FALSE,43.9,FALSE,7.66,1.24,3.66,37.57,2.981,FALSE
3.9e+14,"CLEAR LK A MOORING OA-09 NR CLEARLAKE OAKS CA",2024-10-30,12:08:38,"OAKS","OA-09",39.005822,-122.685253,17.875,349.8,728.3,4.15,FALSE,43.7,FALSE,7.66,1.12,3.85,37.71,3.563,FALSE
3.9e+14,"CLEAR LK A MOORING OA-09 NR CLEARLAKE OAKS CA",2024-10-30,12:09:12,"OAKS","OA-09",39.005822,-122.685253,17.862,349.5,728.3,4.05,FALSE,42.7,FALSE,7.67,1.18,3.78,37.79,4.019,FALSE
3.9e+14,"CLEAR LK A MOORING OA-09 NR CLEARLAKE OAKS CA",2024-10-30,12:10:04,"OAKS","OA-09",39.005822,-122.685253,17.864,349.5,728.3,3.98,FALSE,41.9,FALSE,7.67,1.03,3.65,37.87,4.572,FALSE
3.9e+14,"CLEAR LK A MOORING OA-09 NR CLEARLAKE OAKS CA",2024-10-30,12:10:37,"OAKS","OA-09",39.005822,-122.685253,17.844,349.5,728.2,3.97,FALSE,41.8,FALSE,7.65,1.05,4.01,37.67,5.073,FALSE
3.9e+14,"CLEAR LK A MOORING OA-09 NR CLEARLAKE OAKS CA",2024-10-30,12:11:33,"OAKS","OA-09",39.005822,-122.685253,17.828,349.9,728.2,4,FALSE,42.1,FALSE,7.62,1.12,4.07,37.39,5.541,FALSE
3.9e+14,"CLEAR LK A MOORING OA-09 NR CLEARLAKE OAKS CA",2024-10-30,12:12:16,"OAKS","OA-09",39.005822,-122.685253,17.822,349.8,728.2,3.99,FALSE,42,FALSE,7.57,1.16,4.26,37.15,6.006,FALSE
3.9e+14,"CLEAR LK A MOORING OA-09 NR CLEARLAKE OAKS CA",2024-10-30,12:12:44,"OAKS","OA-09",39.005822,-122.685253,17.822,350,728.2,3.98,FALSE,41.9,FALSE,7.56,1.32,3.81,37.12,6.604,FALSE
3.9e+14,"CLEAR LK A MOORING OA-09 NR CLEARLAKE OAKS CA",2024-10-30,12:13:10,"OAKS","OA-09",39.005822,-122.685253,17.816,350,728.2,3.96,FALSE,41.7,FALSE,7.52,1.13,3.97,36.96,7.066,FALSE
3.9e+14,"CLEAR LK A MOORING OA-09 NR CLEARLAKE OAKS CA",2024-10-30,12:13:40,"OAKS","OA-09",39.005822,-122.685253,17.818,350.1,728.2,3.96,FALSE,41.8,FALSE,7.5,1.22,3.84,36.61,7.567,FALSE
3.9e+14,"CLEAR LK A MOORING OA-09 NR CLEARLAKE OAKS CA",2024-10-30,12:14:17,"OAKS","OA-09",39.005822,-122.685253,17.819,350.6,728.1,3.96,FALSE,41.7,FALSE,7.4,0.99,4.06,36.41,8.079,FALSE
3.9e+14,"CLEAR LK A MOORING OA-09 NR CLEARLAKE OAKS CA",2024-10-30,12:14:51,"OAKS","OA-09",39.005822,-122.685253,17.818,350.4,728.3,3.95,FALSE,41.7,FALSE,7.41,1.12,3.85,36.56,8.538,FALSE
3.9e+14,"CLEAR LK A MOORING OA-09 NR CLEARLAKE OAKS CA",2024-10-30,12:15:33,"OAKS","OA-09",39.005822,-122.685253,17.814,350.3,728.2,3.94,FALSE,41.5,FALSE,7.44,1.32,4.03,36.82,9.179,FALSE
3.9e+14,"CLEAR LK A MOORING OA-09 NR CLEARLAKE OAKS CA",2024-10-30,12:16:17,"OAKS","OA-09",39.005822,-122.685253,17.819,350.4,728.2,3.93,FALSE,41.4,FALSE,7.45,0.8,4.09,36.88,9.678,FALSE
3.9e+14,"CLEAR LK A MOORING OA-09 NR CLEARLAKE OAKS CA",2024-10-30,12:16:45,"OAKS","OA-09",39.005822,-122.685253,17.815,350.1,728.1,3.92,FALSE,41.3,FALSE,7.41,1.25,3.74,36.38,10.113,FALSE
3.9e+14,"CLEAR LK A MOORING OA-09 NR CLEARLAKE OAKS CA",2024-10-30,12:17:24,"OAKS","OA-09",39.005822,-122.685253,17.816,350.6,728.1,3.9,FALSE,41.1,FALSE,7.34,1.23,4.34,36.05,10.596,FALSE
3.9e+14,"CLEAR LK A MOORING OA-09 NR CLEARLAKE OAKS CA",2024-10-30,12:18:09,"OAKS","OA-09",39.005822,-122.685253,17.813,350.6,728.1,3.9,FALSE,41.1,FALSE,7.31,1.2,3.63,36.18,11.09,FALSE
3.9e+14,"CLEAR LK A MOORING OA-09 NR CLEARLAKE OAKS CA",2024-10-30,12:18:55,"OAKS","OA-09",39.005822,-122.685253,17.816,350.3,728.2,3.88,FALSE,40.9,FALSE,7.35,1.3,3.69,36.54,11.633,FALSE
3.9e+14,"CLEAR LK A MOORING OA-09 NR CLEARLAKE OAKS CA",2024-10-30,12:19:39,"OAKS","OA-09",39.005822,-122.685253,17.82,350.4,728.2,3.89,FALSE,41,FALSE,7.39,1.61,3.85,36.54,12.002,FALSE
3.9e+14,"CLEAR LK A MOORING OA-09 NR CLEARLAKE OAKS CA",2024-10-30,12:27:11,"OAKS","OA-09",39.005822,-122.685253,17.815,350.7,728.1,3.87,FALSE,40.8,FALSE,7.29,1.2,3.84,36.17,12.488,FALSE
3.9e+14,"CLEAR LK A MOORING OA-09 NR CLEARLAKE OAKS CA",2024-10-30,12:28:05,"OAKS","OA-09",39.005822,-122.685253,17.814,350.3,728.1,3.86,FALSE,40.7,FALSE,7.29,1.22,4.19,36.48,12.982,FALSE
3.9e+14,"CLEAR LK A MOORING OA-09 NR CLEARLAKE OAKS CA",2024-10-30,12:31:31,"OAKS","OA-09",39.005822,-122.685253,17.812,350.2,728,3.85,FALSE,40.6,FALSE,7.4,1.32,3.74,36.27,14.431,FALSE
3.9e+14,"CLEAR LK A MOORING OA-09 NR CLEARLAKE OAKS CA",2024-10-30,12:32:04,"OAKS","OA-09",39.005822,-122.685253,17.813,350.3,728,3.84,FALSE,40.5,FALSE,7.4,1.36,3.63,36.22,15.058,FALSE
3.9e+14,"CLEAR LK A MOORING OA-09 NR CLEARLAKE OAKS CA",2024-10-30,12:32:51,"OAKS","OA-09",39.005822,-122.685253,17.809,350.2,728,3.83,FALSE,40.4,FALSE,7.42,1.49,3.54,36.17,15.554,TRUE
3.9e+14,"CLEAR LK A MOORING OA-09 NR CLEARLAKE OAKS CA",2024-10-30,12:33:19,"OAKS","OA-09",39.005822,-122.685253,17.807,350.9,728,3.82,FALSE,40.2,FALSE,7.37,1.43,3.45,35.82,16.072,FALSE
3.9e+14,"CLEAR LK A MOORING OA-09 NR CLEARLAKE OAKS CA",2024-10-30,12:33:48,"OAKS","OA-09",39.005822,-122.685253,17.811,350.3,728,3.79,FALSE,39.9,FALSE,7.37,6.65,3.89,32.21,16.513,FALSE
3.9e+14,"CLEAR LK A MOORING OA-04 NR CLEARLAKE OAKS CA",2024-10-30,13:11:02,"OAKS","OA-04",39.012694,-122.698986,17.967,348.8,727.9,4.83,FALSE,51.1,FALSE,7.99,1.19,4.99,37.52,0.52,FALSE
3.9e+14,"CLEAR LK A MOORING OA-04 NR CLEARLAKE OAKS CA",2024-10-30,13:12:29,"OAKS","OA-04",39.012694,-122.698986,17.911,349.1,728,4.66,FALSE,49.1,FALSE,7.97,1.14,4.42,37.97,1.063,FALSE
3.9e+14,"CLEAR LK A MOORING OA-04 NR CLEARLAKE OAKS CA",2024-10-30,13:13:17,"OAKS","OA-04",39.012694,-122.698986,17.844,349.4,727.9,4.48,FALSE,47.2,FALSE,7.95,1.05,4.04,38.28,1.533,FALSE
3.9e+14,"CLEAR LK A MOORING OA-04 NR CLEARLAKE OAKS CA",2024-10-30,13:14:39,"OAKS","OA-04",39.012694,-122.698986,17.789,349.6,727.8,4.13,FALSE,43.5,FALSE,7.91,0.99,3.39,38.4,2.051,FALSE
3.9e+14,"CLEAR LK A MOORING OA-04 NR CLEARLAKE OAKS CA",2024-10-30,13:15:47,"OAKS","OA-04",39.012694,-122.698986,17.769,349.3,727.8,4.01,FALSE,42.2,FALSE,7.91,0.88,3.61,38.25,2.52,TRUE
3.9e+14,"CLEAR LK A MOORING OA-04 NR CLEARLAKE OAKS CA",2024-10-30,13:16:36,"OAKS","OA-04",39.012694,-122.698986,17.755,349.3,727.7,3.91,FALSE,41.1,FALSE,7.9,0.97,3.14,38.38,3.016,FALSE
3.9e+14,"CLEAR LK A MOORING OA-04 NR CLEARLAKE OAKS CA",2024-10-30,13:17:17,"OAKS","OA-04",39.012694,-122.698986,17.748,349.6,727.8,3.84,FALSE,40.4,FALSE,7.88,0.61,3.09,38.43,3.535,FALSE
3.9e+14,"CLEAR LK A MOORING OA-04 NR CLEARLAKE OAKS CA",2024-10-30,13:18:26,"OAKS","OA-04",39.012694,-122.698986,17.735,349.1,727.8,3.76,FALSE,39.5,FALSE,7.86,1.05,3.15,38.48,4.02,FALSE
3.9e+14,"CLEAR LK A MOORING OA-04 NR CLEARLAKE OAKS CA",2024-10-30,13:19:15,"OAKS","OA-04",39.012694,-122.698986,17.729,349.4,727.8,3.73,FALSE,39.2,FALSE,7.86,1.16,2.92,38.37,4.573,FALSE
3.9e+14,"CLEAR LK A MOORING OA-04 NR CLEARLAKE OAKS CA",2024-10-30,13:20:09,"OAKS","OA-04",39.012694,-122.698986,17.721,349.4,727.8,3.65,FALSE,38.4,FALSE,7.87,1.07,3.18,38.46,5.03,FALSE
3.9e+14,"CLEAR LK A MOORING OA-04 NR CLEARLAKE OAKS CA",2024-10-30,13:20:50,"OAKS","OA-04",39.012694,-122.698986,17.72,349.5,727.7,3.64,FALSE,38.3,FALSE,7.88,0.86,3.11,38.7,5.527,FALSE
3.9e+14,"CLEAR LK A MOORING OA-04 NR CLEARLAKE OAKS CA",2024-10-30,13:21:41,"OAKS","OA-04",39.012694,-122.698986,17.711,349.2,727.7,3.59,FALSE,37.7,FALSE,7.87,1.07,2.86,38.43,6.007,FALSE
3.9e+14,"CLEAR LK A MOORING OA-04 NR CLEARLAKE OAKS CA",2024-10-30,13:22:20,"OAKS","OA-04",39.012694,-122.698986,17.71,349.3,727.7,3.55,FALSE,37.3,FALSE,7.86,0.75,3.05,38.26,6.578,FALSE
3.9e+14,"CLEAR LK A MOORING OA-04 NR CLEARLAKE OAKS CA",2024-10-30,13:23:02,"OAKS","OA-04",39.012694,-122.698986,17.7,349.4,727.7,3.48,FALSE,36.6,FALSE,7.83,0.89,3.1,38.49,7.055,FALSE
3.9e+14,"CLEAR LK A MOORING OA-04 NR CLEARLAKE OAKS CA",2024-10-30,13:23:48,"OAKS","OA-04",39.012694,-122.698986,17.694,349.5,727.7,3.39,FALSE,35.6,FALSE,7.83,0.88,2.84,38.26,7.564,FALSE
3.9e+14,"CLEAR LK A MOORING OA-04 NR CLEARLAKE OAKS CA",2024-10-30,13:24:27,"OAKS","OA-04",39.012694,-122.698986,17.687,349.5,727.7,3.36,FALSE,35.3,FALSE,7.8,0.75,2.76,38.49,8.03,FALSE
3.9e+14,"CLEAR LK A MOORING OA-04 NR CLEARLAKE OAKS CA",2024-10-30,13:25:20,"OAKS","OA-04",39.012694,-122.698986,17.684,349.3,727.7,3.36,FALSE,35.3,FALSE,7.81,0.94,2.85,38.4,8.507,FALSE
3.9e+14,"CLEAR LK A MOORING OA-04 NR CLEARLAKE OAKS CA",2024-10-30,13:26:00,"OAKS","OA-04",39.012694,-122.698986,17.674,349.3,727.6,3.36,FALSE,35.3,FALSE,7.81,1.07,2.47,38.45,9.084,FALSE
3.9e+14,"CLEAR LK A MOORING OA-04 NR CLEARLAKE OAKS CA",2024-10-30,13:26:53,"OAKS","OA-04",39.012694,-122.698986,17.669,349.4,727.7,3.26,FALSE,34.2,FALSE,7.81,1.49,2.24,38.64,9.543,FALSE
3.9e+14,"CLEAR LK A MOORING OA-04 NR CLEARLAKE OAKS CA",2024-10-30,13:27:51,"OAKS","OA-04",39.012694,-122.698986,17.669,349.4,727.7,3.2,FALSE,33.6,FALSE,7.8,0.69,2.4,38.61,10.044,FALSE
3.9e+14,"CLEAR LK A MOORING OA-04 NR CLEARLAKE OAKS CA",2024-10-30,13:28:38,"OAKS","OA-04",39.012694,-122.698986,17.669,349.4,727.7,3.18,FALSE,33.4,FALSE,7.8,0.93,2.21,38.53,10.537,TRUE
3.9e+14,"CLEAR LK A MOORING OA-04 NR CLEARLAKE OAKS CA",2024-10-30,13:29:22,"OAKS","OA-04",39.012694,-122.698986,17.669,349.5,727.7,3.18,FALSE,33.3,FALSE,7.79,0.93,2.17,38.48,10.784,FALSE
3.9e+14,"CLEAR LK A MOORING OA-04 NR CLEARLAKE OAKS CA",2024-10-30,13:29:43,"OAKS","OA-04",39.012694,-122.698986,17.674,349.8,727.7,3.16,FALSE,33.2,FALSE,7.79,0.87,2.38,38.58,11.069,FALSE
3.9e+14,"CLEAR LK A MOORING OA-04 NR CLEARLAKE OAKS CA",2024-11-12,10:41:49,"OAKS","OA-04",39.012694,-122.698986,14.74,349.5,731.8,6.07,FALSE,60,FALSE,7.75,2.57,6.37,31.25,10.469,TRUE
3.9e+14,"CLEAR LK A MOORING OA-04 NR CLEARLAKE OAKS CA",2024-11-12,10:47:17,"OAKS","OA-04",39.012694,-122.698986,14.997,351,731.7,6.56,FALSE,65.1,FALSE,7.75,1.58,6.01,30.37,0.502,FALSE
3.9e+14,"CLEAR LK A MOORING OA-04 NR CLEARLAKE OAKS CA",2024-11-12,10:48:25,"OAKS","OA-04",39.012694,-122.698986,14.969,351.1,731.7,6.47,FALSE,64.2,FALSE,7.76,1.76,6.98,30.54,1.058,FALSE
3.9e+14,"CLEAR LK A MOORING OA-04 NR CLEARLAKE OAKS CA",2024-11-12,10:49:08,"OAKS","OA-04",39.012694,-122.698986,14.934,350.9,731.8,6.29,FALSE,62.3,FALSE,7.75,1.85,6.56,30.74,1.541,FALSE
3.9e+14,"CLEAR LK A MOORING OA-04 NR CLEARLAKE OAKS CA",2024-11-12,10:50:26,"OAKS","OA-04",39.012694,-122.698986,14.915,350.9,731.7,6.02,FALSE,59.6,FALSE,7.74,1.99,6.07,30.72,2.009,FALSE
3.9e+14,"CLEAR LK A MOORING OA-04 NR CLEARLAKE OAKS CA",2024-11-12,10:51:12,"OAKS","OA-04",39.012694,-122.698986,14.855,351.2,731.7,5.81,FALSE,57.5,FALSE,7.71,1.42,6.12,30.9,2.525,FALSE
3.9e+14,"CLEAR LK A MOORING OA-04 NR CLEARLAKE OAKS CA",2024-11-12,10:51:58,"OAKS","OA-04",39.012694,-122.698986,14.855,351.1,731.7,5.68,FALSE,56.2,FALSE,7.7,1.96,5.86,31.01,2.988,FALSE
3.9e+14,"CLEAR LK A MOORING OA-04 NR CLEARLAKE OAKS CA",2024-11-12,10:52:39,"OAKS","OA-04",39.012694,-122.698986,14.835,351.1,731.7,5.53,FALSE,54.7,FALSE,7.7,1.62,5.74,31.01,3.516,FALSE
3.9e+14,"CLEAR LK A MOORING OA-04 NR CLEARLAKE OAKS CA",2024-11-12,10:53:21,"OAKS","OA-04",39.012694,-122.698986,14.829,350.9,731.7,5.45,FALSE,53.9,FALSE,7.69,1.83,5.84,31.05,3.955,FALSE
3.9e+14,"CLEAR LK A MOORING OA-04 NR CLEARLAKE OAKS CA",2024-11-12,10:54:02,"OAKS","OA-04",39.012694,-122.698986,14.828,350.7,731.6,5.42,FALSE,53.6,FALSE,7.69,2.01,6.73,31.14,4.543,FALSE
3.9e+14,"CLEAR LK A MOORING OA-04 NR CLEARLAKE OAKS CA",2024-11-12,10:54:40,"OAKS","OA-04",39.012694,-122.698986,14.818,351,731.7,5.44,FALSE,53.8,FALSE,7.69,2.13,7.15,31.16,5.039,FALSE
3.9e+14,"CLEAR LK A MOORING OA-04 NR CLEARLAKE OAKS CA",2024-11-12,10:55:26,"OAKS","OA-04",39.012694,-122.698986,14.803,351,731.6,5.47,FALSE,54.1,FALSE,7.71,1.59,6.5,30.98,5.515,FALSE
3.9e+14,"CLEAR LK A MOORING OA-04 NR CLEARLAKE OAKS CA",2024-11-12,10:56:36,"OAKS","OA-04",39.012694,-122.698986,14.788,350.4,731.6,5.57,FALSE,55.1,FALSE,7.73,1.95,6.46,31.03,5.995,FALSE
3.9e+14,"CLEAR LK A MOORING OA-04 NR CLEARLAKE OAKS CA",2024-11-12,10:57:17,"OAKS","OA-04",39.012694,-122.698986,14.77,350.5,731.6,5.66,FALSE,55.9,FALSE,7.76,2.76,7.01,31.06,6.518,FALSE
3.9e+14,"CLEAR LK A MOORING OA-04 NR CLEARLAKE OAKS CA",2024-11-12,10:58:04,"OAKS","OA-04",39.012694,-122.698986,14.76,350.3,731.6,5.75,FALSE,56.8,FALSE,7.77,1.82,6.74,31.14,7.035,FALSE
3.9e+14,"CLEAR LK A MOORING OA-04 NR CLEARLAKE OAKS CA",2024-11-12,10:58:43,"OAKS","OA-04",39.012694,-122.698986,14.752,350.1,731.6,5.86,FALSE,57.8,FALSE,7.79,1.82,7.01,31.26,7.519,FALSE
3.9e+14,"CLEAR LK A MOORING OA-04 NR CLEARLAKE OAKS CA",2024-11-12,10:59:16,"OAKS","OA-04",39.012694,-122.698986,14.748,350.1,731.6,5.92,FALSE,58.4,FALSE,7.8,1.88,7.53,31.23,8.023,FALSE
3.9e+14,"CLEAR LK A MOORING OA-04 NR CLEARLAKE OAKS CA",2024-11-12,11:00:04,"OAKS","OA-04",39.012694,-122.698986,14.739,349.5,731.6,6,FALSE,59.2,FALSE,7.82,2.13,7.6,31.25,8.497,FALSE
3.9e+14,"CLEAR LK A MOORING OA-04 NR CLEARLAKE OAKS CA",2024-11-12,11:00:41,"OAKS","OA-04",39.012694,-122.698986,14.741,349.7,731.6,6,FALSE,59.2,FALSE,7.81,1.66,7.37,31.28,9.006,FALSE
3.9e+14,"CLEAR LK A MOORING OA-04 NR CLEARLAKE OAKS CA",2024-11-12,11:01:06,"OAKS","OA-04",39.012694,-122.698986,14.74,349.7,731.6,6.02,FALSE,59.4,FALSE,7.83,1.97,7.27,31.4,9.502,FALSE
3.9e+14,"CLEAR LK A MOORING OA-04 NR CLEARLAKE OAKS CA",2024-11-12,11:01:31,"OAKS","OA-04",39.012694,-122.698986,14.742,349.8,731.5,5.97,FALSE,58.9,FALSE,7.83,1.98,6.75,31.33,10.023,FALSE
3.9e+14,"CLEAR LK A MOORING OA-04 NR CLEARLAKE OAKS CA",2024-11-12,11:02:04,"OAKS","OA-04",39.012694,-122.698986,14.742,349.9,731.5,5.93,FALSE,58.6,FALSE,7.84,2.04,6.94,31.35,10.508,FALSE
3.9e+14,"CLEAR LK A MOORING OA-04 NR CLEARLAKE OAKS CA",2024-11-12,11:02:42,"OAKS","OA-04",39.012694,-122.698986,14.741,349.8,731.5,5.89,FALSE,58.2,FALSE,7.81,1.95,5.87,31.36,11.024,FALSE
3.9e+14,"CLEAR LK A MOORING OA-04 NR CLEARLAKE OAKS CA",2024-12-11,11:19:44,"OAKS","OA-04",39.012694,-122.698986,11.018,342.1,729.5,4.75,FALSE,43.1,FALSE,7.24,1.62,10.05,28.38,10.95,TRUE
3.9e+14,"CLEAR LK A MOORING OA-04 NR CLEARLAKE OAKS CA",2024-12-11,11:22:58,"OAKS","OA-04",39.012694,-122.698986,11.176,342.1,729.5,5.19,FALSE,47.3,FALSE,7.32,1.75,8.18,27.76,0.622,FALSE
3.9e+14,"CLEAR LK A MOORING OA-04 NR CLEARLAKE OAKS CA",2024-12-11,11:24:23,"OAKS","OA-04",39.012694,-122.698986,11.163,341.7,729.4,5.51,FALSE,50.2,FALSE,7.37,2,9.5,27.8,0.97,FALSE
3.9e+14,"CLEAR LK A MOORING OA-04 NR CLEARLAKE OAKS CA",2024-12-11,11:25:13,"OAKS","OA-04",39.012694,-122.698986,11.09,342.2,729.3,5.18,FALSE,47.1,FALSE,7.33,1.82,9.07,28.28,1.479,FALSE
3.9e+14,"CLEAR LK A MOORING OA-04 NR CLEARLAKE OAKS CA",2024-12-11,11:26:04,"OAKS","OA-04",39.012694,-122.698986,11.071,342,729.3,4.82,FALSE,43.8,FALSE,7.3,1.79,7.92,28.36,2.019,FALSE
3.9e+14,"CLEAR LK A MOORING OA-04 NR CLEARLAKE OAKS CA",2024-12-11,11:27:00,"OAKS","OA-04",39.012694,-122.698986,11.063,342.5,729.3,4.63,FALSE,42.1,FALSE,7.29,1.76,7.61,28.43,2.592,FALSE
3.9e+14,"CLEAR LK A MOORING OA-04 NR CLEARLAKE OAKS CA",2024-12-11,11:27:57,"OAKS","OA-04",39.012694,-122.698986,11.056,342.5,729.4,4.52,FALSE,41.1,FALSE,7.29,1.65,8.3,28.54,3.043,FALSE
3.9e+14,"CLEAR LK A MOORING OA-04 NR CLEARLAKE OAKS CA",2024-12-11,11:29:08,"OAKS","OA-04",39.012694,-122.698986,11.054,342.5,729.4,4.47,FALSE,40.6,FALSE,7.3,1.75,7.15,28.61,3.419,FALSE
3.9e+14,"CLEAR LK A MOORING OA-04 NR CLEARLAKE OAKS CA",2024-12-11,11:30:16,"OAKS","OA-04",39.012694,-122.698986,11.053,342.5,729.2,4.44,FALSE,40.3,FALSE,7.3,1.57,7.42,28.44,4,FALSE
3.9e+14,"CLEAR LK A MOORING OA-04 NR CLEARLAKE OAKS CA",2024-12-11,11:30:55,"OAKS","OA-04",39.012694,-122.698986,11.048,342.2,729.2,4.36,FALSE,39.6,FALSE,7.3,1.57,7.59,28.47,4.513,FALSE
3.9e+14,"CLEAR LK A MOORING OA-04 NR CLEARLAKE OAKS CA",2024-12-11,11:32:03,"OAKS","OA-04",39.012694,-122.698986,11.05,342.7,729.2,4.35,FALSE,39.5,FALSE,7.31,1.78,8.12,28.56,5.035,FALSE
3.9e+14,"CLEAR LK A MOORING OA-04 NR CLEARLAKE OAKS CA",2024-12-11,11:32:54,"OAKS","OA-04",39.012694,-122.698986,11.046,342.3,729.3,4.31,FALSE,39.2,FALSE,7.32,1.61,8.62,28.61,5.592,FALSE
3.9e+14,"CLEAR LK A MOORING OA-04 NR CLEARLAKE OAKS CA",2024-12-11,11:33:39,"OAKS","OA-04",39.012694,-122.698986,11.042,342.5,729.2,4.32,FALSE,39.2,FALSE,7.34,2.23,8.53,28.63,6.065,FALSE
3.9e+14,"CLEAR LK A MOORING OA-04 NR CLEARLAKE OAKS CA",2024-12-11,11:34:25,"OAKS","OA-04",39.012694,-122.698986,11.039,342.5,729.2,4.47,FALSE,40.6,FALSE,7.36,2.33,8.81,28.5,6.468,FALSE
3.9e+14,"CLEAR LK A MOORING OA-04 NR CLEARLAKE OAKS CA",2024-12-11,11:35:17,"OAKS","OA-04",39.012694,-122.698986,11.039,342.4,729.3,4.47,FALSE,40.6,FALSE,7.37,1.55,8.76,28.55,7.074,FALSE
3.9e+14,"CLEAR LK A MOORING OA-04 NR CLEARLAKE OAKS CA",2024-12-11,11:36:29,"OAKS","OA-04",39.012694,-122.698986,11.04,342.1,729.2,4.46,FALSE,40.6,FALSE,7.38,1.78,10.34,28.57,7.556,FALSE
3.9e+14,"CLEAR LK A MOORING OA-04 NR CLEARLAKE OAKS CA",2024-12-11,11:37:06,"OAKS","OA-04",39.012694,-122.698986,11.038,342.5,729.3,4.46,FALSE,40.5,FALSE,7.39,1.94,9.08,28.5,8.067,FALSE
3.9e+14,"CLEAR LK A MOORING OA-04 NR CLEARLAKE OAKS CA",2024-12-11,11:38:05,"OAKS","OA-04",39.012694,-122.698986,11.034,342.1,729.2,4.48,FALSE,40.7,FALSE,7.39,1.62,8.22,28.63,8.545,FALSE
3.9e+14,"CLEAR LK A MOORING OA-04 NR CLEARLAKE OAKS CA",2024-12-11,11:38:59,"OAKS","OA-04",39.012694,-122.698986,11.037,342.2,729.4,4.46,FALSE,40.5,FALSE,7.4,1.66,10.01,28.56,9.061,FALSE
3.9e+14,"CLEAR LK A MOORING OA-04 NR CLEARLAKE OAKS CA",2024-12-11,11:39:34,"OAKS","OA-04",39.012694,-122.698986,11.032,342.4,729.2,4.34,FALSE,39.5,FALSE,7.41,1.51,8.3,28.57,9.518,FALSE
3.9e+14,"CLEAR LK A MOORING OA-04 NR CLEARLAKE OAKS CA",2024-12-11,11:40:19,"OAKS","OA-04",39.012694,-122.698986,11.03,342.3,729.2,4.29,FALSE,39,FALSE,7.43,1.72,7.93,28.73,9.979,FALSE
3.9e+14,"CLEAR LK A MOORING OA-04 NR CLEARLAKE OAKS CA",2024-12-11,11:41:23,"OAKS","OA-04",39.012694,-122.698986,11.033,342.1,729.2,4.23,FALSE,38.4,FALSE,7.43,1.43,9.33,28.58,10.445,FALSE
3.9e+14,"CLEAR LK A MOORING OA-04 NR CLEARLAKE OAKS CA",2024-12-11,11:42:18,"OAKS","OA-04",39.012694,-122.698986,11.033,342.2,729.1,4.23,FALSE,38.5,FALSE,7.45,1.54,9.74,28.73,11.058,FALSE
3.9e+14,"CLEAR LK A MOORING OA-04 NR CLEARLAKE OAKS CA",2024-12-11,11:43:42,"OAKS","OA-04",39.012694,-122.698986,11.032,342.3,729.1,4.21,FALSE,38.2,FALSE,7.45,1.5,8.09,28.6,11.384,FALSE
3.9e+14,"CLEAR LK A MOORING OA-04 NR CLEARLAKE OAKS CA",2024-12-11,11:45:26,"OAKS","OA-04",39.012694,-122.698986,11.033,342.3,729.1,4.17,FALSE,37.9,FALSE,7.46,2.82,10.28,27.27,11.974,FALSE
3.9e+14,"CLEAR LK A MOORING OA-04 NR CLEARLAKE OAKS CA",2025-01-23,10:23:45,"OAKS","OA-04",39.012694,-122.698986,9.674,327.2,735.5,9.36,FALSE,82.4,FALSE,7.41,1.34,5.11,31.05,0.507,FALSE
3.9e+14,"CLEAR LK A MOORING OA-04 NR CLEARLAKE OAKS CA",2025-01-23,10:24:28,"OAKS","OA-04",39.012694,-122.698986,9.685,327.7,735.3,8.14,FALSE,71.7,FALSE,7.41,1.25,5.24,31.06,1.17,FALSE
3.9e+14,"CLEAR LK A MOORING OA-04 NR CLEARLAKE OAKS CA",2025-01-23,10:25:17,"OAKS","OA-04",39.012694,-122.698986,9.661,327.6,735.4,7.68,FALSE,67.6,FALSE,7.41,1.39,5.46,31.12,1.506,FALSE
3.9e+14,"CLEAR LK A MOORING OA-04 NR CLEARLAKE OAKS CA",2025-01-23,10:25:58,"OAKS","OA-04",39.012694,-122.698986,9.617,327.7,735.3,7.49,FALSE,65.8,FALSE,7.41,1.35,5.59,31.42,2.014,FALSE
3.9e+14,"CLEAR LK A MOORING OA-04 NR CLEARLAKE OAKS CA",2025-01-23,10:26:33,"OAKS","OA-04",39.012694,-122.698986,9.6,327.7,735.3,7.37,FALSE,64.7,FALSE,7.41,1.29,5.68,31.38,2.554,FALSE
3.9e+14,"CLEAR LK A MOORING OA-04 NR CLEARLAKE OAKS CA",2025-01-23,10:27:21,"OAKS","OA-04",39.012694,-122.698986,9.592,327.7,735.3,7.15,FALSE,62.8,FALSE,7.41,1.42,5.41,31.27,3.099,FALSE
3.9e+14,"CLEAR LK A MOORING OA-04 NR CLEARLAKE OAKS CA",2025-01-23,10:27:49,"OAKS","OA-04",39.012694,-122.698986,9.594,327.6,735.3,7.1,FALSE,62.3,FALSE,7.41,1.34,5.43,31.17,3.585,FALSE
3.9e+14,"CLEAR LK A MOORING OA-04 NR CLEARLAKE OAKS CA",2025-01-23,10:28:23,"OAKS","OA-04",39.012694,-122.698986,9.59,327.7,735.2,7.07,FALSE,62.1,FALSE,7.41,0.96,5.91,31.38,3.979,FALSE
3.9e+14,"CLEAR LK A MOORING OA-04 NR CLEARLAKE OAKS CA",2025-01-23,10:29:21,"OAKS","OA-04",39.012694,-122.698986,9.588,327.6,735.3,6.99,FALSE,61.3,FALSE,7.42,1.25,5.79,31.34,4.602,FALSE
3.9e+14,"CLEAR LK A MOORING OA-04 NR CLEARLAKE OAKS CA",2025-01-23,10:30:40,"OAKS","OA-04",39.012694,-122.698986,9.587,327.7,735.3,6.93,FALSE,60.9,FALSE,7.43,1.61,6.23,31.45,4.967,FALSE
3.9e+14,"CLEAR LK A MOORING OA-04 NR CLEARLAKE OAKS CA",2025-01-23,10:31:32,"OAKS","OA-04",39.012694,-122.698986,9.587,327.9,735.4,6.91,FALSE,60.7,FALSE,7.43,1.75,5.49,31.06,5.465,FALSE
3.9e+14,"CLEAR LK A MOORING OA-04 NR CLEARLAKE OAKS CA",2025-01-23,10:32:21,"OAKS","OA-04",39.012694,-122.698986,9.585,327.9,735.2,6.91,FALSE,60.6,FALSE,7.43,1.06,5.82,31.46,5.935,FALSE
3.9e+14,"CLEAR LK A MOORING OA-04 NR CLEARLAKE OAKS CA",2025-01-23,10:33:29,"OAKS","OA-04",39.012694,-122.698986,9.586,327.9,735.3,6.88,FALSE,60.4,FALSE,7.44,1.27,5.44,31.42,6.458,FALSE
3.9e+14,"CLEAR LK A MOORING OA-04 NR CLEARLAKE OAKS CA",2025-01-23,10:34:06,"OAKS","OA-04",39.012694,-122.698986,9.585,328,735.2,6.87,FALSE,60.4,FALSE,7.44,1.24,5.97,31.43,6.979,FALSE
3.9e+14,"CLEAR LK A MOORING OA-04 NR CLEARLAKE OAKS CA",2025-01-23,10:34:45,"OAKS","OA-04",39.012694,-122.698986,9.587,328.1,735.2,6.86,FALSE,60.2,FALSE,7.44,1.2,5.65,31.5,7.466,FALSE
3.9e+14,"CLEAR LK A MOORING OA-04 NR CLEARLAKE OAKS CA",2025-01-23,10:35:18,"OAKS","OA-04",39.012694,-122.698986,9.584,328.1,735.3,6.85,FALSE,60.1,FALSE,7.44,1.49,5.54,31.47,7.962,FALSE
3.9e+14,"CLEAR LK A MOORING OA-04 NR CLEARLAKE OAKS CA",2025-01-23,10:36:26,"OAKS","OA-04",39.012694,-122.698986,9.585,328.2,735.3,6.81,FALSE,59.8,FALSE,7.44,1.4,5.46,31.47,8.515,FALSE
3.9e+14,"CLEAR LK A MOORING OA-04 NR CLEARLAKE OAKS CA",2025-01-23,10:37:05,"OAKS","OA-04",39.012694,-122.698986,9.584,328.3,735.2,6.8,FALSE,59.7,FALSE,7.44,1.29,5.51,31.47,9.049,FALSE
3.9e+14,"CLEAR LK A MOORING OA-04 NR CLEARLAKE OAKS CA",2025-01-23,10:37:31,"OAKS","OA-04",39.012694,-122.698986,9.583,328.2,735.2,6.81,FALSE,59.8,FALSE,7.45,1.48,5.6,31.5,9.543,FALSE
3.9e+14,"CLEAR LK A MOORING OA-04 NR CLEARLAKE OAKS CA",2025-01-23,10:38:04,"OAKS","OA-04",39.012694,-122.698986,9.582,328.2,735.2,6.81,FALSE,59.8,FALSE,7.45,1.51,6.17,31.46,10.059,FALSE
3.9e+14,"CLEAR LK A MOORING OA-04 NR CLEARLAKE OAKS CA",2025-01-23,10:38:37,"OAKS","OA-04",39.012694,-122.698986,9.582,328.2,735.2,6.8,FALSE,59.7,FALSE,7.46,1.33,5.87,31.51,10.558,FALSE
3.9e+14,"CLEAR LK A MOORING OA-04 NR CLEARLAKE OAKS CA",2025-01-23,10:39:01,"OAKS","OA-04",39.012694,-122.698986,9.58,328.2,735.2,6.82,FALSE,59.8,FALSE,7.46,1.32,6.15,31.49,11.107,TRUE
3.9e+14,"CLEAR LK A MOORING OA-04 NR CLEARLAKE OAKS CA",2025-01-23,10:39:23,"OAKS","OA-04",39.012694,-122.698986,9.577,328.2,735.2,6.85,FALSE,60.2,FALSE,7.47,1.26,6.76,31.51,11.649,FALSE
3.9e+14,"CLEAR LK A MOORING OA-04 NR CLEARLAKE OAKS CA",2025-01-23,10:41:20,"OAKS","OA-04",39.012694,-122.698986,9.578,328.9,735.2,6.6,FALSE,57.9,FALSE,7.46,1.21,6.37,31.59,12.058,FALSE
3.9e+14,"CLEAR LK A MOORING OA-04 NR CLEARLAKE OAKS CA",2025-03-04,10:03:28,"OAKS","OA-04",39.012694,-122.698986,10.309,298.8,731.6,10.53,FALSE,94,FALSE,7.86,2.62,3.32,30.17,0.048,FALSE
3.9e+14,"CLEAR LK A MOORING OA-04 NR CLEARLAKE OAKS CA",2025-03-04,10:04:33,"OAKS","OA-04",39.012694,-122.698986,10.305,298.8,731.6,10.18,FALSE,90.9,FALSE,7.9,2.44,4.86,30.03,0.519,FALSE
3.9e+14,"CLEAR LK A MOORING OA-04 NR CLEARLAKE OAKS CA",2025-03-04,10:05:26,"OAKS","OA-04",39.012694,-122.698986,10.298,298.9,731.5,10.08,FALSE,90,FALSE,7.93,2.71,3.92,29.82,1.009,FALSE
3.9e+14,"CLEAR LK A MOORING OA-04 NR CLEARLAKE OAKS CA",2025-03-04,10:06:32,"OAKS","OA-04",39.012694,-122.698986,10.298,298.9,731.5,10.02,FALSE,89.5,FALSE,7.95,2.65,3.92,29.72,1.512,FALSE
3.9e+14,"CLEAR LK A MOORING OA-04 NR CLEARLAKE OAKS CA",2025-03-04,10:07:18,"OAKS","OA-04",39.012694,-122.698986,10.301,298.9,731.4,9.99,FALSE,89.2,FALSE,7.96,2.57,3.95,29.77,2.031,FALSE
3.9e+14,"CLEAR LK A MOORING OA-04 NR CLEARLAKE OAKS CA",2025-03-04,10:08:15,"OAKS","OA-04",39.012694,-122.698986,10.301,299,731.4,9.97,FALSE,89,FALSE,7.96,2.6,4.06,29.75,2.569,FALSE
3.9e+14,"CLEAR LK A MOORING OA-04 NR CLEARLAKE OAKS CA",2025-03-04,10:08:59,"OAKS","OA-04",39.012694,-122.698986,10.297,299,731.5,9.96,FALSE,88.9,FALSE,7.95,2.52,4.68,29.77,3.047,FALSE
3.9e+14,"CLEAR LK A MOORING OA-04 NR CLEARLAKE OAKS CA",2025-03-04,10:09:53,"OAKS","OA-04",39.012694,-122.698986,10.294,298.9,731.5,9.95,FALSE,88.8,FALSE,7.95,2.57,3.95,29.52,3.535,FALSE
3.9e+14,"CLEAR LK A MOORING OA-04 NR CLEARLAKE OAKS CA",2025-03-04,10:10:47,"OAKS","OA-04",39.012694,-122.698986,10.271,298.6,731.5,9.92,FALSE,88.5,FALSE,7.95,2.47,4.54,29.73,4.027,FALSE
3.9e+14,"CLEAR LK A MOORING OA-04 NR CLEARLAKE OAKS CA",2025-03-04,10:11:21,"OAKS","OA-04",39.012694,-122.698986,10.269,298.9,731.6,9.88,FALSE,88.2,FALSE,7.94,2.82,3.88,29.45,4.565,FALSE
3.9e+14,"CLEAR LK A MOORING OA-04 NR CLEARLAKE OAKS CA",2025-03-04,10:12:35,"OAKS","OA-04",39.012694,-122.698986,10.26,298.8,731.6,9.86,FALSE,87.9,FALSE,7.94,2.54,4.05,29.89,5.027,FALSE
3.9e+14,"CLEAR LK A MOORING OA-04 NR CLEARLAKE OAKS CA",2025-03-04,10:13:27,"OAKS","OA-04",39.012694,-122.698986,10.26,298.6,731.6,9.85,FALSE,87.8,FALSE,7.94,2.64,4.39,29.76,5.565,FALSE
3.9e+14,"CLEAR LK A MOORING OA-04 NR CLEARLAKE OAKS CA",2025-03-04,10:14:05,"OAKS","OA-04",39.012694,-122.698986,10.255,298.7,731.4,9.85,FALSE,87.9,FALSE,7.94,2.5,4.44,30,6.034,FALSE
3.9e+14,"CLEAR LK A MOORING OA-04 NR CLEARLAKE OAKS CA",2025-03-04,10:14:52,"OAKS","OA-04",39.012694,-122.698986,10.248,298.7,731.6,9.82,FALSE,87.6,FALSE,7.94,2.77,4.8,29.87,6.512,FALSE
3.9e+14,"CLEAR LK A MOORING OA-04 NR CLEARLAKE OAKS CA",2025-03-04,10:15:29,"OAKS","OA-04",39.012694,-122.698986,10.229,298.6,731.5,9.81,FALSE,87.4,FALSE,7.93,2.45,4.52,30.02,7.023,FALSE
3.9e+14,"CLEAR LK A MOORING OA-04 NR CLEARLAKE OAKS CA",2025-03-04,10:16:11,"OAKS","OA-04",39.012694,-122.698986,10.222,298.5,731.6,9.8,FALSE,87.3,FALSE,7.93,2.48,4.57,29.99,7.533,FALSE
3.9e+14,"CLEAR LK A MOORING OA-04 NR CLEARLAKE OAKS CA",2025-03-04,10:17:08,"OAKS","OA-04",39.012694,-122.698986,10.206,298.5,731.5,9.8,FALSE,87.3,FALSE,7.93,2.89,4.64,29.79,8.07,FALSE
3.9e+14,"CLEAR LK A MOORING OA-04 NR CLEARLAKE OAKS CA",2025-03-04,10:17:40,"OAKS","OA-04",39.012694,-122.698986,10.204,298.4,731.6,9.79,FALSE,87.2,FALSE,7.92,2.51,5.11,29.93,8.542,FALSE
3.9e+14,"CLEAR LK A MOORING OA-04 NR CLEARLAKE OAKS CA",2025-03-04,10:19:07,"OAKS","OA-04",39.012694,-122.698986,10.203,298.4,731.6,9.77,FALSE,87,FALSE,7.91,2.75,4.88,29.8,9.074,FALSE
3.9e+14,"CLEAR LK A MOORING OA-04 NR CLEARLAKE OAKS CA",2025-03-04,10:19:52,"OAKS","OA-04",39.012694,-122.698986,10.2,298.5,731.5,9.78,FALSE,87.1,FALSE,7.92,2.55,4.64,29.97,9.532,FALSE
3.9e+14,"CLEAR LK A MOORING OA-04 NR CLEARLAKE OAKS CA",2025-03-04,10:20:40,"OAKS","OA-04",39.012694,-122.698986,10.2,298.5,731.6,9.77,FALSE,87,FALSE,7.91,3.09,4.81,29.91,10.049,FALSE
3.9e+14,"CLEAR LK A MOORING OA-04 NR CLEARLAKE OAKS CA",2025-03-04,10:21:19,"OAKS","OA-04",39.012694,-122.698986,10.2,298.6,731.6,9.78,FALSE,87.1,FALSE,7.9,2.7,5.04,29.83,10.535,FALSE
3.9e+14,"CLEAR LK A MOORING OA-04 NR CLEARLAKE OAKS CA",2025-03-04,10:21:51,"OAKS","OA-04",39.012694,-122.698986,10.198,298.4,731.5,9.77,FALSE,87,FALSE,7.91,2.62,5.51,29.93,11.072,FALSE
3.9e+14,"CLEAR LK A MOORING OA-04 NR CLEARLAKE OAKS CA",2025-03-04,10:22:32,"OAKS","OA-04",39.012694,-122.698986,10.199,298.7,731.6,9.73,FALSE,86.7,FALSE,7.88,2.92,5.19,29.77,11.533,FALSE
3.9e+14,"CLEAR LK A MOORING OA-04 NR CLEARLAKE OAKS CA",2025-03-04,10:23:05,"OAKS","OA-04",39.012694,-122.698986,10.199,298.7,731.6,9.69,FALSE,86.3,FALSE,7.86,3,4.83,29.88,12.01,FALSE
3.9e+14,"CLEAR LK A MOORING OA-04 NR CLEARLAKE OAKS CA",2025-03-04,10:23:23,"OAKS","OA-04",39.012694,-122.698986,10.2,298.8,731.6,9.69,FALSE,86.4,FALSE,7.86,2.75,4.72,29.9,12.116,FALSE
3.9e+14,"CLEAR LK A MOORING OA-04 NR CLEARLAKE OAKS CA",2025-03-04,10:23:49,"OAKS","OA-04",39.012694,-122.698986,10.201,298.8,731.6,9.69,FALSE,86.3,FALSE,7.87,2.82,5.25,29.93,12.214,FALSE
3.9e+14,"CLEAR LK A MOORING OA-04 NR CLEARLAKE OAKS CA",2025-03-04,10:24:43,"OAKS","OA-04",39.012694,-122.698986,10.202,298.8,731.5,9.65,FALSE,86,FALSE,7.86,2.92,4.71,29.83,12.431,TRUE
3.9e+14,"CLEAR LK A MOORING OA-04 NR CLEARLAKE OAKS CA",2025-03-04,10:25:05,"OAKS","OA-04",39.012694,-122.698986,10.203,299,731.5,9.66,FALSE,86,FALSE,7.86,3.49,5.17,29.86,12.558,FALSE
3.9e+14,"CLEAR LK A MOORING OA-04 NR CLEARLAKE OAKS CA",2025-04-17,11:29:25,"OAKS","OA-04",39.012694,-122.698986,17.032,278.3,723.7,9.92,FALSE,102.8,FALSE,8.36,1.5,1.02,21.39,1.06,FALSE
3.9e+14,"CLEAR LK A MOORING OA-04 NR CLEARLAKE OAKS CA",2025-04-17,11:29:45,"OAKS","OA-04",39.012694,-122.698986,17.012,278.3,723.7,9.94,FALSE,102.9,FALSE,8.36,1.8,1.17,21.46,1.03,FALSE
3.9e+14,"CLEAR LK A MOORING OA-04 NR CLEARLAKE OAKS CA",2025-04-17,11:30:12,"OAKS","OA-04",39.012694,-122.698986,17.004,278.2,723.6,9.95,FALSE,103,FALSE,8.36,1.82,1.4,21.4,1.543,FALSE
3.9e+14,"CLEAR LK A MOORING OA-04 NR CLEARLAKE OAKS CA",2025-04-17,11:30:42,"OAKS","OA-04",39.012694,-122.698986,16.929,278.1,723.7,9.95,FALSE,102.9,FALSE,8.35,1.73,2.07,21.5,1.988,FALSE
3.9e+14,"CLEAR LK A MOORING OA-04 NR CLEARLAKE OAKS CA",2025-04-17,11:31:07,"OAKS","OA-04",39.012694,-122.698986,16.908,277.7,723.7,9.94,FALSE,102.7,FALSE,8.36,1.76,1.97,21.61,2.552,FALSE
3.9e+14,"CLEAR LK A MOORING OA-04 NR CLEARLAKE OAKS CA",2025-04-17,11:31:22,"OAKS","OA-04",39.012694,-122.698986,16.831,277.3,723.7,9.94,FALSE,102.5,FALSE,8.35,1.74,2.08,21.64,3.011,FALSE
3.9e+14,"CLEAR LK A MOORING OA-04 NR CLEARLAKE OAKS CA",2025-04-17,11:32:00,"OAKS","OA-04",39.012694,-122.698986,16.757,277.2,723.7,9.92,FALSE,102.2,FALSE,8.33,1.62,2.18,21.72,3.492,FALSE
3.9e+14,"CLEAR LK A MOORING OA-04 NR CLEARLAKE OAKS CA",2025-04-17,11:32:19,"OAKS","OA-04",39.012694,-122.698986,16.676,277.4,723.6,9.88,FALSE,101.6,FALSE,8.32,1.61,2.18,21.91,4.08,FALSE
3.9e+14,"CLEAR LK A MOORING OA-04 NR CLEARLAKE OAKS CA",2025-04-17,11:33:17,"OAKS","OA-04",39.012694,-122.698986,16.6,277.3,723.6,9.8,FALSE,100.6,FALSE,8.3,1.88,2.19,21.92,4.513,FALSE
3.9e+14,"CLEAR LK A MOORING OA-04 NR CLEARLAKE OAKS CA",2025-04-17,11:33:53,"OAKS","OA-04",39.012694,-122.698986,16.532,277,723.7,9.77,FALSE,100.1,FALSE,8.3,1.61,2.39,22.06,5.032,FALSE
3.9e+14,"CLEAR LK A MOORING OA-04 NR CLEARLAKE OAKS CA",2025-04-17,11:34:36,"OAKS","OA-04",39.012694,-122.698986,16.465,277.2,723.7,9.72,FALSE,99.5,FALSE,8.28,1.75,2.68,22.17,5.596,FALSE
3.9e+14,"CLEAR LK A MOORING OA-04 NR CLEARLAKE OAKS CA",2025-04-17,11:35:07,"OAKS","OA-04",39.012694,-122.698986,16.469,277,723.7,9.72,FALSE,99.5,FALSE,8.29,1.61,2.33,22.04,6.056,FALSE
3.9e+14,"CLEAR LK A MOORING OA-04 NR CLEARLAKE OAKS CA",2025-04-17,11:35:32,"OAKS","OA-04",39.012694,-122.698986,16.401,277.3,723.7,9.68,FALSE,99,FALSE,8.27,1.63,2.44,22.33,6.63,FALSE
3.9e+14,"CLEAR LK A MOORING OA-04 NR CLEARLAKE OAKS CA",2025-04-17,11:35:57,"OAKS","OA-04",39.012694,-122.698986,16.356,277.2,723.6,9.66,FALSE,98.7,FALSE,8.26,1.59,2.58,22.33,7.043,FALSE
3.9e+14,"CLEAR LK A MOORING OA-04 NR CLEARLAKE OAKS CA",2025-04-17,11:36:24,"OAKS","OA-04",39.012694,-122.698986,16.3,277.7,723.6,9.59,FALSE,97.8,FALSE,8.25,1.76,2.47,22.45,7.628,FALSE
3.9e+14,"CLEAR LK A MOORING OA-04 NR CLEARLAKE OAKS CA",2025-04-17,11:36:52,"OAKS","OA-04",39.012694,-122.698986,16.197,277.7,723.6,9.54,FALSE,97.2,FALSE,8.24,1.53,2.39,22.59,8.22,FALSE
3.9e+14,"CLEAR LK A MOORING OA-04 NR CLEARLAKE OAKS CA",2025-04-17,11:37:15,"OAKS","OA-04",39.012694,-122.698986,16.12,277.7,723.7,9.51,FALSE,96.7,FALSE,8.23,1.84,2.54,22.66,8.542,FALSE
3.9e+14,"CLEAR LK A MOORING OA-04 NR CLEARLAKE OAKS CA",2025-04-17,11:37:30,"OAKS","OA-04",39.012694,-122.698986,16.047,277.4,723.7,9.5,FALSE,96.4,FALSE,8.23,1.67,2.31,22.57,9.056,FALSE
3.9e+14,"CLEAR LK A MOORING OA-04 NR CLEARLAKE OAKS CA",2025-04-17,11:38:06,"OAKS","OA-04",39.012694,-122.698986,15.981,277.4,723.7,9.48,FALSE,96,FALSE,8.22,1.81,1.95,22.71,9.51,FALSE
3.9e+14,"CLEAR LK A MOORING OA-04 NR CLEARLAKE OAKS CA",2025-04-17,11:38:20,"OAKS","OA-04",39.012694,-122.698986,15.933,277.7,723.7,9.46,FALSE,95.8,FALSE,8.21,1.62,2.17,22.76,10.147,FALSE
3.9e+14,"CLEAR LK A MOORING OA-04 NR CLEARLAKE OAKS CA",2025-04-17,11:38:47,"OAKS","OA-04",39.012694,-122.698986,15.723,276.4,723.6,9.35,FALSE,94.3,FALSE,8.16,1.68,2.18,23,10.971,FALSE
3.9e+14,"CLEAR LK A MOORING OA-04 NR CLEARLAKE OAKS CA",2025-04-17,11:39:06,"OAKS","OA-04",39.012694,-122.698986,15.508,277.3,723.7,9.27,FALSE,93,FALSE,8.13,1.81,2.5,23.19,11.563,FALSE
3.9e+14,"CLEAR LK A MOORING OA-04 NR CLEARLAKE OAKS CA",2025-04-17,11:39:35,"OAKS","OA-04",39.012694,-122.698986,13.817,288.9,723.7,7.28,FALSE,70.4,FALSE,7.5,3.49,2.22,26.01,12.279,FALSE
3.9e+14,"CLEAR LK A MOORING OA-04 NR CLEARLAKE OAKS CA",2025-04-17,11:39:59,"OAKS","OA-04",39.012694,-122.698986,13.727,289.3,723.6,5.34,FALSE,51.5,FALSE,7.41,3.41,2.44,25.9,12.587,TRUE
3.9e+14,"CLEAR LK A MOORING OA-04 NR CLEARLAKE OAKS CA",2025-04-17,11:44:00,"OAKS","OA-04",39.012694,-122.698986,15.713,276.2,723.6,9.22,FALSE,92.9,FALSE,8.17,1.78,2.04,23,10.551,FALSE
3.9e+14,"CLEAR LK A MOORING OA-04 NR CLEARLAKE OAKS CA",2025-04-17,11:46:34,"OAKS","OA-04",39.012694,-122.698986,17.381,279.3,723.6,10.01,FALSE,104.5,FALSE,8.39,1.64,0.94,21.32,0.514,FALSE
3.9e+14,"CLEAR LK A MOORING OA-04 NR CLEARLAKE OAKS CA",2025-05-28,11:22:48,"OAKS","OA-04",39.012694,-122.698986,21.268,288.4,724.2,9.79,FALSE,110.5,FALSE,8.18,1.85,1.15,17.81,0.602,FALSE
3.9e+14,"CLEAR LK A MOORING OA-04 NR CLEARLAKE OAKS CA",2025-05-28,11:33:11,"OAKS","OA-04",39.012694,-122.698986,20.219,288.1,724.2,9.77,FALSE,108,FALSE,8.11,2.24,1.78,19.28,1.111,FALSE
3.9e+14,"CLEAR LK A MOORING OA-04 NR CLEARLAKE OAKS CA",2025-05-28,11:48:06,"OAKS","OA-04",39.012694,-122.698986,21.386,288.5,724.1,9.73,FALSE,110,FALSE,8.39,1.94,1.21,17.93,1.495,FALSE
3.9e+14,"CLEAR LK A MOORING OA-04 NR CLEARLAKE OAKS CA",2025-05-28,11:33:39,"OAKS","OA-04",39.012694,-122.698986,19.889,288.3,724.2,9.35,FALSE,102.7,FALSE,8.03,2.1,2.19,19.74,2.048,FALSE
3.9e+14,"CLEAR LK A MOORING OA-04 NR CLEARLAKE OAKS CA",2025-05-28,11:47:41,"OAKS","OA-04",39.012694,-122.698986,20.677,288.1,724.1,9.57,FALSE,106.7,FALSE,8.33,2.22,1.47,18.91,2.554,FALSE
3.9e+14,"CLEAR LK A MOORING OA-04 NR CLEARLAKE OAKS CA",2025-05-28,11:34:25,"OAKS","OA-04",39.012694,-122.698986,19.784,288.3,724.2,9.01,FALSE,98.8,FALSE,8,2.21,2.58,19.97,3.068,FALSE
3.9e+14,"CLEAR LK A MOORING OA-04 NR CLEARLAKE OAKS CA",2025-05-28,11:47:16,"OAKS","OA-04",39.012694,-122.698986,19.86,288.1,724.1,9.03,FALSE,99.1,FALSE,8.25,2.12,2.43,20.05,3.522,FALSE
3.9e+14,"CLEAR LK A MOORING OA-04 NR CLEARLAKE OAKS CA",2025-05-28,11:35:12,"OAKS","OA-04",39.012694,-122.698986,19.699,288.4,724.2,8.81,FALSE,96.4,FALSE,7.94,2,2.35,20.13,4.043,FALSE
3.9e+14,"CLEAR LK A MOORING OA-04 NR CLEARLAKE OAKS CA",2025-05-28,11:46:50,"OAKS","OA-04",39.012694,-122.698986,19.73,288.2,724.1,9.01,FALSE,98.7,FALSE,8.25,2.14,2.56,20.3,4.529,FALSE
3.9e+14,"CLEAR LK A MOORING OA-04 NR CLEARLAKE OAKS CA",2025-05-28,11:35:31,"OAKS","OA-04",39.012694,-122.698986,19.668,288.5,724.2,8.78,FALSE,96,FALSE,7.93,2.09,2.37,20.22,5.034,FALSE
3.9e+14,"CLEAR LK A MOORING OA-04 NR CLEARLAKE OAKS CA",2025-05-28,11:45:51,"OAKS","OA-04",39.012694,-122.698986,19.537,289,724.2,7.9,FALSE,86.2,FALSE,8,1.8,2.39,20.36,5.552,FALSE
3.9e+14,"CLEAR LK A MOORING OA-04 NR CLEARLAKE OAKS CA",2025-05-28,11:36:05,"OAKS","OA-04",39.012694,-122.698986,19.582,289.1,724.2,8.15,FALSE,88.9,FALSE,7.75,1.79,2.38,20.16,5.929,FALSE
3.9e+14,"CLEAR LK A MOORING OA-04 NR CLEARLAKE OAKS CA",2025-05-28,11:45:20,"OAKS","OA-04",39.012694,-122.698986,19.476,288.9,724.2,7.66,FALSE,83.4,FALSE,7.93,1.63,2.37,20.45,6.496,FALSE
3.9e+14,"CLEAR LK A MOORING OA-04 NR CLEARLAKE OAKS CA",2025-05-28,11:36:41,"OAKS","OA-04",39.012694,-122.698986,19.502,289,724.2,7.75,FALSE,84.4,FALSE,7.72,1.71,2.32,20.33,7.019,FALSE
3.9e+14,"CLEAR LK A MOORING OA-04 NR CLEARLAKE OAKS CA",2025-05-28,11:44:08,"OAKS","OA-04",39.012694,-122.698986,19.449,288.9,724,7.67,FALSE,83.5,FALSE,7.9,1.62,2.46,20.46,7.403,FALSE
3.9e+14,"CLEAR LK A MOORING OA-04 NR CLEARLAKE OAKS CA",2025-05-28,11:37:22,"OAKS","OA-04",39.012694,-122.698986,19.463,288.7,724.2,7.66,FALSE,83.4,FALSE,7.75,1.58,2.56,20.43,8.035,FALSE
3.9e+14,"CLEAR LK A MOORING OA-04 NR CLEARLAKE OAKS CA",2025-05-28,11:43:41,"OAKS","OA-04",39.012694,-122.698986,19.393,288.7,724.2,7.74,FALSE,84.2,FALSE,7.87,1.74,2.82,20.45,8.363,FALSE
3.9e+14,"CLEAR LK A MOORING OA-04 NR CLEARLAKE OAKS CA",2025-05-28,11:38:01,"OAKS","OA-04",39.012694,-122.698986,19.418,288.8,724.2,7.77,FALSE,84.6,FALSE,7.76,1.71,2.29,20.38,9.026,FALSE
3.9e+14,"CLEAR LK A MOORING OA-04 NR CLEARLAKE OAKS CA",2025-05-28,11:43:10,"OAKS","OA-04",39.012694,-122.698986,19.295,288.5,724.2,7.36,FALSE,79.9,FALSE,7.82,1.6,2.84,20.77,9.449,FALSE
3.9e+14,"CLEAR LK A MOORING OA-04 NR CLEARLAKE OAKS CA",2025-05-28,11:38:44,"OAKS","OA-04",39.012694,-122.698986,19.358,288.7,724.2,7.84,FALSE,85.2,FALSE,7.77,1.61,2.66,20.53,10.053,FALSE
3.9e+14,"CLEAR LK A MOORING OA-04 NR CLEARLAKE OAKS CA",2025-05-28,11:42:44,"OAKS","OA-04",39.012694,-122.698986,19.115,289.2,724.1,6.5,FALSE,70.3,FALSE,7.64,2.02,2.83,21.19,10.45,FALSE
3.9e+14,"CLEAR LK A MOORING OA-04 NR CLEARLAKE OAKS CA",2025-05-28,11:39:09,"OAKS","OA-04",39.012694,-122.698986,19.242,288.5,724.2,7.79,FALSE,84.5,FALSE,7.78,1.69,2.82,20.89,11.069,FALSE
3.9e+14,"CLEAR LK A MOORING OA-04 NR CLEARLAKE OAKS CA",2025-05-28,11:42:25,"OAKS","OA-04",39.012694,-122.698986,19.071,289.6,724.1,6.31,FALSE,68.2,FALSE,7.59,2.11,2.56,21.21,11.444,FALSE
3.9e+14,"CLEAR LK A MOORING OA-04 NR CLEARLAKE OAKS CA",2025-05-28,11:40:09,"OAKS","OA-04",39.012694,-122.698986,19.07,289.5,724.2,6.54,FALSE,70.6,FALSE,7.6,2.06,2.47,21.2,12.016,FALSE
3.9e+14,"CLEAR LK A MOORING OA-04 NR CLEARLAKE OAKS CA",2025-05-28,11:41:49,"OAKS","OA-04",39.012694,-122.698986,19.037,290,724.2,5.82,FALSE,62.8,FALSE,7.52,2.54,2.71,19.34,12.464,TRUE
